y,Intercept,V1,V2,V3,V4,V5,V6,V7,V8,V9,V10,V11,V12,V13,V14,V15,V16,V17,V18,V19,V20,V21,V22,V23,V24,V25,V26,V27,V28,Amount
0,1,1.160274157537684,-0.707712074796998,0.6576075884680479,-1.058070732264704,-0.11589963768639075,0.0427067257693331,0.21727341128162184,-0.10776600997141254,0.10465981637314156,0.958834111957782,-0.15663487165157652,0.07813828768145069,-2.095333742621549,1.0432788062604421,0.34417212390698165,1.8448961030399857,0.40616523398825194,-0.15665408628280886,0.7477314192204568,-0.277108052848432,-0.12697778898420578,-0.5736216552990038,0.11342455295825582,-0.04827035538635989,0.14342017081186037,-1.2585499777287363,-0.23440533371385963,-0.0723940496167583,0.8251843615310093
0,1,-0.33498733398322,-0.9222848515431006,1.5076756622259844,-1.4425098039640782,-0.6007684322360795,1.5311757506540957,1.438375848544156,-0.11896315909691367,0.06650061618237586,0.33577441695900495,-0.28165664497484816,0.4002265288662189,-0.48298521576450565,0.36301486802773913,-1.442651107596864,1.3663246016957122,0.516763311023783,-0.32276568873046607,0.22309744413247806,-0.009637027053024893,-0.04091156553576907,0.28266405082626256,0.17867584114990243,-0.40193029431464894,0.5702456927010202,-0.7050816025508689,-0.026879616667288726,-0.17546616268856596,0.7166627169811626
0,1,-0.11669153494298208,-0.8119512083619399,0.6202715986848463,-2.9936451497855114,1.484355716809377,1.931178202189147,0.24201990787746713,0.003982890255515531,-0.6450082496162102,1.1159751333084083,-0.8501492010670951,-0.02715606345928275,0.3641622074940724,0.5011525793947336,0.15295597826193666,0.3620470089608414,0.321801263278391,0.599120935786008,-0.4185892117947038,-0.4381440071096833,-0.15348682457534274,-0.2682573218924398,-0.43151646524111686,2.2307559122475964,0.9448827014150114,-0.5120561766536212,-0.45501639628520824,-0.522839335332266,1.5719116466664305
0,1,-0.03183499178953745,-0.4302226299963745,1.2352188264458137,-0.5718696852024059,0.0472510181663863,1.356150769158689,0.2197005684058983,0.13738134882836603,1.0659485081564826,0.25340703034621853,-1.3505890742019682,0.981239854093877,-0.641535399525686,0.5215675940291076,-1.6581750459651703,0.4136557183132153,0.4169348629316505,0.6202573890676917,0.5375019844202472,-0.345742407338276,-0.015332758909006707,0.5845340268973184,-0.12501866699686817,-1.9408854979733092,-0.4087291227996235,1.4329255601937603,-0.28196029387181215,-0.19343058400879504,0.17981749006178183
0,1,-0.45049090666439395,-0.33100464875240315,0.34471950782373867,8.035252459216285e-4,-0.14273814128631934,0.3298667163597384,0.17165251732297193,0.1770809878910642,0.4556657945858521,0.4043593144617698,-1.5279399600389982,0.8485006400303031,-0.4194113928563535,1.3070794313054772,0.5082417494492906,0.012820650196308351,0.9898310789841547,0.010935591825568785,1.1194105620547814,-0.9718412067933125,-0.014763670724333329,0.5509537086098258,0.48616035859163387,0.4054372449585121,-1.9978635146462618,0.9685379994519987,-0.4357762357383541,-1.0682895604074627,0.25317831944896185
0,1,0.6363136547564383,-0.9336335097650351,1.0715393277916416,-0.47991138187542626,-0.21390679870915147,0.6028972817806297,0.23659623785262665,-0.0402442592343269,1.284579817592948,0.41705808815582074,-0.07500029348399079,1.0623413109464905,-1.6911484291305898,0.7464721461135164,-0.604183758386085,0.337392517653838,0.5284718182186035,0.021067049328880656,0.10127958161327767,-0.0101037787181907,-0.09369765189176757,-0.34444365878512284,-0.03030624031630249,0.6109687872289891,-0.30106769380250237,1.877691904281403,-0.2970596226619093,-3.9358983797840115e-4,-1.4464534221853866
0,1,0.23004280023529233,-1.2988179314421324,0.22689353581824107,-0.4456027396275766,-0.05315352732908272,0.32674492144247697,0.773095086664924,-0.15171823673630336,0.5591853005654402,0.4162820603915082,0.031239097986868598,1.1264539661560455,-0.9010162577275507,1.178452593416325,-0.1759879529774039,0.2673445094030132,0.4648607569613792,-0.010246208718155542,-0.025605132590115355,0.9000463221157154,0.042940210996573254,-0.24587731867192472,-0.5213138738351176,0.34885191487434175,0.20002045867238313,2.1350357928521793,-0.44466591592287125,0.11451273846077793,-0.024430930868883764
0,1,-0.642895573360269,0.36670849624063145,0.14578991819123457,-1.5487902722492395,-0.057425979011613414,0.11678448052783635,0.21896258223971796,0.30489918644461406,0.514967365592744,0.4786878762162568,-1.7335266777318816,1.2118734580230368,1.0070215512869527,1.2895399681453277,0.5750681373109249,0.9928873678659705,0.3900661334886362,-0.06781126645605752,-0.8789489144451842,-0.07139821381720524,-0.07006969260486724,-0.21511314256582895,0.07422136602411479,-1.11533346056599,-0.03536965824659549,1.727346632790091,-0.31872710173662894,0.29554877951813346,-1.3282342472000344
0,1,-0.18681083026717885,-0.6964820659778509,0.8591379637358153,-2.293401703020604,1.0621520570303071,0.35736587832145367,0.7235547736223082,-0.1785544476393817,-0.36172171456084873,0.5770896436238695,-0.5125608192501299,0.46177762982131254,1.3672157437600874,0.5219834402477486,-0.8862928174800968,1.719056007284285,0.15354307808140844,0.03284627452861024,0.331663887879852,0.4339345152319099,0.09200037610655497,0.9776973213083802,-0.49966222413877087,-0.38956362984917403,2.0164048981088354,0.23330466762737326,-0.48771615165609794,-0.5422210876330426,1.1185797146755971
0,1,1.7413992545073107,-0.6051137623547161,0.05139880651731262,-0.570841940007803,0.23497594134671382,0.2304906734267756,0.41864969139409375,-0.13859078898343385,1.0844980517858955,0.5400494751840755,-0.25649123827445514,1.660266192920409,-0.19495006916601446,0.8714148899687176,-1.0780174019958684,0.20735170024194668,0.3139289750775473,0.33278440254578145,0.33707227323852557,-0.4250119918119909,-0.02888622783553715,0.5315133646691614,0.0431409889611111,1.823885080663479,0.16965187029409629,0.3308926243006397,-0.2635349509219848,-0.2379659202384468,-0.7213435486457799
0,1,-0.27897786575072925,-0.7749435475851058,2.618647822976395,-0.3904597173884341,0.03763152299720062,1.1743183344110866,0.2136248201330133,0.005382058738873372,0.18809839354786612,0.6934238594226954,-0.6796298418707823,0.8955434112215441,-0.06956870932926917,0.3684653399281475,-1.3123541608381242,-0.32826711831164357,0.5026366128867149,2.2657701724653023,0.27491323862713934,-0.6809385021517892,-0.21166257369432792,-0.21396151844746786,0.2225135751866115,1.4310599548140213,0.5405813773759008,-1.0026710827013554,-0.07833756236237188,0.09395360097458062,0.2388456834141118
0,1,1.5939758595838673,-0.8321079934050938,0.39938723885639527,-0.8063370071373258,-0.1395342404771235,0.08484340013083913,0.26244176025291593,-0.1515501146394876,1.9132995076036863,0.3156152364196463,-1.2430049543340593,2.0946752677835025,1.363996646221394,0.38037248326748063,-0.5288607800841326,0.23940033781298015,0.39135749081075816,-0.13263187935669757,0.4244742097050042,-0.1513356513871684,-0.14972728881811903,-0.3045192728040695,0.2569231922244873,0.3344247220614155,-0.9196080164950691,0.8600113556681322,-0.2453497971052782,-0.15461849946174502,-0.3786189860511592
0,1,-0.3383058471968539,0.12524230483247092,0.8053513487256512,-0.09001736494947611,0.1350625755571826,0.5192879731765603,0.41826101748141264,0.05417925222677742,1.5693561566099645,0.5823355882626872,-0.8733981759007939,-0.42204813982516465,0.2526568761130137,2.3794554294638757,-0.38235205834564046,-0.016764466218227136,1.052260838193855,0.20852382716258241,0.37792834983735724,-0.13144918079305506,-0.1687294003744206,-0.14380622039946828,-0.048925103339786974,-0.5614007415663427,-0.1077448019518204,-0.6097999439432593,-0.14206817708755942,-0.17648225083811805,-0.6394610434577352
0,1,0.19308493354881354,-0.18838210121507307,0.4423074850857399,-0.7857882668002406,0.47494782679069614,-0.02164594964533074,0.8230733181386228,-0.14201154475084568,0.6821672864741927,0.4388134607690204,-1.6126768624905183,0.06513124952613307,-1.9841514070570654,1.2868441547344351,1.2850491283190912,0.16069483896260556,0.33175658102803945,0.7558357414711181,0.3067974803461237,-0.2648939944674378,0.04257467883059566,1.0068539331107946,-0.19452765213045028,1.566277116546603,-0.8005742455480123,-1.054880553387287,0.39445417640508057,0.6366348787538126,-0.46661186563231905
0,1,-0.971457869123047,-2.0548481933815177,-0.04850421751873013,-0.2832844163417538,0.3476768694019795,0.25403026480212215,0.8529707859036104,-0.024421710801737856,0.5084918781720331,0.18678429516455372,-1.9846066687876105,1.2406860195013825,1.8896818493627958,0.9328474791490905,0.6841759304809982,0.8108617670868143,0.26915207450692974,0.4896875541615836,0.4369465657134225,-0.7648552763295466,-0.12401517047934797,0.1038412068976787,0.12206757827206557,0.48363168194011374,0.2281486918144338,-0.5959012953574981,0.8767312408774028,-3.2380665555934245,-0.1673910175858267
0,1,0.9517677323477696,-0.9119008314718395,1.0144868603706085,-0.945463240926019,-0.2342829452466511,0.45464104145975415,0.12837452376427924,-0.1270536577630227,0.3066281302642839,0.7969041498805461,-1.50532768624595,0.695166038527779,1.865508017704765,0.4315318660041294,1.7093881411114789,0.21765108789049026,0.20198755772550492,1.9209476950768438,-0.9435097509351873,-0.3213395126896374,-0.12621044953214275,-0.10129817090691462,-0.1433062033199641,-0.5761274353375128,-0.01608391305395191,2.2648036730090406,-0.242102764728978,0.025246840620492074,0.5810150216942297
0,1,0.048666226511014085,-0.10686759649008637,0.43903071528866433,-0.8837391768198641,0.26259099826135507,-0.3057034613202494,0.7539085489451134,-0.075705649823583,0.36964062825047783,0.32560078834495787,-1.426951994993335,0.803142297670166,0.10471145808595488,0.9947004656357847,-0.47800822447537744,0.45612509247472166,0.33381320600007247,-0.12104081499410303,-0.20888437838762197,-0.3541611602772583,-0.15549249602433285,-0.5165688904068428,0.12031694560921985,0.16458806036825124,-0.8399623943794737,0.3350818155313037,-0.07833373331552212,0.011004516723138286,-1.561512760365165
0,1,1.5025637730037784,-0.8021519077327353,0.2728031213756707,-0.6565127195800584,0.288153868058795,1.5106041429713795,0.09248651871801236,0.05154634162793907,1.584128020254571,0.45739707409614694,-0.2099449020996197,1.448548614454347,-0.19605453875614973,0.7770597615630443,1.3883420909935722,0.3710075251319434,0.30113364591197267,0.16774811213961827,-0.8431382104463911,-0.4272206630230373,-0.006667996273828439,0.5953153207339626,0.21531427707035078,-1.5123057028617692,-0.8557489098400396,-1.656261776680531,-0.08663849919462488,-0.1686442085580801,-0.5218581383921455
0,1,1.0797621263151178,-0.44837538657362247,0.028442532359809376,-0.8537910467791511,1.370151786302568,2.05337384559768,0.2944879496007552,0.06732026589697428,0.444318078888721,0.4706541104412563,-0.5225866980277489,0.5959612447227153,0.10549968456863994,0.6642710889023518,1.5131324589747719,1.0483663769772786,0.2593245928560689,0.38652843257133723,0.02076131600002788,-0.16017321755640812,-0.20368110123900307,-0.9597704320299474,0.07792286966670153,2.110027390867569,0.48292833252850226,0.2700217636389906,-0.24635497837908926,-0.01969125936232543,0.577222926834183
0,1,0.8609808509640956,-0.44611589093405496,0.5405458383944814,-0.2421950660867547,0.25668541799892236,0.4027150993603701,0.5355172548956743,-0.10303651918325149,0.34678130353954684,0.5915292994602543,0.009182393494811007,1.0886289966875096,-0.7269202894612614,1.2847058006028766,0.5574750904257865,0.5355660188968749,0.2739331697332941,0.01344334903034168,-0.17240724205365934,-0.2806728063962233,-0.2195265496963511,-1.1037869185342695,0.13259367070992276,-0.6246675223713805,0.12106316622064099,-2.160813067548452,-0.21185287095637986,-0.024049710289868943,-0.6313579660929357
0,1,0.05234513658790574,-0.7394663689586438,1.7990133118564848,-2.055876401188684,-0.24421361067622918,0.8520894737383827,0.25072594161861694,-0.09133913544459563,-0.2879216053936282,0.8848206847007801,-1.723302534722603,0.04971378507020249,0.808928066357109,0.2572035849287036,0.21876140880657116,0.32026781699189133,0.5422808306110776,0.6433926539658842,0.008028604841358792,-0.44231746854195364,-0.14340505213526789,-0.10900221190804156,-0.12673019085692733,0.872534027465396,0.4377066875213128,-0.11181494233616347,-0.3093214396975255,-0.24527215608008263,1.4047382566633533
0,1,-0.03802865493586507,-0.09560702520277388,0.8383631255629104,-0.8094957914765369,0.5084074314178851,0.44517897477990453,0.6751725810490606,-0.07680434580978873,0.3495855229650343,0.5527200310957703,-0.48186124109222833,0.4591680512735049,-0.5177792371140488,0.616958627232061,0.4037906815963681,1.1998903592004453,0.21196522285653618,0.9635737257280534,0.42101711636362954,0.06457489478820926,-0.20230165485295645,-0.7741028620725189,-0.17074334704769598,-1.6084018133778066,-0.11303346914471396,0.34046143445370297,0.21074963274994518,0.2465951415143292,0.7983126674825047
0,1,1.0796062549851073,-0.7818322900815967,0.9705432020097576,-1.0701910691593697,-0.1435117412337212,0.565355346545299,0.08182675691033132,-0.06597482331446307,0.16862443465114202,0.9014560211215804,0.014147836586632073,0.5262234019831981,0.030220568516710823,0.632108868832536,0.7902983497017145,1.73010788394079,0.4013855425762604,-0.09966284889809823,0.10828759027111648,-0.12962963380644493,0.07933051416956986,1.0923703653014438,-0.12265184452027494,-0.3715599396935008,0.4618729726298478,-0.01741193723717935,-0.1647672101189719,-0.05763778847731859,0.2775456902150362
0,1,0.3393840394331178,0.20529940338772767,-0.036143788598533365,-0.01853980337478479,0.6718079547062074,-0.9584905425641163,1.1256364993206314,-0.3004448832083908,0.6928146316818267,0.6076174150977262,0.15591038110263963,0.554210861360572,0.757975007943733,-0.49089208045274396,1.1777431678933292,0.712255131687655,1.722680686846141,1.200357706735589,-0.7593365598395976,0.5464178085838479,-0.18392583956023878,-0.026825894959951635,0.07411152780104605,1.2916100507176353,-0.7361284169393998,-1.1912862835820581,0.08732781645953679,-0.6807247202804407,1.313289033051074
0,1,1.6860930858540921,-0.4592787316072049,-0.09512638105939392,-0.3761460297863629,0.30668360057446997,-0.48817858603050746,0.6171799091055435,-0.22969089227635595,0.6446179841223451,0.4069586175724543,-0.7481896072109648,0.8626026698046628,0.9762547609364908,0.28440173782000905,0.7617447341383078,0.7593189644790405,0.5594957547173043,0.4645279155636929,-0.5585793732342321,-0.18060200169700663,-0.0029624699068717835,0.5378543269372261,-0.05884371578875563,0.026789539750421056,0.011648252550204087,1.4109281884032034,-0.3004875145278165,-0.144525164985947,-0.6228551853603658
0,1,0.9409736611536194,-0.5256276583032198,0.8803618687643031,-0.11547449330858339,0.28720037755142674,1.3446412019377814,0.2665183701124753,-0.020035743891956722,1.0990422649594438,0.44883082587822565,-0.888690189335983,2.5998178395642193,1.1776282633968918,0.34829844709514257,-2.189201666432915,0.1278857854419941,0.3945050984979003,-0.050755672372571066,0.6630108623138754,-0.30330867389636323,-0.2421950269002773,-0.6520425326681859,-0.10661748954875414,-1.9923008333664225,0.9016681780238827,-1.0952057738197414,-0.1077035145545681,-0.06371624387015248,1.4636109290689514
0,1,1.6427567401927299,-0.940277550208214,-0.28364623967938307,-0.9618688467688781,0.17932340859891072,-0.7189001551098104,0.7470489242070906,-0.2757046693746448,0.03951616333168264,0.9766462338468631,-1.3340800078133674,-0.018054972495832846,-1.4774917553964375,1.2436777170304727,-0.34968919676313265,0.5070776235664595,0.660445301313757,-0.5132904219857015,0.4091759663103741,0.06406727869112916,0.1308822053992643,1.1547104816899656,-0.36329688657528303,0.07874478332468224,0.9294892670616743,0.6577256937457657,-0.379713426976031,-0.23359885182038131,-0.15491445864422315
0,1,-0.09665122745921172,-0.136895570510785,1.1365217409194992,-0.7437615926273512,0.4386909682241901,0.5202857371218123,0.7165060167913277,-0.09329498940565745,1.7669990758029397,0.32166671343580217,-0.19816230650974875,-0.1551432398706038,0.7154170835710408,1.6439053891014757,-2.8617623029526027,0.11154699360843547,0.6609489007636249,0.20193433301547858,0.40936704861056084,-0.16199618198214769,-0.2657148818754158,-0.662859907857525,-0.17698202849681838,-0.7018098536096022,-0.204648567797199,0.2165908413950701,0.30771067032079064,0.494159160198101,-0.1875244395871189
0,1,0.3523722772746822,-0.5725486777318219,-0.21046267460881538,-1.9871393774276989,2.072910456859176,1.8475216638774468,0.546548098169456,0.004148619550430676,-0.41116516069762876,0.8635515041173768,-0.615529647433002,0.1338592403307303,-0.0502385756708007,1.1125710172887722,0.42249202637990635,0.37720796692830644,0.6029745756938395,-0.4716585603922856,1.0278471714750204,0.1159979836674969,0.12347630151376125,1.3351681082577884,-0.019805635311763364,1.7141468904018913,-1.3268703162771587,0.1396790934211538,0.0762467091749982,0.5526708956169258,-0.380941625984603
0,1,0.7267786006736372,-1.0546934305018327,0.6573660271987609,-1.1902872192272622,-0.1321312561251912,0.6741432178399347,0.25042546400888116,-0.07878437241994868,2.504257808436257,0.08559479757874161,-1.8478183974375153,1.0097649633142918,-0.5407424147986309,0.478019571609115,0.12387833433795803,-0.07314362555782712,0.5870011552559405,0.11699147964575544,0.7419713688326268,0.07395836487678,-0.04730294601594553,0.23394987414112917,-0.3673824825272585,-1.045400408478527,0.8495944866813274,0.5376546554510314,-0.1817540079119668,0.020566604812228044,0.8749394367510664
0,1,1.204150838992156,-0.7521237022496604,-0.025984753971878903,-1.5415109010537178,1.0529103185543898,2.0611879236944746,0.20609790826710983,0.04094751387293874,-6.317242712298921e-5,0.8687561934353802,-0.9505485620132905,0.5045727380594975,0.24999791149439854,0.8096374133747178,0.11235855385577888,-0.19576916030921832,0.34757282266476197,1.1208906071614166,-0.20838497588822266,-0.6134553095882682,-0.2631477610032777,-0.8370475379968056,-0.053074007701177955,2.3616679647571486,0.8560965181392542,2.1885299959570568,-0.29832436692605885,-0.09766191335882478,-0.6538169349612556
0,1,1.6779270134480682,-1.0993695305829048,0.004609254296214112,-1.3989369429726226,0.639910610530609,2.4750333288136246,-0.07881917316839981,0.14370734172305746,0.583594434525001,0.9191710168104648,-0.8169014317768071,0.6750609007701125,0.5033937993485494,0.5862918291566481,1.2130534168924136,0.011261051378941466,0.2643635362047837,1.3547267363979547,-1.2603305771168691,-0.61174622736016,-0.18006278035927617,-0.4088779754839204,0.3481001107330489,1.5232644598983307,-1.1842255751514097,1.0822154295459752,-0.1965250936514353,-0.14629820446825123,1.594241256990272
0,1,1.8563832333862653,-0.699555241768344,-0.08972408697404996,-0.8847764626544891,0.3120224232799224,0.24872073870729094,0.4557428492486354,-0.17865111788618687,0.05967996917295327,0.9684008847946123,-0.380974181567076,1.5941962197982453,1.1075328714058483,0.9160808641015747,-0.8616563358298936,-0.28359857489683854,0.2736434845607993,1.3930726513172982,-0.24328196651456127,-0.7589291932326432,-0.23153581991225133,-0.5714818413342722,0.13278763529579896,0.5999422885669203,0.05206187717205162,-0.9952680097718923,-0.23548973237414747,-0.21301333710783527,-0.7267213757757814
0,1,0.9901536355374161,-0.3958257732066217,0.5551659109797912,-0.39170883692092817,0.16200887738092082,0.08527609113783247,0.4593216525227476,-0.1325523698576194,0.39600219006499143,0.5107668144136414,0.02802430711307491,1.1334951393771828,-0.020461285803307062,0.6992973845395823,0.4670009603520084,1.0258131016635406,0.29793510818446184,0.5188962882160842,0.05171124699431224,-0.2512992477554927,-0.16945863106768336,-0.6968758960147867,0.05108455142231292,0.013790193234174143,0.22628906336250018,0.23915989084647526,-0.2584056346355412,-0.030442952077958267,-0.2155283842665079
0,1,-0.09180327240998824,-3.016097795325182,-0.17980309337276515,-0.3333242194300294,-0.27363443879862376,1.4400900185528933,0.7001164015666406,-0.101961895999096,1.2867680297098707,0.4789923028262018,0.05528904149757387,-0.2363191546751339,0.8668034029092838,2.3961444256311464,-0.6560335933558755,-0.270750549711349,0.9013919435678108,0.7062996409798623,-1.698263016127236,1.9225476008392977,-0.08649887837942005,-1.8454663067885106,-0.5785867229319116,-2.545051935410645,-2.3179461158300323,0.1944599633989632,-0.5201351514902117,0.3255476579571951,1.3951933402409968
0,1,1.7569349595179244,-0.4876485775579132,0.14727779683128808,-0.38516652055099754,0.19272574722723596,-0.1348074613952453,0.4487350875178241,-0.1817442280362102,1.6978800763358983,0.5113983171778806,0.25364578345517014,-0.09316659189291943,1.0605702491710924,2.4609127783952442,-1.2912771369511786,0.4777888188942204,0.49888271952381164,0.23930209220997212,0.04293328153196787,-0.5413322551739115,-0.22134413477395504,-0.6946492087730488,0.3288814808039133,0.09429658668513563,-0.718346944517083,0.3265295436341812,-0.3415841175796746,-0.2694962338028644,1.3682853095226946
0,1,-0.01830660690737454,-0.914488349952967,0.3701055872499365,-2.38272794800011,-0.02122829160305488,0.43817557470614527,0.3720200583916061,-0.04369870280876251,-0.4773701714092858,0.6852303142260165,-2.156975284177543,0.2726281740235139,1.6367534826225414,0.4559872887359238,-0.8542344873261005,0.4709076180312841,0.4174453325748418,0.38393566367651577,-0.8744700609322558,-0.21681497627545035,-0.07415778137183078,-0.0975756449438459,0.29403897163447007,0.09157035952603944,0.09358961958541032,-0.6786088068859087,-0.42798807998907773,-0.4870141787545768,-1.4779660357004039
0,1,0.7303579873866783,-0.8839477985698961,0.8732448749412728,-0.8964371100172018,-0.2480651124776533,-0.04046414348062161,0.32242256423882426,-0.13105420459301087,1.9707472382338622,0.174082542784977,-1.0423608628829646,0.7470849657513774,-0.9694979840780131,0.7702288351340749,1.6774343668399219,0.24701155816956055,0.37790591297216536,0.5499136477059056,0.27989877810637,0.017256395157210495,-0.03768922998460809,0.04410532497782334,-0.19036038226063975,0.8655187871154633,0.5322500180726432,-1.7697688629999548,-0.15847212290360885,0.08556878618583205,-0.4435671496468667
0,1,-0.08251491491179824,-0.0547817029550003,1.0441479928971906,-0.7936091949197426,1.0508292020321688,0.2537109000724852,1.226519321129649,-0.23850864265038124,0.05119122802215989,0.3970816089557615,-1.8520954033507444,0.5856276454237199,1.3661656130716366,0.6503932755301536,0.12654166694939084,0.5411787512409514,0.08708334426473334,0.2766515509893781,-0.259412809182445,-0.1567903665594307,-0.09825380706314563,-0.05144342331668696,-0.6374176755664072,-1.4990328033599405,1.6164980307028949,-0.7887817310517871,-0.5281285010392507,-0.5342707751128505,1.7293889597007934
0,1,1.5961588838795935,-0.5890519212964325,-0.02697048963067076,-0.392505518572486,0.2419829907359931,-0.33614579714381154,0.6915677077185501,-0.22097999617043476,0.8808720440319603,0.5062833007774605,-1.1411802293007427,1.0039105016522978,0.06799417512231168,1.0193186663765168,0.0954500324373529,0.15174107280718402,0.34602224823019456,-0.11548263465928948,-0.06545617086549696,-0.25755073945744883,-0.09884679590023557,-0.21409705071000265,0.06901660572854447,0.023616854443340208,-0.03079198691280184,-1.035267142051583,-0.26810733581491264,-0.17841865456002337,0.7979885443879123
0,1,-0.45582126421622715,-0.7710209458321325,1.8838916979328355,-1.188859270449903,0.33109272933525685,1.0137338225017585,0.18737417244887744,0.1719309081547609,0.6488014333939495,0.07103521545086461,-0.6717255944847993,0.6528811079093493,-0.8123137513185347,0.8155421959786028,1.5699685647776427,0.1559218368625746,0.808795464365332,-0.6022829717588616,-2.0234403339459486,-0.10012853123408194,0.06049866047080923,0.5864444038289107,0.002845515458775454,-1.379106686321112,-0.3789051470509534,2.882671709783015,-0.35060288236277143,-0.5120260628787673,1.0866848393943127
0,1,-0.10158305288332177,-0.27769575218673376,1.7374570254179909,-0.5759752335303299,0.6084919937091007,1.3906541155596626,0.5107472121127933,0.030542023794108496,1.1267098730298428,0.1982166555968932,0.5029712201592152,-0.11531859708055978,0.6058033601995334,2.163015078241152,-0.7104314730292054,-0.1953928968592504,1.192782289622231,-0.5045461605176441,-1.0724316621008603,-0.473200037348707,-0.12060197681892901,0.05201994467630826,-0.01534669984192319,-1.6325465930912502,-0.8149834628547828,0.6770306027599649,-0.09725903786822943,0.11456924322164708,0.2249025764794892
0,1,-0.35594799542322236,-0.6167963032796571,2.5347782857846366,-1.8665527200509766,-0.26205379890635044,0.6321176034011908,0.19461413643988976,0.11739908466796091,2.4514571430085987,-0.1601435582199447,-1.8213136002088741,1.1766737632672595,-0.9720530940340608,0.3396915044212228,-1.1409883908525447,-0.012895239951248392,0.6864994083358728,0.14892463195115854,-0.14949403382377904,-0.16888980413870738,-0.006145785365455216,0.7617534462041856,-0.2360632702102308,0.3844729665584509,0.9124622781780178,0.4039882609870869,0.047203551151325504,-0.013706469811955415,1.4159386717616755
0,1,1.31858704708187,-0.8806379375759431,0.3620334782345735,-1.6896018327650315,0.02446540882596323,0.602875942773846,0.15202725697697214,-0.1365105979322431,-0.4969456754958885,1.3855586779697076,-0.7262043925888243,0.41534230069815514,1.5986297985344795,0.5457265178582462,-0.13186343318695185,0.6102083000311405,0.28182317120333855,1.0164481622200767,0.4393928986966688,-0.40935891583456324,-0.172500077832807,-0.3421668314663868,-0.2036453328119964,-2.093280075150847,0.8846707924946693,-0.2665524755039686,-0.18976635145187484,-0.08527706698279468,-1.1972550872486598
0,1,1.115834720198233,-0.649679951662734,0.7774918418504208,-0.8570233189409212,-0.1816415597056962,-0.33561491387083164,0.3220085957851809,-0.18823464783072613,0.02655837421985863,0.8609434192832872,-0.7147783045543198,0.6585668527888824,0.5583405650992861,0.7531106084947273,0.9640777562917681,-0.14469299398136862,0.4251073684170864,0.8546998169640663,-0.9306293959152192,-0.7206589881754718,-0.23471450692265117,-0.6533528526984503,0.12430169313661049,1.644539723777892,0.045702465242705305,1.8759186022446241,-0.2850003420530855,-0.040433498299765246,-0.23831292969621162
0,1,0.9437866648229036,-1.1047640777965817,0.4865274694525905,-1.2227333447365019,-0.27225976264201174,-0.06342308530635755,0.26647320222423143,-0.1717562455542695,-0.46549059469493576,1.3310529849476795,-0.059310416331821374,0.44236006282998186,-0.22129712471342575,0.7214192878398012,-1.0204585565145026,0.04936915759197623,0.685751481922735,0.4146503092588977,0.05412037985677016,-0.24712828453010188,-0.09442020658958149,-0.0818931481601732,-0.20518745439722083,1.1875571298861007,0.7690822269072985,-0.23929830891993897,-0.246730201383384,-0.006607654395964251,1.2636400609068248
0,1,-0.034790720876715274,-0.4243448503027588,1.7472265795736688,-1.7886789894422188,0.28602839828328985,0.33337059146327225,0.694757582420997,-0.1730178188770873,-0.17490739968408048,0.5513108948907901,-1.0420656700492448,0.12251991533845828,0.3600803428020898,0.47067239035646574,0.4569286263381097,1.253366986494865,0.4077131328261624,-0.5072216143605727,-0.2386684267542076,0.026582700862297297,-0.021351768994446702,0.37223968684791753,-0.3497328192889967,-0.6941601076460435,0.699176767927342,-0.6065820951464131,-0.3739008147719197,-0.509389996505115,0.10373577084017922
0,1,-0.0838601422691491,-0.09630910180011219,1.0999480721984245,-0.7038488176272457,0.34740410202855654,0.5122516106615301,0.5513705018776478,-0.2397089404093464,0.2546433823576779,0.44367778951367165,0.00956011040312874,0.6977884598693186,-0.8604585942846945,0.7219049795520023,0.5939003606742956,0.7372286936359455,0.41857502714178274,0.37456985697058026,-0.16766519593741747,-0.33999937416930204,0.11724844308770123,-0.7387715491505866,0.06967446549926005,-0.6062530072740048,-0.4842630620365704,0.2781919502515476,0.1412406864200313,0.13011298060531112,1.6788940698836632
0,1,0.00720160761480557,-0.4062403597561937,1.1415011247245692,-1.5997939047356744,0.16932174984514506,-0.053813823922392146,0.6228285979386075,-0.15551282347176626,-0.17643289982516938,0.33629490085732044,-0.9301856918195395,0.21955496795175264,1.1105248076038388,0.08499491802002118,0.21390551503353025,2.3062158822378795,0.578708561953129,-0.11427440211326736,-0.3212543117681069,0.1261154629799548,-0.03153793187168482,0.060860204065622106,-0.10068461038882077,-0.31689051423420544,0.32881098031279365,-1.0064187817310815,-0.22438191189770076,0.01296416443294954,0.6231553843915633
0,1,1.0727618679018716,-0.4747243825318143,0.7345766655387551,-0.4920454999658585,0.09465838093022,0.17584956379817787,0.3802110614411727,-0.18000709569853915,1.9673591369042396,0.2883670990750463,-0.6356015959235412,-0.10652534165940195,2.6282658826615837,1.4307339388890845,-1.0864537145008581,0.27792614990444625,0.667777607172765,0.042544127892283366,0.23901995936941892,-0.27061282249280333,-0.18370261768040405,-0.27359886245463716,-0.11903542422989077,0.0014300717520450072,0.7266153988030468,2.1802584885861473,-0.3224082463469993,-0.10334072190959188,-0.531715550174759
0,1,0.2579999690272242,-0.728700559793015,1.978930868310276,-1.4385759071851734,-0.238261375454613,0.5836141793741325,0.13365746066705217,-0.04928768175536087,0.8444187714523356,0.48026244392701123,-1.9406007392636602,0.26921837133895454,-0.045503474642987964,0.16181543396951387,-1.1208189876132604,1.3188864034528778,0.513508468579451,-0.18102284003999233,0.16187282522932206,-0.19491367519497593,0.07650816355481589,1.3636991026044265,-0.08028580539746619,0.027014816486443112,-1.009831072672523,-0.19894566138295167,-0.040717951234316846,0.07434938800655672,0.20189710409741776
0,1,1.032536375130894,-0.5899273963923092,0.7200629651439763,-0.3840559814025238,-0.026539254375033898,0.230273585801784,0.32230246688887365,-0.13453681303979295,-0.009253882242871042,0.9459637619745407,-0.9522946919892422,0.4385255140528842,-0.09923394722436006,0.8902034210465147,1.2998727730400297,-0.22664126761431125,0.43118396024683686,0.979531217213327,-1.6141994538564481,-0.8556311385126874,-0.18531561063124596,-0.3418640933822088,0.012983010784081374,0.14510896040971613,0.5361964093629782,-0.709532007849174,-0.15313354089383208,-0.00818753121298771,-0.28333697050865947
0,1,-0.1445771560903664,0.03713284766298594,1.085503159282214,-0.5074066770126814,0.2307453739753109,0.1598344912502187,0.6016588698612656,-0.05689722012542969,0.8859283341369236,0.18869337317595788,-0.08776932877244024,-0.11193645221619043,3.020444587553155,1.5061687856020358,0.2432330563165981,0.5163760244043548,0.8540621956406874,0.02569639874716632,-0.7222956719170539,-0.20926838895598907,-0.1931538491760846,-0.5933122570923406,0.07326954831092763,0.07983604460314904,-0.43724079796751314,0.13223676870141582,-0.23381856653666383,-0.02572768981751334,-0.14394514476581205
0,1,0.9084905350129228,-0.8347884813982769,1.7870735497028434,-0.15095470921834622,-0.3269981972188507,0.8469272372304736,0.035339916149870386,-0.031252619851126116,0.8751996281790544,0.7213107991642832,-1.5507147600595,1.0228776493894616,-0.22591322745261386,0.2764094453599073,-1.472472945085043,-0.48210065347227304,0.8099261573007439,0.635334508301752,-1.0453189034967383,-0.8996203986147804,-0.24035535141106437,-0.295565481035185,0.05503886511547881,0.8554803625221875,0.37333344184562633,-0.6315566760836503,-0.05142530139992015,0.03187065086092229,0.5072472216053199
0,1,0.8310856770946157,-0.8712942552790954,0.5360950825542192,-0.9025792588198006,-0.13680144756742912,-0.12058966457811614,0.4002789726109736,-0.17972386604981072,-0.14664281889606953,0.8925831382574418,0.19163914833871706,0.8979099582652704,0.6351189719000527,0.7729962908160009,-0.12901872090395966,1.3477793498897108,0.4384745467806612,-0.24960701253774456,0.42546218683257553,0.331568605067403,0.06500859667884308,0.5554296959163525,-0.25597252933238746,1.3336061459293145,0.7366360021533037,-0.3820111510528799,-0.26901135309613405,0.010226839923533107,0.3135248071815384
0,1,1.5861765932030982,-0.4643225743819893,-0.1319731275704453,-0.09490884147285764,0.45392375399558826,-0.4674489007644406,0.9129194612794316,-0.25788205471782005,0.3704534272784594,0.6902226295805902,-1.154665184755673,0.831085585368381,0.29904250038521846,1.2427869945342682,0.14333966750024507,0.2272065031049039,0.26535050358001344,0.02696137316933058,-0.4811572112640673,-0.2290478996177085,-0.00701072599736773,0.3490091540667726,-0.1280316937902804,0.0772545705428508,0.6141200706931081,-1.231806631336686,-0.2814246132762066,-0.18517037171651596,0.8411870309097438
0,1,-0.11567495597472487,-0.7351160389356091,1.5388798016574756,-1.306322648477463,-0.1242757517021905,0.9215902137833005,0.03315042019853833,0.11618288239157909,2.2297474735992657,0.02408974253812664,-1.2927453881870565,1.6760413993934558,-0.23422769510689123,0.4123690132348907,-1.2374870355190435,0.0543862216686653,0.5177752714030643,1.3724146343459354,1.928346956121315,-0.09428510637895093,0.030598836793253443,1.0447724879419196,-0.18922703748093614,-1.1239212600213793,-1.000993056158933,0.5608932302705003,-0.013648384033568531,0.0749318511724967,0.27516200467633295
0,1,-0.5211185581574406,-1.262033067098908,0.5172277697785687,-1.3603264984889818,0.6334319739445374,-0.442134905687317,0.16985215219647584,-0.038953739660670304,-0.18235740159882707,0.6572905114923429,-0.5094491979234009,0.2892710495635224,-0.5067753473931936,1.028073785213344,-0.5301578312503015,2.1470454349572687,0.30689816785273827,0.027948418825070556,0.3312108845252117,-0.4504835391085274,0.04719079429423542,0.46597084351085205,-0.8549179467804188,-0.6153027171177985,-0.7296486226397885,-0.8408945085116403,0.1506846072321944,-1.4570880343114596,1.0475865826924098
0,1,0.9638935865783499,-0.40835275301922513,1.0800971223206575,0.20405429355251686,0.2113203767813158,1.103308698338462,0.24306432317507612,-0.03669739080204419,0.4315431135294395,0.8567359661861936,-0.8774148231178802,1.0407890291060982,0.5430089811410371,0.5531893316770687,-0.9407755624287689,1.4128961024302897,0.09223383022850357,0.81129056385647,-0.17248541303741063,-0.30018486916431014,-0.11998761658931124,-0.203946955386379,-0.13512811794483906,-1.536166760091945,0.6232694717396373,0.06750600480719006,-0.17517626774545458,-0.04669220368999693,0.6027646987681062
0,1,1.5179815167151405,-0.6873482268058061,0.11053866157275948,-0.42061557596676225,0.18540898596737018,0.3548695844240595,0.4181749855949183,-0.12822599072143326,0.7763730696131027,0.6357572581931095,-0.11661152364101543,1.6312954425272619,0.2739361749139036,0.8992686108762067,-0.40660083343808,0.5928467302668732,0.22205688846646865,0.2953847073293532,-0.08682788933479164,-0.15265625547073508,-0.045671502961591275,0.0659778479922016,0.13976743306136705,1.6215244325783917,-0.5306842713195087,0.38797023185048785,-0.29438439718231085,-0.17264928472901894,0.9642578780464321
0,1,1.0547042691241761,-0.678395624405897,0.25240025787951204,-1.587672134190398,0.9183796786665492,2.1967783414258495,0.08535505679984824,0.08508517033498353,2.877081915769851,0.10138792533211219,-0.20067660290675254,-0.14516190307441654,1.7828932818614158,1.795718854526782,0.7717128273293802,0.35227049667117827,0.4341158179098899,0.9869077970448202,0.46601614462556556,-0.21193095107592597,-0.15285521254154827,-0.2591175396921224,-0.07696451838575502,2.1373509224741247,0.9293400310511457,-1.8333837085143125,-0.14053836149321908,-0.017894463871727103,-1.4771491873633602
0,1,1.5056401224310492,-0.43650380331089694,0.5859720910059671,0.6533392323689438,0.10075632646976357,0.5900373433550148,0.3117504687516404,-0.10784798760152038,0.328495409620443,1.2402473378224095,-1.7586265503024772,0.5443190421582391,0.40975366663563934,0.5701821138285514,-0.6311996537250856,1.4157614328948036,0.14345702725466236,0.3387513343820722,-1.7825936498420156,-0.37993383149858156,0.016804830750722345,0.6748318131557802,0.07756274620866285,0.04162247802754458,-0.41790162448928975,0.20838323497478098,-0.21167076396273418,-0.13554287999388828,-1.1368402865768645
0,1,0.996045162077483,-0.8308539850879573,0.1942804477516858,-0.8765809106540907,0.8206704227301136,2.3789785068482945,0.0858715992368965,0.10156955836471433,0.16762765605403546,0.890675948744901,-1.0963479533406717,0.5370942282697587,0.39352553254187933,0.6619780720140314,0.5224070731671243,-0.07324576265479281,0.24107411423632472,2.0206755076024696,-0.8158277729266293,-0.506903695277226,-0.16963155171763913,-0.3593531453816892,-0.14960453933627987,2.208927320722849,0.9703207181157089,-0.49757953785112874,-0.14119905344581263,0.020795758196099166,-0.5368739038191848
0,1,-0.09122240458679326,-0.3157756443583437,2.0974976701856898,-1.902632763224172,0.20261931885053971,0.2639927891221284,0.661066499802752,-0.141300651520454,1.5408132649786836,0.08453062075128144,-1.6388787806952514,0.6388095061072526,0.003607601609283314,0.4526705191880267,0.8532290465436484,0.361972045402186,0.18568217009746604,0.655998014866923,0.14857180358228228,-0.06527001144946595,-0.1196665588190183,0.06440947150528821,-0.4656797115274346,-0.7016573682486261,0.9628902690810015,-1.8960563287604522,0.008804326557833357,-0.31093279528445117,-0.5765797096400986
0,1,-0.5191424993715302,-0.44793032039589203,2.5886375943018467,-0.2306102273988561,0.3628741318166134,0.7485834131863898,0.5482487276787343,-0.4850162332654975,1.3974223275693978,1.5309438806202738,-0.11666271089828838,0.35354518794256584,-1.3123805944770195,0.291487732412634,0.8703971677252504,0.3184829639695962,0.1942818164877517,1.0253710459474916,0.9777336229278999,-0.8311181215522069,0.12298697140907813,0.062815982797825,-0.13097687417348236,0.03233080748732335,-0.006809387565859932,-1.016365690750171,-1.9073449411998062,-0.3951177740032055,1.6215213752072983
0,1,1.7236345382803349,-0.6170638547124401,0.3541282083646839,-0.4004952556754783,-0.013758440614200706,0.10878317152842226,0.27597276654081404,-0.14722983247165655,1.4843783062483957,0.48420860740267757,-1.3853492854139444,1.1977022547872864,0.7662944398282341,0.5701895021927345,0.4362888936543651,0.49416480644937316,0.23643296652090734,0.39604440131783353,-0.2868474467879737,-0.4034372080445869,-0.007143929537716517,0.7396657953503178,0.07647048979882867,-0.033697274594383,-0.2131139023741266,-0.4802665639032122,-0.16810364576944034,-0.1687979779987253,0.21364256924269936
0,1,0.9124217991322189,-0.12257744457850743,-0.0676934919044302,0.028486090296112394,0.566500239313744,-0.7338420828205271,0.8337055469591265,-0.2138859011729025,0.26925129224536415,0.055641917217628886,-0.2021502619135564,0.2548776347655806,-0.45637056777967183,-0.2918121517581497,1.2871286670666797,1.282650220906055,1.725277686178717,1.4888743941109828,-0.9026453330801023,-0.10888287919316661,-0.14000571991170502,-0.507860017482042,-0.25165161168776334,0.1964212519748996,1.239766035043888,-0.7141477978322615,-0.1925688085174578,0.18989143597274688,-0.9946476303260406
0,1,-0.20397178954753648,-0.03658840290755523,0.7103636524891631,-0.4365946784755239,0.15011978412765278,0.46570325361775444,0.3650872922068109,0.10088157856291145,0.10485950374168902,0.34029912671796736,-1.6420069421180121,0.3737350215078884,-0.40315370299190467,1.4327798725145173,2.0408927003664408,0.46841536282456436,0.5152381332478226,0.13947328380357862,0.6587651474328876,-0.4451586566088513,-0.10592630084340057,-0.4857054917896003,0.08124973968680994,-1.2322808784174843,-0.9795646984518516,0.5575729735795778,-0.4937313094457381,-0.14422568588511508,0.3240697087567169
0,1,1.7875394317719033,-0.5936712466524322,0.19007562801952316,-0.5688290864547424,0.1882620040122378,0.3133754247866549,0.3452102005042462,-0.1564175879381469,1.0954813923567377,0.5373279197621187,-1.8059093999270506,1.227498044244471,1.6883855381330508,0.544491066830266,0.4637862365969036,0.91149242659075,0.14383876235913992,0.07839587604235516,0.15891544581417014,-0.2420977534249554,-0.18964966390784285,-0.6462128470523294,0.25597359797340874,-1.5111299715578441,-0.8493022217906258,0.6528338556518478,-0.26236929323756764,-0.19796692171178526,0.2519545004101885
0,1,-0.28989414794578283,-0.21748587332874358,1.2728798974956859,-1.071896872267723,0.08718396868741542,0.13362587793988867,0.4108762424031084,0.00810187916209203,0.5060066058272373,0.3946076309453095,-0.296246883510449,0.8788602102250732,-0.5246486980205604,0.93491123765540185,-0.1995900418170044,1.038609493827421,0.19424916490287242,0.8803678043556551,-0.3145292580066492,-0.4044996425722893,0.02700480344329628,0.7003219795045488,-0.012935829782013129,0.3008889716222931,-0.3162802829765649,1.3507655677232369,-0.2973861753519892,0.21534502551220647,-0.986546006428033
0,1,0.007722884958755788,-0.10699414126467063,0.39871606318019814,-0.7435708516232736,0.5248849043960875,-0.3409680847576336,1.0081257514433337,-0.18253856324311168,0.31356294795185713,0.35154828277046735,-1.275924479910995,1.1115798766597542,0.8737299118373003,0.9173848720109126,-0.3519809870347944,0.04681764435131644,0.36035624284126233,-0.019193719308062948,0.30674609492667065,-0.3750485093018474,-0.057974154894423584,0.29775805919698434,-0.013681043026880557,0.2389661699763451,-0.9638990763233272,-1.1839250472238891,-0.4423073966306151,-0.27962636971783034,1.2575355003808772
0,1,-0.47940520530447034,-0.8215254892601793,0.1885935739821591,-2.669025216095273,0.9814124975118665,1.9199905431422364,0.0977919712494823,0.32604570473380107,1.252986341492637,-0.0856220375201474,-1.1416787565854902,1.1332435637585203,0.19927903147322076,0.9524332289692932,0.805668817755274,0.7276170172745672,0.23204307857037218,0.9242080547045073,0.1858856169871113,-0.5032140516948829,0.014652118319183439,0.47868631872342093,0.33627301351017264,2.4060216348943215,-0.0811298195240444,-0.2435089122125192,-0.2183736204436808,-1.0990965805166353,-0.0137508568820592
0,1,0.8976610277438883,-0.5002633782357423,1.369841358215966,0.09686166969147239,-0.003391490770630959,0.7780938820197362,0.24187194737213283,-0.071360180631585,2.5612832825945295,0.28463092260186545,-0.7713105570406392,-0.1332904109313877,0.8966670032666397,1.2658648033084838,-2.1437897290597205,-0.08491148928752872,1.0604298784737245,-0.26416838819073774,-0.14769777100159753,-0.5435695244795661,-0.29305966938373906,-0.8054730685462569,0.09089258940761047,0.1048463723304772,0.509123379056621,-1.3677802097519827,-0.14748640955580286,-0.028813480629545068,-0.9490480166640034
0,1,1.2027280129035385,-0.6236186848179648,0.7048498411668773,-0.9420836100580612,-0.006285737429218568,0.1684670080850979,0.22444370544358386,-0.1792190801080576,0.8704026506652696,0.652911881063154,-0.5761042340425122,-0.442660159811279,2.595270217847557,1.4772109633458008,0.11994803641398501,1.692011823037598,0.6218529449526625,-0.18298364278606108,0.35562935707478005,-0.08059484779806145,-0.10915952809177326,-0.09938734689167583,-0.09000584181961731,-0.7451609764064798,0.6419557800528827,-0.641873071993745,-0.23283552837105698,-0.05634132896966358,1.0684699935583184
0,1,-0.05039855094362325,-1.9867029452374336,0.254776456209005,-0.3351302240626946,-0.364217393932439,0.07765820251592034,0.9119149591335797,-0.24017885759665683,-0.11043281136419011,0.6550199040235165,-0.8135735423505412,0.9063039066300134,1.3777481747338833,0.8431691568188747,1.0772347709929786,-0.052136353933122916,0.3589979119345481,0.9336822249342195,-1.1554457079064737,1.4883641927764473,-0.11299019530303149,-1.670953026194093,-0.5511852492465844,0.9007077464254615,-0.6743972089639697,0.007332345150781637,-0.44193867853002433,0.4183727494568595,-0.840671718793346
0,1,0.7827306705425862,-0.6103137820892569,0.5606876459688366,-0.31525467165137033,0.04883119127772639,0.08982829776281007,0.5165830975449812,-0.13552494424862008,0.6417615090500735,0.5085311358646566,-0.8115441592838585,0.3556049632347496,-1.3809935849872372,1.160308164679012,1.622202020961936,0.44273949494103865,0.408641872714937,-0.14259495298273628,-0.5711185667661178,-0.1429630014694156,-0.11637541081335545,-0.5823529599940223,-0.00539562043815971,0.17660895184044653,0.10398198695861298,0.4512187097717982,-0.28559606126568216,0.0029284819358957387,1.498188904048069
0,1,0.13581632690043605,-0.30414488409414503,-0.06195818461396309,-1.567739337091462,1.873475969879776,2.130389233271615,0.6090008193247891,0.0920567701840932,0.5968697763223945,0.5471848886021428,-0.7848901023550334,0.6823978125529785,-0.3181642485725935,0.8677695374346714,-0.3014813755489146,0.26890488774064125,0.27827957264588343,-0.2080234773729322,-0.3324642535683245,-0.04811473249977811,-0.16157723253578402,-0.4458083659584316,0.17224820312722267,1.5412556370595227,-1.045317059394962,0.43671161469630176,0.27817015749926505,0.34212801694512274,-0.5423432993570756
0,1,1.2856933538789728,-1.653341076459624,0.3396762736880594,-1.3837679808679988,-0.4201292148015298,0.5334361425526727,0.013254009392696959,-0.13034865895710346,0.05322689541394075,1.245475500884901,-1.2202468923617742,0.3635997308977207,1.8352827830587717,0.3229826463169085,1.2461286912904739,0.7032987033759971,0.3776347053012189,0.832184868493023,-0.9259667476940925,0.2712767771108608,0.03883438391747396,0.5027957779721439,-0.02361431710064124,1.3782452632453892,-1.1265407191885766,-0.4145348002248723,-0.21224521386783204,0.03379905080959944,1.5051175802450198
0,1,0.3869670557651397,-0.7658170734283627,0.31057243218985636,-0.04048327142096783,0.1935980760447711,0.6143762391988983,0.6088088622649587,-0.08534598178873315,0.3327802921887832,0.35827091572607217,0.32097244489348353,1.064539029150432,-0.5098167859298939,0.4853341287695855,1.1767976791477042,0.652391932686079,0.7224885432551136,0.3384391540980415,-1.1917251782977167,0.41651247779600253,-0.010517759366672323,-0.25824899029913906,-0.2725655217874222,-0.629591082548309,0.1594984948110663,-1.0891509098737993,-0.2268845245945868,0.17047078487429027,-0.6562703869059697
0,1,-0.441434871480476,0.09031595521854127,0.9047515683375624,-1.0258543626206305,-0.03663464306681414,-0.07108880691000415,0.4791003770816272,0.038687113667479615,0.6596798576079306,0.6601086693347138,-0.16073558101908647,1.0551763899751425,-1.1349441738587047,1.0253996663888678,-0.9083064393382241,0.6036777336545193,0.34060541934488425,0.2505082369136758,-0.18248217688824664,-0.15839782968508623,-0.11543023244546709,-0.3311319730389003,0.022579472205469426,1.1613383168092433,-0.4705921889498653,0.4886581731575708,-0.5845121539404725,-0.21755783271256637,-0.3770434280487479
0,1,1.748718512573678,-0.4719715255862349,-0.05902604124816514,-0.459160459016249,0.3663705611657,0.0602331790902862,0.4644226730844368,-0.12864222336242137,0.7455629135553208,0.48375306728406253,-0.03631534817512335,0.7936909918384352,-1.2353036697579345,0.5373868072446029,-0.3691904542206632,0.7547553230173589,0.5554670876743992,0.4054808957184776,0.050979274233893104,-0.46374474901597684,-0.19087557554843648,-0.7491633084299235,0.33970709830804735,1.2700005308409088,-0.6931281738843772,0.36161146114124976,-0.3032639228123786,-0.18219370036302723,-0.44074887753738734
0,1,-1.1039728618520126,-0.25220137024629136,-0.3479475232925454,-0.6147693997268301,1.2993902122380403,0.21876394966581425,2.937883089904496,-0.7645431681633769,6.170686941207632,10.2541310045632,0.4042306560873083,0.2710594678052227,-0.37006817200413206,-0.3447310195061944,1.0278250249827892,-0.19194061217990954,-0.1405382547105991,-0.013463518297143632,0.2157322104995404,1.1895849420064402,-0.9024649971187221,0.6131332812877187,-0.576237923262519,0.5718777011370071,0.8645741494111082,-1.8921853045186898,-0.4007764919452341,6.437502681758767,0.7490517709716906
0,1,-0.6618048173594974,-1.9587780994432697,0.7073289572418585,-1.0331877879713978,3.9384600543177424,1.10907617671927,-0.19884357766699406,0.16249267481391114,-0.29263489967086737,0.7535931422273834,-1.0869847983012333,0.4025637330404225,0.345552004213639,0.9195243196976798,0.5516302717907144,-0.014405960203408138,0.16340855850395294,2.083476006489004,-1.3565894953858892,0.4323499962851725,-0.07180807756287899,-0.6892071422717921,0.33038034017354795,2.087577199060791,1.3744732050994388,-0.8377918710645023,-0.30550061178698873,0.25456143569321965,0.8458642870460532
0,1,1.0391604703572737,-0.30832372146092285,0.33677456707659853,-0.18861781221814586,0.4534207157385861,0.1788701463751018,0.6669909216571699,-0.1717915016498727,0.2942872897611019,0.5759629725399821,-0.9949733640139681,0.7756698949605852,0.38413369129780234,1.0463368255466425,1.0116138559915593,0.256871140584174,0.3313382595292353,-0.11564984516641971,-0.5529372573965332,-0.376921067433319,-0.07630293607764414,0.061659639088313935,-0.1738401385732521,-0.6281638515727227,1.2891147657364506,-0.5107564872770335,-0.21167017104874997,-0.07089054718092655,-0.8100907774919319
0,1,-0.09227232903602306,-0.3956260754964171,1.8313540559014894,-0.9088097248338128,0.03706515865665906,0.8986576490491112,0.4832227638075628,-0.05956520609596829,0.7903484023320596,0.34451680161914233,-0.1882248610452851,1.6764963534456483,0.42427417461908457,0.4344814750526045,-0.958149518099448,0.31361025665713643,0.4118655482165533,0.039073033939424476,0.4224603893583817,-0.3096413003249087,-0.1103725509740973,-0.06659829840983433,-0.09417255022907696,-0.2805112752430514,-0.6882518520077285,1.8469493759865652,-0.4566867713591094,-0.10545413159045071,-0.26795347798327135
0,1,-0.07033575032918553,-0.29080874678551544,2.0977125467859365,-0.5046108844444364,0.21814087210858069,0.08537887083049775,1.0342197752341755,-0.234045531409666,0.8551444853537862,0.42194122931062467,-1.1966000114825355,0.38500578763805926,-1.312413732609922,0.47742651964511756,-0.9845831768131895,0.21463094321406373,0.30044779750796025,0.06507064167734541,-0.8257398970193032,-0.3720790313484213,-0.09812743242486571,0.2100324937657388,-0.2423236264429119,1.5515311614727465,-0.09007942507883147,-1.5446482474594927,-0.5633849104809107,-0.8874875847423462,1.2762808615959118
0,1,1.0221549957148146,-0.6176251088656156,1.0130198507907697,-0.9848954386719583,-0.17435237220749716,-0.08530683640767997,0.2663217045759506,-0.13067675265356735,1.882032568139055,0.19359378543151776,-0.9453885967678268,1.04638517531269,-0.3045810831748115,0.681509063354712,1.5268938117221094,0.21180402513382177,0.36706677759174977,0.432911847318265,0.33561572744611723,-0.362867692170884,-0.08191543893052736,0.13734162589689516,-0.04078300151125784,0.8918980570181821,0.6797785771816605,-1.759999706803312,-0.11234349087673075,0.007847787528010559,-0.8490785707176509
0,1,0.24491991766484694,-0.3841075881077167,0.5763711139190304,-1.8705310019443997,0.4457503808933817,-0.3370485364004302,0.7938934843557734,-0.25975567551091455,0.6656573491182883,0.5939088731900976,-0.34373257901740184,-0.45271612586108356,2.2433042309313618,1.4497556275760977,-1.2833231642795302,1.0762422563451362,0.583808343244769,-0.30462218208571334,-0.7505132559968463,-0.023381539377347313,0.05954879834100504,1.455989837319398,-0.0787387516637762,2.592195173485239,-1.2856289737118962,-0.8074011983565685,0.10286738755381486,0.13961245944417972,1.0154664200583816
0,1,0.8660999786449463,-1.7113336166543438,-0.4877906735429161,-2.1308584354014513,0.15625174070811257,-0.32713252035323315,1.0848796983105042,-0.2915133455974891,0.49851608839574557,0.3948000131989804,-0.2898842258714834,1.5180135385451816,0.3081701063648621,1.5338642712979411,-0.05151854489930801,-0.6207012294475646,0.4174263912816662,1.9637537969542285,0.437850195816232,0.6085410008686024,0.05727915787474095,0.26420715453052024,-0.7314696525156628,0.8298087252002542,1.0435028648908018,-1.1677027451318687,-0.38028604361582036,-0.012965833264586455,1.5028632532507946
0,1,0.0840191190774707,-0.12682782863322214,1.1751038086082617,-0.48754309100171817,0.5933111205970986,0.23462998962231357,0.9721077501338422,-0.22312319320019594,0.23610919439813083,0.5080577447469361,-1.3687811637571081,0.679556482253562,1.2514790320097342,0.6032133286568836,0.7406999850014013,0.47571114690284727,0.15676157208388083,0.35163059153834214,-0.058221145594035906,-0.1365532681381833,-0.06850721408321908,0.20623397714073505,-0.3327901116622692,-0.6628763133119523,0.4486581141423287,-0.8777345153718229,-0.49527118695660144,-0.607861513655355,1.5633812500648148
0,1,-0.006099073012245706,-0.16616961469253638,1.531214842996001,-0.07542196313421516,0.18674428099043966,0.3141983333919244,0.6686843935215839,-0.08267151173286022,0.4663356781145333,0.5352550130031715,-1.061398912944828,0.24539204222884828,-2.032616260314585,0.9703809145801121,0.40048970535386097,-0.11354470962444298,0.7372304519658102,-0.049477661785060835,0.37995063900734505,-0.18934731596687435,-0.08852087291715204,0.1314035855718365,-0.09548694859465426,0.8115894186790649,-0.4279124097349288,-0.5534599974335267,0.3078713735805843,0.42683849144004854,-1.5615897941051355
0,1,0.06473449206056976,-0.3963372017608098,1.5605470060549143,-1.3510789424084457,0.02870234348651265,-0.07287539963698354,0.711953492387717,-0.19230327184050228,-0.27042314185424693,0.8871751376367593,0.026876869571543383,0.4564524723033502,-0.9280925961832849,0.9078835707227194,0.033565229361474,-0.1218628146692756,0.34071477810878376,1.1201557091198018,-0.21563476198320028,-0.6957449765949968,-0.376424609149218,-1.510516367953906,0.2093100761125926,0.9851197409090318,-1.262825052318953,0.8937528305660397,-0.5647084922864807,-0.5525973893789083,-0.16637795123187785
0,1,0.8666823527484062,-1.153614813831483,0.8963989953065884,-1.2322770396455234,-0.3564064364863485,0.16509721604119937,0.1489021175630321,-0.15873762493187418,-0.3773476451988884,1.1892395075925517,-0.49254924296749564,0.5306653553855314,1.723453508216618,0.4405640734314061,1.096950959865952,0.1492475962685916,0.6770766234734323,0.06776123441417263,-1.030288433237271,-0.0813137975691591,-0.033016695931853815,0.3329851589611776,-0.11690609985889994,0.9581645289736148,0.18545667053398016,-0.2594148384470313,-0.1749079465208603,0.07882214575329163,0.9876790419309847
0,1,1.0455026902194142,-0.4088290716016205,0.4275810457556683,-0.4142792123864731,0.27968018080829526,0.33369611424683604,0.4311361043825716,-0.1122807162445967,0.668333035711799,0.44567917919990163,-1.2091680986170492,0.2637780672380225,-0.929233083312366,0.7014400286710434,1.8505016862122134,0.7811068548276269,0.4218547207115996,0.08577336035442437,-0.3298403205277069,-0.39310450567524574,-0.19921529179013892,-0.8297457242395517,0.055610463079596544,-1.3090087714179846,0.2199813151649207,0.4234733038209217,-0.24014915224924374,-0.03875314206374061,0.5642013178456198
0,1,1.1443397452387412,-0.742881264414517,1.21864078960182,-0.9993442534009082,-0.22565760309161714,0.29600575822020425,0.07898990393396242,-0.12823316880768604,0.3019414044955289,0.8011306134857404,-1.0013540894841686,0.5446710931925457,1.8631600157672616,0.3334510591625272,1.3989503734963464,2.0684134450944063,0.313524701683602,-0.08490736562827882,0.10832559093143321,0.026648302706688002,0.07329419401234219,1.128135247684831,-0.15758909890526757,0.02921949293969674,0.5716316167173942,-0.016975297127767453,-0.14365235389698394,-0.0011223735168922526,-0.05622406347473592
0,1,1.522671082905011,-0.6162397384000138,-0.421847302450176,-0.5127303757235587,1.9169950622121052,2.005730783675355,0.6125648450808613,0.0029377370855634584,0.3073787290189173,0.6967180761660765,-0.5972388257931585,0.7321255113682208,-0.18688413388840344,1.4647900334592838,0.6631333600443123,0.1931739775441811,0.25280583964249986,-0.02513946361087978,-0.6202121440803274,-0.11098607090778814,-0.0025158999659963743,0.20929322138317374,-0.10080064806860847,1.5618351002619884,0.6305035967542839,-1.1841796988713937,-0.26675834886033994,-0.19145255089668758,-0.5763340737522689
0,1,-0.7008125763271048,-1.523698913870782,0.7974214369768791,-0.13174736421283306,0.7809714532247313,1.1577593103824348,0.3955203255823561,0.1622484783745719,-0.2255830684023309,0.5541431560110482,-0.356171774217824,0.8139698283402733,0.5216159465373259,0.9307592181787888,-0.12881387861082588,1.430509652512199,0.29663705754902564,-0.09786039118671971,-1.9967119369754611,1.3302025610097463,0.16519148174150639,0.3819678986445713,0.7188525441848086,-2.330900833027339,-0.9456380020455921,4.1040600435102546,-0.19672238161021785,-0.7169406134939442,-0.15332145904030933
0,1,-0.38516876689626084,-0.38613802900320054,1.3040435406709168,-1.0377960891250209,0.7878104500990866,0.2557207340419398,0.919418052070408,-0.3637194928505127,1.3921366949096579,0.9419555383652277,-1.6242712628621718,0.6168380716660711,0.7849249338859624,0.1594138032109587,-0.5539591923235295,0.37500972350435824,0.12518491855081187,-0.07880999062346192,0.1529702531609467,-0.7831703254438117,-0.23590468168854914,-0.3995943005390057,-0.1443330396228864,-0.8509218079972546,-0.8627367136894719,0.192627326938092,-1.660177464684879,-0.8788786272330793,0.5387453004524179
0,1,1.1129973863029057,-0.8260379639288193,0.7916059442023075,-1.0176438687833405,-0.17595919196724416,0.26544931433096336,0.13001099834422622,-0.11845850877703892,0.38478113500552,0.8391138938108672,-1.5899789518032004,-0.03234385956628858,-0.5509581720275408,0.5884217994890208,1.5140882599390695,2.0578563456990078,0.34881768393537016,0.014689016092857976,0.3148019295560522,-0.04595593055566762,0.04577297918703157,0.6986616132913237,-0.2216287844048705,-0.67203241783398,0.6761661803922092,0.024265939909158915,-0.1960666037081546,-0.022580439228467638,1.3571895440333888
0,1,-0.13860544462191776,-0.15732887882033664,2.064981088548717,-0.07433467076964839,0.5357853744241149,0.7242366106995546,0.7326577710656511,-0.05402977576539977,-0.1198760832840377,0.5179593892879603,-0.13342192666794095,1.652538504959535,0.6258932977751832,0.6254819703113106,-1.780300271726421,0.6655404515300862,0.2398463140325928,-0.09350136753584476,-1.3641517024201588,-0.32366540886518147,-0.10578575746447669,-0.2245746131555568,-0.028419212938384567,0.08528530538411222,-0.4469364363080587,-0.9057125495932209,-0.0985472191001761,0.22400902027755926,-0.10289052176202199
0,1,-0.4420931425741355,-0.9545719121002868,2.11548479471507,-1.0839222208824206,-0.08652698798278387,1.0676430301278228,0.22608894934233736,0.1254114634958213,1.5376550635788473,-0.02587214208614596,-2.923569061958754,0.6173320628101274,-0.4530867784853374,0.28484419114917486,-1.5991283739829438,0.596674601740723,0.4531312735808,0.3924984574732546,0.04388823815280457,0.3210347977232832,0.00774915198511907,0.2326062146725732,0.03386529564177517,0.8168249725573146,0.6200246806852522,2.721532396789802,-0.41546038151033327,-0.3722942839471647,-0.019342343630468786
0,1,0.8555822977159964,-0.528077137975121,1.24348574845071,-0.14604162845142835,0.038162455032393135,0.9722865489984529,0.1885478888625654,-0.0032756047015837916,0.8201599895179232,0.5609442378383916,0.058144665038803126,1.4427919222385466,-0.4030024843572238,0.768381220473548,0.44813227450660664,0.385617565448323,0.38006517387540273,0.17564113600592485,-0.9573164874940154,-0.45164829765332665,0.004643858426305527,0.7460400480653164,-0.04006497155331245,-0.3877507295890057,0.3915421683754022,-0.4580705141483942,-0.10786012148041094,-0.03502806244103865,-1.1273011840216753
0,1,0.012620068111432518,-0.1639502671558006,1.2579548287917925,-0.7757483772294806,0.3723648478861223,0.3536919061955029,0.6863991238798983,-0.08539555856171951,0.22622920460157306,0.508502105033862,-0.36391380454135774,0.5739179161313357,-0.6408689679731084,1.0007564534627422,0.286976701732117,0.9273689652276885,0.1556034401510501,0.6514432760484594,0.3860886467298393,-0.1066817032778502,-0.1652411497747885,-0.6088722771283392,-0.13271852667390047,-0.8320978095911382,-0.3424454356325856,0.2635317660797744,0.09339016234880028,0.1713603392417852,-1.5476234317018422
0,1,-0.15555685739681518,-2.4924740001223653,5.845246033788513e-5,-0.4918203719390147,-0.3778279142484054,0.29752811623707415,0.9329412377447793,-0.19785063259136151,0.06783305490534278,0.6682276991093837,-0.30223964860503766,0.11507904920361924,-2.01892374228831,1.1765199518452472,-0.5527375662359315,1.2973069031525135,0.5550156439659739,-0.04041943290229787,0.5806156356271155,2.247161399794134,0.2300943151017991,-0.25453065316940776,-1.0851443547907385,0.18902060117347697,0.35371444011128494,-0.41269268849599694,-0.5018053224047481,0.39749390654991307,0.45085271007989863
0,1,2.09951179401457,-1.0089722235418093,0.12321751404597443,-1.545068477103551,-0.12854737591950716,0.11100261919366945,0.11894855020342095,-0.18727308551211966,-0.1187642554199166,1.352514039634177,-1.8383299680177796,0.359930033672103,1.712636148213472,0.3911764778003451,-0.23025058039352367,0.25699191086799866,0.45446222107468537,0.3169891391375192,-0.053594248860381014,-0.5896533457141906,-0.14757780423917066,-0.005904215759797077,0.12525621828278766,-1.0991229131478693,-0.305942853132652,-0.3060778142519168,-0.19004366926938288,-0.20517661431498702,0.6055102975379908
0,1,0.9636053920625787,-0.6961676520941601,0.7987256931831356,-0.364382878457013,-0.02932136670816172,0.6119103679233457,0.25805105816679014,-0.10798684626283635,0.16253929070534506,0.8656572595060861,-1.4378979264983396,0.6489806416128288,0.6307138825658103,0.6086846858714327,0.5018130934455676,-0.23720865636346639,0.42170834574732674,1.014011521923707,-1.2860636695560934,-0.6939743665177885,-0.2051345269773631,-0.42355941121256446,-0.06917245685282061,-0.7063006655472405,0.5721552383278748,-0.6667278195145321,-0.12989320432874396,0.012525383912122429,-1.062956209144603
0,1,0.9631198911160204,-0.250840424262925,0.9314543358964407,0.2616188264259548,0.17611661502388962,0.11202967144419661,0.5394959532660112,-0.16060794216031785,0.04271792611029005,0.8518437776497766,-0.8448297526025851,0.8626624396168073,0.8839646575988334,0.8034986452353087,0.4975359900598171,0.986180516581217,0.20737936680597188,-0.049156478301593635,-0.9681929415569446,-0.30329744505880096,-0.1640457001014712,-0.6396634110366498,0.1110481455138386,0.7695460408564075,0.3206264767038648,-0.6326509220786516,-0.22445415843174274,-9.563501611827386e-4,-1.5128841219088245
0,1,-0.017897209620563823,-0.770046903190358,1.115338190090502,-0.9740665370771179,0.49285910155139473,0.2053109012341036,0.22266209031439338,-0.04592439122211574,2.1458040925192496,0.2660287150951051,-0.03138557060211195,-0.28092400871859213,0.4506817023252178,1.8939461486026208,-1.4069155851341113,1.30546894991552,0.2602613442484755,1.207355272780419,-1.0794433739441234,-0.2808994761661812,0.004460327216418195,0.49516935699065073,0.5879661549466629,1.4917372432281932,-3.3202604711220873,-0.006743895726110846,0.06693956848892467,0.7768812108835076,1.5579510981303049
0,1,0.11866399523076004,-0.29604353896988383,1.0574266547920512,-0.45635625346969505,0.4252244760929408,0.0677214177844056,0.9244111240834613,-0.1895948476465826,0.6288658204770224,0.4468389945383842,-1.7041331837279512,0.2700511047291002,-1.0250363015568609,0.7532359684358196,-0.20315653365088215,0.4433676443269177,0.195499691823068,0.41458811571142573,-0.6431154033122048,-0.30571803715577794,-0.023369191273593312,0.4938297780630381,-0.007933683322922281,-0.05301791505714788,-1.2364230421689464,-2.152219538525797,-0.13527482668854873,-0.04252539518528331,0.09785649766697503
0,1,-0.04923538143161057,-0.0613599047143407,1.2145335427977673,-0.6047611381538208,0.1973067719517115,-0.20118373648542176,0.7458541042568485,-0.13155497163230195,0.44052244911819255,0.48415261506808943,-0.8209712230022674,0.3376872336333846,-0.6306493176377757,0.5590282024007468,1.1281899339687884,0.7092745866813195,0.42245422526107856,0.23808007285986094,-0.22903421864921172,0.013768077511548309,-0.1888624345395846,-0.6709840269528046,-0.007850115583360864,0.7008927961263935,-0.3353581595562157,0.19985760801708566,0.21307406179760682,0.3095884478593902,-1.1079192043517914
0,1,-0.7845563245777374,-0.47983288758818177,0.011528419199961804,0.054701936802081255,0.005587608329018778,0.4930678702170055,0.24901817712832935,0.33981693296920534,0.033322189297117326,0.4622115882257785,-0.18458062047229526,1.8131674262246296,-0.2593244400120063,2.104251532166748,0.10360770973768169,0.13774615709175778,0.8758775041906272,0.06526931028360615,0.2739228510859103,-0.8010116415367461,0.004887684642249021,0.6282893906673429,0.38101771742012847,-0.3089413792331308,-0.7595451831558191,-0.5178539105951,0.022556786272690678,-1.6228522180558431,-1.7535607810446867
0,1,-0.19845003795360502,0.06185683739409548,0.11408968718193858,-1.198467141891707,0.5906077708124517,-0.19758948290233502,0.8965348779610413,-0.11988373678966162,0.8487751185118633,0.4971683603820776,-1.3215107140332203,0.44397964625900793,-0.4252981271002939,0.30425055265815426,-0.6457476145550025,0.7735003642839717,0.4666606371905955,0.14609298389366826,-0.8508472752080389,-0.10556789090548865,-0.18280732385122553,-0.5413597004375555,0.20329546897197853,1.1852506826627962,-1.8068940774948405,-0.33781963301991164,-0.12246122233650879,0.3729074967703191,-0.283799172948481
0,1,0.05470914283134352,-0.18628081827517137,0.3434843501997563,-1.2166468785059634,1.630071574269908,2.0959240547398106,0.5163530229623656,0.09985901744094129,0.21126833163722966,0.38886599145948264,-0.6077668669420725,0.42372551696712646,0.01360717728767912,0.5942125564776156,1.2529675536518523,0.9635021604123257,0.2628427108238357,0.5036116614189978,0.10983228342035019,0.0605285856907827,-0.194305585419233,-0.8499951177897301,-0.056130001818329035,2.085065561503682,-0.1283349917335716,0.21947500742150627,0.08189579399667733,0.14813292544185636,-0.17877892990030292
0,1,-0.012503160918083612,-0.11427566109608248,0.988960647741726,-0.7039030537393322,0.500550544751818,0.399316434261717,0.7135628808040235,-0.104359629137679,0.35836849088541284,0.3931138942167304,-1.1738024061622758,0.37473698122062377,0.04129499514781885,0.5187387487042822,1.4467598633715382,0.6622591569798396,0.40411135427397354,0.09973542554154827,-0.23752510517881087,-0.1155291321374734,-0.17940964747462768,-0.6501837714594124,-0.0643441030144109,-1.283920367452021,-0.3355318997261515,0.3404395695876349,-0.070117871287556,0.12371214317726835,1.2058415004604357
0,1,-0.1296940608906913,-0.08879189197908147,0.3398094199428765,-1.0711303261276888,0.47599943528356087,0.04546445520642125,0.7821968769717674,-0.08793660494892575,0.5111210147085703,0.711455548918542,-0.36983647171072165,1.4768659117770162,0.5748597600368078,0.8129283621548954,-1.0700707597974384,0.5878210822894149,0.17604916745294424,0.16657983150053596,0.15412166734918797,0.007386635663384773,-0.197275099545913,-0.4717363121898826,0.11012579572883013,-0.7636992837033798,-0.6061239832286281,0.3305102323877755,0.02056101169294554,-0.31466141677526477,0.1309243206493168
0,1,-1.216586087173633,1.1358910737912822,-0.4109233008924243,-1.7601533720691365,-0.32867412963851256,-0.43368638462415504,0.4561673286371449,0.18912161257628388,4.8084748005975415,6.731664444186809,-0.14731146956068716,0.7731551752730259,-1.939788953914729,0.39067064974560933,-0.5158174211262536,0.2897477033199,0.24646043489494512,0.02649790512147829,-0.57911997839545315,2.6062442994402057,-0.5467295785831517,-0.769441391585805,0.19538523146160797,-0.042032738102395065,0.5904849539406481,-0.28583240444008895,-0.902050178333005,-4.8004802485951625,1.666546869486538
0,1,-0.36182473455036684,-0.762104600825885,1.6927836517283614,-0.26094051952614905,0.4123677674233496,0.6930966637309135,0.363474531744303,-0.11958065483560408,0.6883179768801497,0.49549144156734787,-1.709645134389505,0.6361538230270735,1.6140203120871621,0.4629920631321525,3.080651725467013,0.20815199818733388,0.4058700134651852,0.874843931959504,2.2582795294525377,-0.36240489088294414,-0.14140450126154697,0.33422382135801165,0.6536848578008037,-1.5375427884079815,0.5265704610471316,1.238088735189211,-0.014057824395765304,-0.20814933577628286,-1.737036317087663
0,1,1.6674402930137597,-0.6631267189970498,0.32060976732601215,-0.4774519216729387,0.05192124101342504,0.5333955099792473,0.20855872780446458,-0.07708368642597441,1.3455654405394972,0.5520376822459714,-0.21304106750436708,1.54559591790482,-0.08701680635282376,0.742310382571469,-0.15540523748120116,0.5936828290033176,0.20681021733416016,0.7743331541949013,-0.1393858609803269,-0.42377263522721137,0.012347332104571234,0.7879077868373426,0.13341581538281713,1.5950814844764367,-0.33037786543832665,-0.6182229193854005,-0.1802922508583227,-0.17756077989353017,-1.1266660190336184
0,1,1.4049525947426245,-0.7948000827295807,0.8276869008605575,0.0319961188310905,-0.23662497581703748,0.5415789506769025,0.11658064234953361,-0.03284375452186924,1.7280788056055196,0.6128391686687875,-0.3186280447447838,1.195960730954254,-1.7121822191649372,0.6402693768991488,-1.232278372368591,0.48285871600109115,0.3440567052020302,0.6001981929876299,-0.36545242300857306,-0.4810377718260076,-0.04050715503501004,0.3482761418610258,0.22960015042872925,0.9594678809015388,-0.7893696836502792,-1.899833228709549,-0.12774216264784277,-0.12164328984742159,0.8050611137972602
0,1,0.8252125504110767,-0.4733259312083276,1.7815318833807416,0.4464060108418714,-0.12442160392135507,0.6698647495307256,0.2625277269916293,-0.0744375964448651,0.8904721004256547,0.6524884608360351,-1.4956955304008732,1.4398086959798813,0.3503106442953508,0.2897770467782173,-2.1048653612853245,0.25755829298904337,0.5339760652924443,-0.2220220092920089,-0.416673714624997,-0.3295181699757032,-0.17425953814739448,-0.3500620897504449,0.03219442677928226,1.6215898967566145,0.49212906779660054,-0.1774949086918385,-0.15098760938901473,0.02558022636889153,0.4802476224791285
0,1,1.694757926302132,-0.6131302424832131,-0.06705024420358567,-0.4431983390168669,0.30450373132580105,-0.01878665987335084,0.536193348958653,-0.1791603003986447,0.8529939487946281,0.6427416671263345,-1.5622881806550497,0.2685873572683118,-1.0717088663267635,1.1697186450064967,0.903712364809979,0.5693190517139475,0.23977553929952575,0.33220313075948965,-0.3127345861084394,-0.318590696418616,0.005640764644962545,0.43188475717574343,-0.029101069086574574,1.105105735758396,0.05709436644867565,1.02234737298189,-0.3306115762598914,-0.20564503736381895,0.8615617283984901
0,1,1.4500476797805963,-0.6211332781884233,-0.10213202355376073,-0.35769689419126593,0.22488131236794745,-0.29126330262362626,0.6083747963960033,-0.20003582000384454,1.1397910579551314,0.21853893581542144,-0.8733002548594061,0.9504463002883171,0.280084055959865,0.10977275824319466,-0.11988801630516255,0.432861332677967,0.8998086987617856,0.2745981290163118,-0.12436849468799534,-0.025697132359694164,-0.13302706957158342,-0.45481377046802074,0.026371511274976826,-0.2567063650910649,-0.3032367284554509,-0.21331920307763877,-0.25526780598534987,-0.056655517256212,-0.44446393865746425
0,1,1.77172679505871,-0.5821547058750521,0.25518216037476876,-0.5361590540668808,0.12369460947673126,0.26814642908470776,0.31254027944370083,-0.13849335206381572,1.1062227113693377,0.5434385899287647,-1.2237907248773057,1.172405713285681,1.0145403968693003,0.6077357642014128,0.5112265332880404,0.7562853279212391,0.22142369303009177,-0.015254973755579777,-0.08674844773339443,-0.31790563143578837,-0.17755176643280401,-0.5972625579466868,0.41153845436718384,1.2852761232365686,-1.0064566158832178,0.47898565946234667,-0.2671216953530324,-0.16992375627301312,-0.4675871418496789
0,1,1.8008081331206387,-0.6360398914288304,0.2161944323601259,-0.49107266449209214,0.12873422637161985,0.45757028860959104,0.247669820979503,-0.1187181424140423,1.6164241081906379,0.49051578235832877,-2.2352692152047324,0.6726538262263189,0.2553718772756265,0.6070862942323438,0.6524372597529959,0.6531279905356305,0.17625391784479036,0.612283224005446,-0.04873849821072492,-0.44883555110296824,-0.031177736604364587,0.5583247021869526,-0.005522337815069455,-1.6026306391305574,-0.07565584429566527,-0.32173437262820614,-0.16859559903884588,-0.20070587713298166,0.4166119393964998
0,1,0.16064864394247477,-0.15932319641033876,0.4643506283766239,-1.0095544906503091,0.6086310804545174,-0.015142379945539085,0.9247542218243202,-0.1823885421354282,0.4668535486788624,0.4339247894130665,-1.7427790691895404,0.8232419688173724,0.9575073786059395,0.6673943526577564,-0.4648425465396822,0.47588963343878926,0.20334462239498258,-0.07921077829776343,0.02048339651553862,-0.1772001070577532,-0.1796976141385245,-0.5624926339144533,-0.03171861145436927,-0.9975139211355164,-0.7173992890099659,0.3908007866098243,-0.08398721408665727,0.15367174781490991,-0.844328641241747
0,1,0.5706094872134706,-1.255955531095441,-0.3471930210125363,0.05262455500454587,0.31642501617719976,-0.2206307866849719,1.439652251885714,-0.2782717488945979,0.14080736330259752,0.6493772712101828,-0.11329525335163279,1.4132231767189143,-0.09159473237241664,1.6655319861859186,-0.9294430627512292,0.10711256948645724,0.2969416341207805,0.3039597084892596,-0.4205641878779326,1.0478968595105536,0.2054138117214691,0.7654510395408138,-0.7621970483455576,0.30049230324960763,0.8061437219997019,-0.6912684957378993,-0.434004852728285,0.011442028044996987,-1.5865123891857127
0,1,-0.23561307413674398,-0.7378480750743859,1.150364801064425,-2.2193797040386345,-0.10610805721121264,0.22623988263972883,0.19401267445234457,0.03323603718019195,-0.5913825958702811,0.9602687706550923,-0.6713205849790449,0.01623816793892374,-0.8823074354601383,0.8610202358536844,-0.42280687169118336,0.8651943402826572,0.36922698728241676,1.1126141935165201,-0.3226021397129832,-0.32496556391203035,-0.16366991760714486,-0.6737114842729938,0.06910434073534087,-0.9564277478544535,-0.2842867346241077,-1.2730398113459076,0.024297356560504933,-0.013987925226394452,-1.6360567117209455
0,1,-0.07870081253014076,-0.0696543403604363,0.12668415120956641,-1.3515101028065695,0.8985572338724687,-0.37271745736048617,1.3744848107331828,-0.26491739343752624,0.44775897781475815,0.8420920284812843,-0.22714921692904833,1.0190318002866052,0.01806153438007797,1.0065789659232804,-0.8197342677922063,0.17330840273389325,0.1512030618853599,0.35035641937354356,0.0676356567243049,0.03283726927183095,-0.018623754010649883,0.8885395875868259,-0.2551448766912392,-0.40240699364647425,-0.44126989235871855,0.1568343920389696,0.18806753565320788,0.35384827335186575,-1.2022186763429719
0,1,-0.49504994940372393,-1.2074456495033983,1.6342756905539562,-0.05415475747247708,0.9706699361573057,-0.128952635995863,0.4354304830005568,-0.1385797042457517,0.185725012510094,0.7919196347759022,0.258770561646695,0.9681635136151115,-0.10163425606212993,0.9058175924018268,1.793634310326755,0.14651174922207738,0.45903116494905977,0.22646894146456828,1.2463419103437154,-0.36952868562653324,-0.1685900411164163,0.04425484004470418,2.0901102888868714,0.447073167133179,-0.6508085504472061,0.7206800116462648,-0.04794456184738871,-0.8468736119228227,-1.3309754855695433
0,1,0.10112036712631728,-0.48342424825734437,0.4747544611552562,-1.8020116853540837,0.5400377501950464,-0.060851294409255303,0.6986342487637287,-0.16890764187281612,-0.0834734060534614,0.5943082528190448,-2.7452886654355115,-0.019820323327934403,-0.6916928341784084,0.9043997932549553,-0.12544796501476663,0.00944891191152791,0.16656591259834083,1.806126472805405,-1.3248931613296167,-0.8775090089364698,-0.10890373244156588,0.07462739687612199,-0.24767810121357636,-1.5546602463947365,-0.590450039777286,1.4263005738231365,-0.11302122135659129,0.3255655441459809,0.8629643238526659
0,1,-0.009673972407546643,0.056207372991725145,-0.03160097329564302,-0.2963035281534119,1.0115305860666244,0.543802606774537,0.887167466889541,-0.00760146083109393,0.017338769576339834,0.3219037307442654,-0.7651868457196226,0.2912314813110459,-1.4067102432412983,0.5656032047599886,-0.6741863466389568,0.4252945946273937,0.776667935048738,1.4529343350031578,0.8567548831661672,-0.17714579761213578,-0.05912630238897226,0.1421270972993373,-0.29370379793977286,-0.7837138679288903,0.1073819387502874,-0.8577032910647666,0.16194943993545893,0.4147531651395448,1.1192788322024976
0,1,0.7091206208989767,-1.1802980513132522,0.9557342929849761,-0.7409172277889317,-0.38703807680596447,0.15646835141254495,0.16761295241661106,-0.1175867112129685,0.5754638190054479,0.7493604274069231,-1.2407640990628719,-0.00631195591181176,-1.4583285391015763,0.575936093484769,0.6252475785513172,1.5235113875365491,0.558394615593484,-0.14486001302579507,0.1976591924551556,0.342171216222206,0.08252895234459165,0.5920937118398881,-0.29295339630544137,0.9225779362286602,0.3688057170424229,-0.14092445611784352,-0.23379997594550161,0.08819864388718081,0.10057738750139732
0,1,0.9779190246507716,-0.9451110295211457,0.8786195177790476,-0.9851075603906299,-0.1960064165069139,0.6005777134078599,0.09276907445843388,-0.07506142442632609,0.37241210258440516,0.8564293057108112,-0.4409302369002527,0.37650595059365916,-0.31895914765079453,0.5294697690313724,-0.23602389837372775,1.9250963190514365,0.34551759138718335,0.17558780973422353,0.7134716240869211,0.08664613844741216,0.05040008949524321,0.7231148463287377,-0.27585823901480194,-0.7048842599244941,0.6637108010488417,-0.026427885237758252,-0.19414872883839676,-0.024645860376982614,-0.029532599308425795
0,1,-0.3079358976436229,-0.5262421777463638,1.6120615679494341,-0.011250700794194789,0.7739137167394898,0.1509994727165057,0.4392312094104848,-0.1717525224076632,0.19225426790984634,0.9558963008343675,0.26734319713574706,1.3437785600302334,0.48527609236632857,0.8319510942222655,1.575748543123589,0.03807790548384541,0.4346848324005056,0.31838733715086043,0.9486379531920417,-0.31328213860516224,-0.05183207733545623,0.47403257925952474,-0.1492716266449,0.6026574852473531,-0.9726933106697191,-0.7857715990371762,-0.6296065766826148,0.5407830690964416,0.07937276047448062
0,1,-0.38381762620210247,-0.019585007383439303,0.7931803949205569,-0.09354031756358883,-0.1910862999728909,0.8158450959978499,0.7518181546762212,0.0797177666493866,0.006041041550141997,0.4166288613587269,-0.05457486526824145,1.8669146175851736,0.2935541938473007,1.1827880585147772,-0.539129873278741,0.056385212407251126,0.6904839624570018,0.1360308429062816,0.6462306038187378,-0.3780315481947193,-0.04953353955253652,0.267253780297565,-0.09929971116045057,0.6063039064678271,0.1577341745838141,-0.5126412290212261,-0.21371166409834702,-0.21906369487026797,1.6358918013787374
0,1,1.5604793588787977,-0.7387931088334015,0.6513574593958519,-0.041268547334173684,0.01767260034836961,1.259487595351149,0.070235075690694,0.0035266540906673414,1.8611724515096733,0.5385755432749123,-0.8686169198076988,2.3615352592362115,0.5536389147691202,0.2888668852209523,-2.1858028363135573,0.3627306397563132,0.2970046654324544,0.513685520544523,0.23539213730440559,-0.396221417708718,-0.09360913207252472,0.28830036345712723,0.13814809012466064,0.5554979295576628,-0.29437033878113883,-1.702324499812193,-0.08698634123662388,-0.14332616189080866,0.2811953453294779
0,1,1.3436123618580338,-0.8874681023576245,0.4244458181326404,-1.705679181587932,-0.024403184147622888,0.5996026707628815,0.10965977490460767,-0.11063141715645128,-0.4172064972951444,1.3983173831412772,-0.8207828606382482,0.15579752648309594,0.3670865336508044,0.6558182848435329,0.10722347576639744,0.747853074046884,0.29104276610669155,0.9685865940550554,0.522690067811562,-0.5438510002943706,-0.27353163111579737,-1.0070051025415303,-0.011755897836864815,-2.2038516892475912,0.3789889313066798,-0.9439363270928589,-0.18829986009427543,-0.0822097731054832,0.0571434393592797
0,1,0.05516261867575376,-0.172851383977548,1.4106797273648497,-0.14200934011870986,0.3501477892138432,0.44084117207269086,0.70222686669615475,-0.13548206097531712,0.5349255433050667,0.40895758198255094,-1.5040732390856,1.48793399685714,1.15080612791978,0.46679647412636127,-1.091818789407373,-0.03956911927863226,0.495501737981557,-0.18363347753084666,0.7994786332605854,-0.2140765700326624,-0.21487428554926902,-0.668328443833023,0.11498389354523511,0.007710441229740763,-1.336719720468436,-2.759433539582101,-0.059576357277157016,0.49699222594696807,-1.1054047068018178
0,1,-0.22768440105647444,0.14225608915735635,0.2530270465794489,-0.2897127461010764,0.40947237162614647,0.4728695070623598,0.4256986152755271,0.1389607142819589,0.009411018180948801,0.24632326137850957,-0.2382081282629076,0.4970141854104455,-0.8896836462607574,0.5188131265359247,0.9442320572118933,0.907961526551072,0.9116167751763474,1.4661050671430118,0.2094520313225711,-0.3337188312368007,-0.030688678769330326,0.1445293784366601,-0.1695635397246783,-1.5545859930317074,-0.40883223570467986,-0.5995165551083749,-0.15158521883378548,0.19026468863158283,0.24806356980829278
0,1,-0.018651987256391563,-0.16167066794761695,0.8472359996726152,-0.09012558359768343,0.16725330636568136,-0.043327202856775944,0.7440109801949406,-0.18147266502731726,0.7968700788982932,0.461033802071414,-0.2333767398733949,-0.23887285111181983,2.613433110731879,2.1941451537118173,0.7202176498358853,0.09085950219670395,0.8190253814796091,0.3260568479968617,0.979753234494687,-0.08086537466610547,-0.10330289356506475,0.08614258953179423,-0.06827487724053932,0.8838222914021155,-0.8835239609942271,0.9381637115101075,-0.5552445400753928,-0.7778025360052608,-1.4319986949400179
0,1,0.03322178956629835,-0.09702098708524566,0.8540369983367581,-0.21174847101696956,0.5222595217715543,0.20075559308470403,1.0062901140466352,-0.2263605245140321,0.5147196106944073,0.6987067695230881,-1.4688872241179354,0.6395114416419523,0.15653867286460768,0.603121883601992,-0.519386991783268,-0.11794795463017319,0.4336031116474261,0.16721138337032795,0.4511974208067752,-0.08903193803043635,0.0011453478364255988,1.054324888959617,-0.3837288839985494,0.16849961136425506,-0.11181228544099285,-0.7152512111088217,-0.16684877202296575,-0.04477527879278903,1.2949884326743575
0,1,-0.20030534975762168,-0.14076211936955763,2.139405818482481,-0.6925517052040133,0.12329959913915128,0.3412311537160633,0.5569106966124794,-0.05939914453778315,0.5441539490392823,0.4927572374044541,-0.862524687620095,0.28413471338850377,-0.9555712169219742,0.7781229074603435,1.8597240671652193,0.5446563974479557,0.35960897004552705,0.09860969667275839,-0.556750336921641,0.006952687485078165,-0.11194385455921667,-0.17288176022165266,-0.1376177849405834,0.20097160498997524,0.008380863443051514,0.6802488961444809,0.2717571851680004,0.40916548500245925,1.0472450179963149
0,1,0.978043025805549,-0.37852616256022487,0.8327765660363508,-0.343240009024905,0.09898205848431506,0.007037745205305505,0.48939763709684936,-0.15974581542657112,0.4178357178538148,0.5005400923666717,-0.3473575717477131,1.5530309391651367,1.2640425515017,0.7815731614274269,1.3311782709999234,0.3641772250535039,0.38162989738332553,-0.3507179467228649,-0.6695756096436013,-0.2809933375189229,-0.14894486362971332,-0.44271894766572106,0.17128799456884095,0.9343400684433546,0.09329751699892909,0.2482696021288828,-0.2283914769261895,-0.025949968041219334,0.16624501715909137
0,1,1.8908140524158084,-0.8647854829480341,0.038170797961022886,-0.9804226640036758,-0.0684237434847873,-0.3566175329405485,0.312389057220701,-0.17484897413236755,0.5198187562889505,0.9350917430413155,-1.5071788957598105,-0.10399659326785818,-2.5331292933438267,0.957836466873825,-0.2152075061038692,0.9158365273658372,0.6525101884365118,-0.5424231002099227,0.55515604111951,-0.3925469482013218,-0.09023318161511519,-0.2184629359972322,0.21596401858783143,-0.04783940211675262,-0.41291675553547474,-0.762262995106519,-0.279650163605218,-0.2313030611730696,0.12525870709452042
0,1,1.1223236670547536,-0.6790724410167458,0.707234505550948,-0.9639013271948367,-0.1379623016515277,-0.027006854154377397,0.2631232671558031,-0.13865060611925947,-0.023311116602109397,0.9666133649854683,-0.054864434980575194,0.7505379271195471,-0.335940219743873,0.9647138505603765,0.27013415211836833,-0.026297250706233278,0.32412246265967304,1.5460851755350182,-0.5391460111275019,-0.7944891335449802,-0.23024276223241066,-0.6601624656999872,0.09545661565576262,0.737150190676658,0.029398376772267098,1.8898657773835836,-0.29294077339057545,-0.08504575301183864,-0.05213110098876723
0,1,1.1518344063919108,-0.9204127705284627,0.5534976346867051,-1.3302062666604073,-0.17692495066934252,0.20302436358473994,0.18563712350608613,-0.1318406731137191,-0.4644700194139767,1.3447651358460109,0.0358099060885219,0.505402774560537,-0.1940158323201094,0.7108608808823487,-0.8165282344160207,-0.07129896161730241,0.8038010259800505,0.10115945884178508,-0.21128471614112276,-0.6227776847744723,-0.11690241329111943,0.09020376416725003,-0.06058225409317916,0.5512145844183989,0.7425695767439053,-0.13263327822036095,-0.1944791812702753,-0.07803467276016024,1.6741499542749267
0,1,0.862334734052386,-1.4787957312203825,-0.42500987955812275,-0.7379207514945268,0.31453067472051954,0.1287512481247585,1.0670683734348296,-0.266412955244984,-0.2683358286696599,0.9825808669726083,-0.47913263032852427,1.0335380514115744,0.8317509750697129,1.3145977719238462,-0.9830584471256748,-0.3064081744436954,0.3071129170260401,1.486533541759347,-0.41897303484561554,0.608774695867197,0.027411295243132624,-0.024606835738967,-0.639972148556551,0.5056102554317342,0.4748306009968231,1.8923739205447077,-0.4959324797441254,-0.05512797038350781,-1.3831084324611365
0,1,0.9617180918031376,-0.37777680134374714,0.7368058945586331,-0.2921006966405328,0.05663666887666247,-0.1408227398838431,0.4622869713319331,-0.14307759877059462,0.5341567227004833,0.4364026340318077,-0.3071003386922783,0.7490037480509983,-0.36682043539956327,0.6633565292603254,1.603434436926788,0.47311885482623356,0.5881982799066401,-0.19189413338468486,-0.8053762264493336,-0.38273827322336545,-0.16155774027680964,-0.5796418332729044,0.20552211769495723,1.214414099091036,-0.03356794668114374,0.23064146550891956,-0.23240293113955676,5.882622232479689e-4,1.413002668842053
0,1,1.779386255362699,-0.5133683931940779,0.051413990770447775,-0.5233587128372711,0.3053168531712443,0.08159407707759452,0.499178313313384,-0.16274333035811678,0.6500227539888332,0.6503464007338295,-0.22616367094165532,1.694741403026772,0.4410871432581718,0.963238208027171,-0.6495366094288293,0.5225906273073346,0.21961764881316614,0.051912176715235674,0.2983138594416538,-0.4077939023418841,-0.17017415258315194,-0.538097343787025,0.2536069736999599,-0.7019039063865806,-0.5569891262100208,0.48043243686197595,-0.3018393581007203,-0.2618392822771927,0.061291633583340194
0,1,0.8756200398994884,-0.46135978494713564,0.5047541320370402,-0.4123974420964435,0.18790431532350033,0.08110670350293256,0.5916805964824757,-0.13964338998934211,0.24871150997465252,0.5748996598926112,0.2441062903646768,1.4825716773713402,-0.27630017274287677,1.2487132385912538,0.3279632594990133,0.37468071890297827,0.36520626808492723,-0.19456048131417014,-0.17514536520703863,-0.22690901320193357,-0.17179319829421555,-0.7893489676287299,0.11977167077348906,0.4976620455916531,0.08239119332803171,0.31884128255275074,-0.2946666477318673,-0.05922348278440996,-1.7306512374708805
0,1,0.8761783172264256,-0.36095159935765675,0.19678149597271521,-0.28833500741863793,0.8372621538572017,1.3040139728867413,0.39107246351896774,0.017171340737590985,0.38584788730978364,0.34989631528758125,0.2203245853930164,0.8225887649009769,-0.7740442527732889,0.43762580537219614,1.9102455597625134,0.2860328289912102,0.9700086713121192,-0.0701829261151301,-1.5323356662401804,-0.485801826548978,-0.056602880520108194,0.24379198614800662,-0.10505364518392649,-2.9229781750673722,0.5903042462286653,-0.3620090203782449,-0.11027176154232689,-0.03866474953266305,-0.28111607325064797
0,1,-0.07614365526050244,-0.05367460685372377,0.859124132499149,-0.6163159724666879,0.18281511670651734,-0.04338168603239373,0.5640526191307258,-0.016216617225242546,0.3093272098701569,0.30828157188230243,-1.424534352598389,0.20149465025385085,-1.0363787928741868,0.7952418297162125,1.1855248498859565,0.9714226394068578,0.4270921835973617,0.4419086325904531,-0.029153915735161916,-0.27398592959626067,-0.17737726182395222,-0.7761629576393656,-0.024344302605517572,-0.33905357917321194,-0.2953281164860366,0.2734943577483965,-0.0880883689409151,-0.011354072961407922,-1.189183986153282
0,1,1.0678149686806309,-0.4005001214238162,0.5006789593873308,-0.5110710019619196,0.3205715820238747,0.4333736213040466,0.46035593500005406,-0.1321198179199092,0.3563671197373445,0.5901133658345973,-0.30071060159412677,1.505497757188036,1.1724480806996171,0.8631294380974658,0.34473310463214196,1.0458371246157727,0.09959629996258919,0.45197728058474157,0.37407331784981496,-0.19855625945559005,-0.1779368993903064,-0.6842736534787106,-0.03754085681794151,-1.2804500165613024,0.47332020192316193,0.3505880921217327,-0.25639594404825344,-0.0818553029879483,1.1035842977836445
0,1,1.1211782601935756,-0.5890735877227242,0.4317058484688584,-1.021714589836943,0.0847811829431627,-0.008243583843256894,0.4121853784878592,-0.1697908332546802,-0.27266452240811667,0.9256466310964201,0.3022066861599365,1.1476348857416836,0.9074926332410631,0.830068023188777,-0.17577968316648787,0.8103746120126692,0.5740043864707514,-0.5554386190715064,0.2769512109487008,-0.10710299482456875,0.027965455049594693,0.72598838144056,-0.12816056911955734,0.6624445687502586,1.0250437668333248,-0.1857728361604079,-0.23206576230222056,-0.10000138461555279,-1.3807988737288197
0,1,1.0967881489895126,-0.33982177240288886,-0.18010629136684372,-0.7609382995289652,1.698404338239087,1.8764429707748282,0.4063959216084072,0.03691397520960125,0.3195592484605234,0.3209305541280963,-0.3659684430046954,0.42905734240829413,-0.052258441832417735,0.2497446793774538,1.3292907590347922,1.107556966534001,0.6034969487053873,0.8232276946135754,-0.12257375095408089,-0.13424386074395267,-0.15259230601875548,-0.6024409238179127,-0.12066281537168294,1.9822182482474293,1.0888265152936534,0.8485347682274436,-0.25426156467569666,0.011750844931292335,-0.5833194351541032
0,1,0.21638260622078864,-0.12571144315357294,1.1871186375047966,-0.1976514138934734,0.24715178589769354,0.5740943606334058,0.2830097935087209,-0.4825578211628527,0.3294538802231792,0.5537103039218232,-1.235389874233912,1.0367051269507381,1.4239542915303918,0.7903895006545454,1.850833496829224,0.5658428114949167,0.27445490747226536,0.33770694258700534,0.5346552613432554,-0.40636526542083967,0.3706783582578106,-0.9776291451055866,-0.2263827435456348,-0.7041901902465332,1.230651619271087,-0.8554571190095168,0.07187537557507932,0.4843158096245769,0.19431872824449137
0,1,0.8658413574376607,-0.43388787843788895,0.8729142174588516,-0.16111564594363612,0.09256215814640377,0.34197003508772356,0.4189720883112564,-0.08889882665460161,0.40394286697658416,0.6183683849053339,0.17426517691614932,1.2347508844813366,-0.6723664194543745,1.1622885219864554,0.698203520040049,0.5759072882255389,0.29273720835684286,0.0975407767166821,-0.5604210287485262,-0.3635902486526855,-0.14089199277233322,-0.5539233229736248,0.1511778508993374,0.37459769590121245,0.06690299135748361,-1.7397933548962659,-0.18448762002500102,-0.015353026818644125,1.5230809763260167
0,1,-0.16771093165194417,-0.18449571139343027,2.0948629305856556,-0.06221070475467327,0.5767949340550061,0.9524256696209755,0.7507161689422067,-0.058328498541841085,-0.1207321319483383,0.443436893435702,0.23641916935798743,0.8831626622028061,0.2816930031932081,0.20319718973464998,0.08788347337836486,1.285368455492087,0.42899951883214793,0.3626797745196508,-2.2660657592507927,-0.05691395620846673,-0.04041837854257849,0.18093248745305354,0.03418020262556156,-0.6553815210464595,-0.6279703684770493,-0.5680678614724938,-0.2860459011428006,-0.2852743418588827,-0.9943845528367081
0,1,1.6609438664418315,-0.5042796536108485,-0.09275811241801683,-0.4992324724152815,0.4699823955483802,0.3169037789921781,0.4670129974569223,-0.13357818859876786,0.9454408344745207,0.34421365873905585,-0.11789203096064993,1.5448542076100313,0.4956371563121197,0.3325652903868095,-0.11994168810934458,0.6566916417193078,0.4618868888646687,0.9973345906860117,0.059116336274570434,-0.25025585251670396,-0.07311633117016052,0.06522181429078328,0.03233422381922784,0.3253358068935831,0.07034853282845442,-1.7562565544027184,-0.18582134037195996,-0.12025075829255936,1.684196316740486
0,1,-0.07876289095154071,-0.27380430331335354,1.6847931436835297,-0.49074364145920873,0.28950305900145157,0.6263085098248558,0.596448554663587,-0.1487170630543332,0.5443166061185092,0.6409144431254322,-0.0036951248779506043,1.3458993751001376,0.006911279039991283,0.5601215143565477,-0.4800532639931419,-0.06817021168176955,0.5501984303691344,0.0726188555613718,0.9894731853153012,-0.13581537833784021,-0.04376670340012121,0.49443586665917805,-0.19729154920754582,0.2989206183261539,-0.8014709667496226,1.441084025304128,-0.7053842565034828,-0.25453058565099584,-0.5730434249354247
0,1,1.081307821922741,-0.3635070271600574,0.39199445740135064,-0.3872462393082279,0.4523152810403978,0.5537412058562936,0.405882173702022,-0.12912975429542314,1.5994753848220529,0.31529370104495863,-0.7985932809781316,-0.4421084082327143,1.333103346699949,1.6613078005028112,0.8876681597609556,0.8707743246367229,0.6070553446826984,0.33198118377173425,-0.3258762969941912,-0.3843285897812368,-0.268244889336721,-1.0230020732148675,-0.004012171172979814,-2.1831890207511804,0.33092228917332667,0.4114490245841063,-0.26838542085283895,-0.06583910761947816,1.6275474485264838
0,1,0.37147004964131336,-0.20249610178552682,0.2610284290515069,-0.38250470406821335,1.0540731701238109,0.7873483645684025,1.1348157381856663,-0.1868483721092542,0.11603478088276371,0.6656073126599205,-0.6494218321872127,1.051249989154597,0.7706760617536239,0.8823780820832758,-0.6994473519746119,0.2081377939362906,0.16912354028097004,0.5852081128985994,0.9235547164442287,-0.00689565450206682,-0.06174028258898715,0.28592830717890017,0.04123091482953146,-0.5551190494654638,-1.655731191181976,-2.090209080346908,-0.06286528959129321,0.055174122661924396,1.3365052581179697
0,1,1.432981283907682,-1.1398359168823313,-0.19408992520902543,-1.3250028161914171,0.060157644733984016,-0.2272099256201102,0.6186052256516388,-0.23425467997233504,0.2111770915370771,0.7852225168752859,-0.3420375982340948,1.4112656116664137,0.4983253735371919,1.027164901046773,-0.9954623516893772,-0.38582257836979184,0.398967146950128,1.2054148975342025,0.07539650196605044,-0.22387503493128402,-0.1376019309895095,-0.3635425041097252,-0.1739836869563041,-0.37611423194271937,-0.06133777413326408,1.5487656391889248,-0.38018534034352486,-0.1887482252106638,0.9983358604491389
0,1,1.7847604760807538,-0.3781533866711659,-0.04437096340403776,-0.07761543866835031,0.4361522489426732,-0.2862356524958184,0.7459778393086247,-0.22575388219364492,0.5829321682181151,0.6625447250998054,-1.2895782353582566,0.9829506125822826,0.13234132036507795,1.0161008903622264,-0.5895479954265939,0.06701492061796575,0.3610618032021993,-0.11890383114488252,-0.32327244704420127,-0.535485424233245,-0.05816581079510143,0.33433221568192506,-0.010606541404277246,0.09722828350840683,0.65093266118180515,-1.214941898007703,-0.23429733006397865,-0.23361013472128372,-0.30449363313144373
0,1,0.5362397054362944,-1.1052204411487707,0.7461193085104432,-1.3102039877885574,-0.15803064726286611,0.6749700787180773,0.27755112829824513,-0.05810982265648538,1.6925019164817503,0.15124269419067296,0.20936288891791088,2.259744180214759,0.08265848057307405,0.7686225271213699,1.3561122156075904,0.05185265825230844,0.4912516902485214,0.17450113991273875,0.008545163232163937,0.2742501235715637,0.063022061394134965,0.7076167000531911,-0.28395501386077077,-0.23928005653810264,0.22424999003212817,0.26522048248005875,-0.19231101532114372,0.057210319779296255,1.3074228410789965
0,1,-0.4885686296854071,0.3422924626144936,-0.17864666650176397,-1.5100081393791622,0.4322815498760785,-0.3565753735724366,0.8886259175235756,-0.011493913218867446,0.8801195182185184,1.414082664008487,-0.273794707443322,0.8648753452021372,-1.11395528744191,1.4442076806348982,-0.7097143509845735,0.22717412702673137,0.2750295013891465,0.39905562270173667,-0.1794105533803199,0.511654215645894,-0.03816773019260729,0.6719654400420879,-0.07735651259690997,1.687500989881172,-0.07982381010654793,0.11895281211108487,0.7090315745711203,0.7956223519185504,-0.9392618247541926
0,1,-0.20017724613280194,-0.5125153822771857,2.135250159881698,-2.4032368711210275,0.02852876551849839,0.31830150996619716,0.6588286484726135,-0.09777943567957602,2.281693523399108,-0.17972758168501135,0.4441377867592558,0.22081866479023474,2.277752699880463,1.5009409805795362,-1.1617897460642903,0.3830673398352982,0.43252914834159567,0.5415012143138276,-1.2738538649392477,-0.1731859036738211,0.0033862557816188767,0.7391141480277433,-0.025916316878996693,0.5263855450737006,0.12489055948910333,-0.6240160631090057,-0.17863834957048177,0.1577981967593971,-0.4813587397028585
0,1,0.732635899206529,-0.8238305929368341,1.676998532644787,-0.2753471228504644,-0.2312243094154251,0.9793865684339056,0.10358683280229057,-0.006564690471218372,1.605145785060298,0.37118145498815425,-0.16599805708642548,2.6534885856884656,0.273873966822319,0.30467965706618,-1.8317749972145718,0.10124531356921775,0.5987076899350801,-0.01872811873084796,0.17446149565219377,-0.14465376889304862,-0.06132998362371584,0.3913246599550031,-0.09149254323172393,0.7896570911335657,0.22678497847975207,1.4764794457487151,-0.17560419672291433,-0.011130794988407551,0.19754687798928405
0,1,1.7971294034066907,-0.49766613423453326,0.08792235796603724,-0.43682602838212764,0.19920695507140487,-0.26563946957372425,0.5360233322435859,-0.1979390982368297,0.8326513203783686,0.5807177401578117,-1.1102959648731345,0.9696978454919272,0.1966275832433035,0.8832215245502323,0.05344549164613865,0.3476492100710841,0.3311380844343072,-0.23895159278910522,-0.056995454355362546,-0.4540958605141892,-0.18153439790252182,-0.5902139679350998,0.3131777169124543,0.02713612240375315,-0.600811187549122,0.47009607828376654,-0.2988338466815643,-0.22859050730142536,-1.0247213117170844
0,1,0.007131820141206705,-0.5731318956256003,0.7162063651548447,-0.5830504107941877,0.5642430296032515,0.34225867331349047,0.3967258600255954,-0.10705076464988156,0.2616230218017928,0.69525608943284,-0.09896530765641093,0.932057839500054,0.34706468162440074,0.9799102198718977,1.4668039702347182,0.23339991421452932,0.42447297130108047,0.3968872403091721,1.4129441966653946,0.03602354836057658,0.020644933253202036,0.6887006430635468,0.12748376068545916,-0.8476976613967581,-2.353158809028672,2.85021904852655,-0.1885924726820721,0.7030353109336374,-0.33254844914854903
0,1,0.05397761879620913,-0.8250507706616718,0.8162726821885401,-2.381070765649214,0.16341855768402783,0.612979234119977,0.7083100798189881,-0.14200133667713136,0.17192278020445803,0.5502228987229452,-0.5403747988911141,0.2980201620909411,0.01841831188282599,0.44156074910800114,-1.1977766624349637,2.5045306826496807,0.08873922778483258,0.1784984583325358,-0.6792296198843961,0.22897965406427123,0.1419217126992822,1.3729593034538818,0.26620343269522095,0.4593208622366259,-1.3989535572129312,-1.2029202380014563,-0.23079448764143534,-0.020836617346833244,-1.6339680799409964
0,1,-0.16759638708686955,-0.10679271667338021,1.0507738619185536,-1.3235509054699628,0.6431180348743262,0.055412191147909545,1.015942539495164,-0.1496618279112285,0.36814529887860803,0.282635916715804,-1.8807829904074143,0.31716853760647545,-0.6036112984413359,0.815797358401925,-0.4140175090015543,0.5637624742072281,0.2201593884107527,-0.06800384938997017,-0.35177699194210577,-0.25425696838372985,-0.21258688751466134,-0.8769101104440792,-0.3681602095633653,-1.036094915249382,0.9788500281659683,0.6464527803780707,-0.16398741741799197,0.13344538029748573,-0.21178570727738522
0,1,0.16019353689418772,-0.1517370803433013,0.02451697502989122,-0.946967375333411,0.5648542934663277,0.14183446852189915,0.7591645280584948,-0.04803035405565164,0.14333719726136776,0.21814691655038856,-0.25990772883811636,0.9212461968161356,0.28889220581846564,0.5072445762803801,-0.4935308279413863,1.1592216471216272,0.40470132106391815,1.2113204870478802,-0.39464350981761154,-0.3098322929620133,0.06178949315289798,0.8156907877232509,0.04253455428874843,0.7037138503813635,-1.0824472971471453,1.0375063905963229,-0.30562188291156167,0.0409855562296719,-0.2839576008287973
0,1,-0.005561193544448525,-0.5881990823178916,1.8159529170026238,-2.016377720366726,0.05485100043814069,0.976958948034451,0.21582171056950866,0.008667081243466952,0.5165857833016854,0.5007030616431974,-0.7830945904574325,0.5790406710117105,-0.06037381582104314,0.2365587017784352,-2.1131656188074848,1.5883143659506251,0.3560790046369043,-0.07781862502611286,0.3151293878323145,-0.047661869817849374,-0.009508433834159937,0.69206612436332,-0.20914752029352118,0.5712849636320126,-0.49535727579451855,-0.7354831156060619,0.3148555965121702,0.4439597188327642,1.4446097576985435
0,1,0.7417071539233275,-0.46444849777981256,0.4351579089745473,-0.1201712319346941,0.48007332994359925,0.8167697035881736,0.5294546202676325,-0.08150620651422613,1.293414823756844,0.3648121829765918,0.15346848608291644,-0.311950301970863,0.2629279926862863,2.9151074752732407,1.3448848489964116,-0.21513062261999552,1.2069831443172105,-0.6433763178712439,-2.1672918745640386,-0.48288953367195026,-0.06445731766872342,0.2209732993005585,-0.03701489972850997,-1.1017117971985373,0.5209288649543662,-0.5396762688914246,-0.2075502928910804,-0.06403415563151026,0.6923374967520529
0,1,0.9311684760550599,-0.38390467325035044,0.6079121209394027,-0.10914576182540901,0.1801622838118151,0.06377873887674827,0.5868480338611466,-0.1625058867293735,0.5071494776728235,0.5050304868136171,-0.6323031705353284,1.210330562508231,0.26371002474780125,0.8578838330577311,0.19876759678882305,0.039839829932164984,0.5044410578935253,-0.2718342458763888,-0.6324809147822946,-0.356634408441815,-0.06435684016512928,0.2077097210096438,-0.10629016555717805,0.9524932974373155,1.0958340280582732,-0.6380174988351941,-0.19041966762002766,-0.03344043662291697,0.7775658824950338
0,1,1.2353870518661318,-0.8486783263101979,0.5763603742995346,-1.3992758586123324,-0.23496851405643054,-0.250824455743234,0.21086141865918517,-0.153166073197485,-0.5081822548108305,1.4356515789313375,-0.002521392102297514,0.13977817077116791,-1.414308876002598,1.0139662794126048,-0.20565762868918194,0.24744559996886517,0.6069389258335147,0.31922247244158325,0.09209006402182415,-0.7188631993362791,-0.2721191066307445,-1.0713793063047587,0.22132947753943447,0.944644063062406,0.07560967752848018,-1.386557469913525,-0.22687507673793894,-0.06100934393316787,-1.409028105760952
0,1,0.9603456994439035,-0.3520246311531768,0.6177966544660848,-0.16251300450129905,0.1706052854778295,-0.13793433638170785,0.6180471963542667,-0.20188135444316438,0.3474001367658836,0.5360331678824988,-0.6931848997319029,1.4730424239791662,1.6009969560451582,0.7798392335436278,0.8335814144770635,0.4292018491810661,0.25493851451253235,0.07649936487894453,-0.47304778499422195,-0.16313748023386154,-0.05156661197060377,0.17502453996800454,-0.1496613458790375,0.9658562106383566,1.0795841293810646,-0.8094948182969841,-0.20198186279713132,-0.0033359991993599735,0.02149716628812102
0,1,-1.2123287733959665,1.1658926719272813,-0.5564208425607522,-1.7691938723231435,-0.7416560433644854,-0.13009808617009086,-0.4335849673092284,1.1689225111876456,1.0520401555708727,1.3756030838203048,-1.3355220120652351,3.2293064454079503,1.1655233069924695,2.729073189304948,-0.3676383129883475,2.4988467804184733,0.49122007342746,0.7542925387238162,-0.5810541826233834,0.631621256576842,-0.12274671883919219,-0.6473039883154723,0.46918220176875275,-1.3229531870783937,1.2625675409153585,1.7126099443882143,-0.1085985226457094,-0.1175789615433542,0.917986762726541
0,1,1.7191121711489223,-0.47448686148709424,-0.1419346660051465,-0.3990170464459097,0.424323986416589,-0.5681305430666174,0.8750243079678156,-0.2705566337045987,0.6152975664117325,0.530061519550879,-1.0730511958321003,1.401674277903272,0.939422085858319,1.0130841014770577,-0.3593808675850042,-0.005559398169096661,0.3578989312057308,-0.11450132458697276,-0.01832950182894982,-0.2848519609756921,-0.009842803369784447,0.5871363072275516,-0.1440310557718397,0.3418681429546988,0.8180239634051556,-0.17127557200775528,-0.28809492816164717,-0.22952119472671076,1.131902191290082
0,1,0.10089483548140732,-0.6878197707152129,0.9348301660773108,-0.9641074758221119,0.48730122700758777,0.6167916509940709,0.2871413128458581,-0.0889465039681856,0.0026696644884848576,0.7229241075648054,-2.001210559644057,0.17869478347603038,0.6119023838617738,0.45444086852149324,0.127238771093168,0.5801974476274645,0.7096760025207053,-0.4642012288277727,1.5588700511834073,0.2332598953157367,-0.05082625855105023,0.14445205468709454,-0.09436468901862233,-1.9650407160910883,-0.32274574072210044,-0.14430538341599036,-0.10269948632710733,0.060615108666915093,-0.6251676510262664
0,1,-0.4931683511214612,-0.003633597521980047,0.5935403152085966,-0.11343148458087293,2.1781199760891483,1.5492864138846152,1.5802210886698216,-0.33794830102700263,0.10976060469050573,2.120709839641512,-0.24811109478165785,0.6750688049719021,0.33132844373434905,0.29578200532005805,-1.9546842926284393,0.3274024244138523,0.06085099536445535,-0.5385551203642671,-3.000982287655549,-0.8639396472917682,-0.05624884930999191,0.49611348053700816,-0.21080802906230225,-1.4880991062662587,-0.24086019995133753,-0.997694011197319,-2.362267622824706,-0.7318649237703254,2.0823818727458508e-4
0,1,1.7131776394447116,-0.6312109811836847,0.10758472210211088,-0.40097504607412016,0.2106903042277989,0.35033448456662686,0.421063737196591,-0.13847130177234257,1.5566125219286724,0.4150305125965699,-1.7406252362082144,1.2819508548655287,-0.11811511007726734,0.5836798239914751,-1.369024929675394,-0.031827678101066535,0.5081601149876751,-0.261780404691059,0.45884176213396005,-0.4302755300939532,-0.20718095066641423,-0.5793609592648681,0.23041557353090042,1.3403206618124384,-0.13968567043209182,-0.8895449406203573,-0.22232061583328838,-0.18735463813836675,-0.41570709817987506
0,1,0.9741006869409583,-0.6202974256666693,1.098847872162706,-1.0268642271478035,-0.17254082514205477,0.054342269197838494,0.24703944952943163,-0.10646168073060867,1.5825757831048162,0.23875778018074503,0.10238084817526369,2.230464405743185,0.11379542631307091,0.7363389918543807,0.5644544987137584,0.26644532546209543,0.30511921796494373,0.7210100513512231,0.5030998372775316,-0.31893338477559025,-0.055987459450218116,0.31231325960382683,-0.03497820602373334,1.2442261713354934,0.6141387713442285,-1.8511404138776053,-0.11245011338225869,-0.009468538537084627,0.36739610035623455
0,1,-0.027512163890876514,-0.7753204313484874,2.6182099324805583,-1.7608586288827175,-0.19497402685382717,0.4826149523978118,0.41197217549993465,-0.2128930391836353,0.0944843070422764,1.0232281991995953,-1.8132558885782624,0.20307436772003964,-0.12991665672284755,0.014265438854816091,-2.489514633009431,-0.20212941226060446,0.8229240353953303,-0.13265552631713926,0.09988201087787432,-0.604224578133482,-0.3152117514493624,-0.6614213631260674,-0.10460920075768473,0.8298094915174835,-0.28976909869662415,-1.4120166211242569,-0.6658121718758686,-0.9571002000156202,-1.3760416769189563
0,1,-0.18716673779785434,-0.21661295107212522,0.8135632494331706,-0.29378340847453527,0.2705263907229303,0.431330989039421,0.5172988089296492,0.04944113458584659,0.1462893796426237,0.5205593682100997,-0.2710902971430085,0.3930519954141517,-1.9988369452517127,1.6658902186604072,0.8800277817466342,0.3767631103501245,0.4097193852679138,0.7045530337129088,0.24672366704625492,-0.12704553655003897,0.009271689769543519,0.3720652431651371,-0.019143038452181217,-0.5297007740449536,-0.5657177888511321,-0.6619727359054843,0.12641880009279474,0.16643991865860475,-0.9261689958928268
0,1,0.37622434334562094,0.23267317779704652,-0.7789735703746152,0.10293834819343271,0.48707136806606743,-0.47964902010426685,1.3734744857738317,-0.042325968677022145,0.09917099464447614,0.0446437458064906,0.11528777088608558,0.15201724633671673,-1.7177305572287367,-0.36906071513893945,-0.36814626575426534,1.4878335344006814,2.635075073772461,3.348114841977977,-0.3884405775631573,-0.32319317572874934,-0.014435538616393998,0.5960114596391435,0.25036785929085664,-1.4419094565502855,-1.1152348765055655,-0.7480729938265742,0.1392576003880771,-0.20618006171301995,1.3535282611846122
0,1,1.7094446260206027,-0.5687983734499834,0.23271607760916027,-0.39670670418917897,0.06722960904677572,0.3192456731048032,0.19284424365211097,-0.09335467128098832,1.6365146620579782,0.3144561582989916,-1.1841641701072907,0.563940408694884,-0.15719895112409707,0.16136083710259283,1.271411013479932,1.1394685739735146,0.47935332486711085,1.0346620093696348,-0.4855794208399059,-0.3832080951446246,-0.08355024922937414,0.0502254695593294,0.23831210510069317,0.9898751426000778,-0.6725812504667465,-1.0700932929418445,-0.14474732427714887,-0.06413198960821828,-0.13219822615373852
0,1,-0.2984623597028327,-1.0045130710873735,0.915500123729772,-0.1856671543555298,-0.2994323280202611,1.0372800401059237,2.138630815412534,-0.22045308697849067,0.23085219719532468,0.25872982493299107,-0.8097388571038195,0.860967688334918,0.9321333771827389,0.551321619379561,0.33468977050607157,-0.041825726837822395,0.5829140846856514,-0.1302952220059315,0.5578348915332464,1.6343693355094073,0.029203807662670337,-0.013952422995669745,1.577726143091267,0.22630268569454928,-0.45485433858570834,0.9072601052603064,-0.5189329380996215,-0.1463373092052368,-1.5301731093983832
0,1,1.6410891582840317,-0.8373799477648499,-0.039576898380793805,-0.8635226052034699,0.3638422301208864,0.9026565124614064,0.3221311813791424,-0.10249604869915925,0.24450315324564337,0.8185720615172358,-0.8083960065426646,1.1401505726843735,1.2313137811594697,0.796436201734177,1.3174483773462198,-0.5488243152154575,0.6352897901728903,0.19735455144797762,-2.124213732710286,-0.7896639547821632,-0.047176529118146286,0.7655125866674383,0.05339609345059638,-0.45714025401650943,-0.0888443417371196,0.10672159972490897,-0.158562908991353,-0.18781449589227509,0.04202157085643208
0,1,1.4118155536464798,-0.8715171177192709,0.1141657290936569,-0.5288378761161036,0.12315516338921824,0.5153273405946036,0.3592404761450486,-0.14585589851443792,1.118597097556213,0.5259206470202565,-1.6396782109900947,1.0069420110758092,1.5132998752627926,0.5748413559708702,0.9866556942924983,0.9981338490295073,0.1333422974522444,0.4490847972646853,-0.2650480208752162,0.2030486671015787,0.017631220930500506,0.3671378097055361,-0.06615197105630745,0.3311026895498999,-0.546055804575321,1.343004272504649,-0.30620768831371853,-0.10433474333847856,0.29099897884079157
0,1,-0.07223569198133753,-0.3346203679829448,1.3665672507677569,-0.8960264998894417,0.5964398160538504,1.2986851690772714,0.4489180576425744,2.511441817492885e-4,0.8008006258925737,0.24061676112831018,-0.9569973431943789,0.8772049631120202,0.3430446981855169,0.5920934107230814,1.4165593563702366,-0.054059655927559326,0.5647470137059195,-0.2569947705196272,-0.9460258669352437,-0.3585265289972913,0.05286081403634678,1.1669689828912442,-0.18274453283986708,-0.4486258190755767,-0.6514254618695817,-0.19790356609315288,-0.09530718578450596,0.31481255180766476,1.0044753041780923
0,1,-0.012760167165150826,-0.11244185549421189,0.8846292206569424,-0.8749381410227449,0.2763521921804733,-0.46506769045837393,0.9947960579796048,-0.4530756970775721,0.8461974161426618,0.7810681516586978,-0.5798324410085324,0.7427829615146967,-0.382911416675696,0.5831398250408867,-0.4125564927202661,0.16486686263839953,0.33441882217256974,-0.29222506723066705,-0.5288371944239166,-0.20451166012418467,0.07954656827704003,-0.5768829339000862,0.20503140418251317,2.0038331109005814,-1.056179411762479,0.07797444374589088,-0.3036795196902744,-0.71830340112379,1.6844346852943564
0,1,1.0651085691140796,-0.7975292994062927,0.9259573026299127,-0.9027007431671773,-0.22810001497529644,0.22637368412298395,0.13925884438769123,-0.09889782359866676,0.33092121512024797,0.8542200092712257,-1.0440916717424598,0.15605274619808043,-1.1452345592589712,0.8266902334538103,1.9108143037156025,-0.09333283360040105,0.4686047016584295,1.1412584712906506,-1.3653469273815424,-0.8558803392765789,-0.1596124232491219,-0.20500968497611494,0.06705024126889814,0.2533924349605108,-0.1288217246054238,2.248989924623952,-0.2515638241422361,-0.04815730395605067,-0.8190630279982831
0,1,1.6971721343248836,-0.8634231431964556,0.02764750636737588,-0.923851787310523,0.3836027523171875,1.3215104662167558,0.18087587693197685,-0.022444944386940523,0.19000777391571153,0.990314792392144,-0.2505841645523922,1.2835888111541507,0.6243642496813363,0.8174214708357459,0.23103477612076503,-0.321854097713339,0.4505213058209153,0.5187107506135801,-1.4377938646542994,-0.8608169708747295,-0.184721447860785,-0.2404142978146527,0.26552175732347927,-1.4856154992229422,-0.820009563986145,0.6868715549881446,-0.1962884778434929,-0.23414078080750197,-0.6221139172965006
0,1,-0.6533473553648568,0.20826505060731218,1.1891981077209535,-0.359240968076039,-0.18084051145241972,0.20455174484060554,0.47446742430550465,-0.1830657972963352,1.3193514037926835,1.224880941035156,-0.7710981658656343,1.6392423171539583,1.3390319613644355,0.29942649628052126,-0.2537405645305897,0.18603860897356253,0.39766751206579753,0.09535517327504328,-0.36232946581418146,-0.6887053858232998,0.08722581047021295,0.7454637860526674,-0.019676103794323295,2.181931546785595,0.04019149160168767,-1.2489548034926239,-2.232165344130462,0.5409533337371729,0.606372203345583
0,1,-0.3537736348413315,-0.39404167396529843,1.1728297646221644,-0.210019639635862,-0.15595807839734585,1.0580639510141052,0.9494288297329614,0.06592174988958682,0.22672036583637672,0.3062588116194497,-0.3827570773077462,0.5369020186506602,-1.8437815066518124,1.2379365315513922,-0.20245853452814197,0.23343919266952104,0.5438673309958466,0.4520524973734018,0.6009340490262136,0.5260846341710849,-0.07143170372040784,-0.4471648305785281,0.5673684498668632,-0.6169941077401357,0.5751431442463903,-0.8779845322150327,-0.10052161825895757,0.13255891481172438,0.4509428250209958
0,1,-0.664091149898538,0.41705643045664104,0.30525350658509015,-1.3664782653916285,0.6488569241702518,0.15995144160335975,1.1024255622353403,-0.21666527459501586,1.2651027271867061,1.705107833234948,0.10320625051204674,0.6056628474956215,-0.7420103946390542,0.06012175324068653,-0.5416008102528067,0.4064928414087008,0.5227741388976248,0.39085921250597744,-0.11517157234881358,0.7500770191289022,-0.22852498152116948,-0.6730442240319813,-0.32733400301441296,1.2584818031184837,1.2620492015329006,0.5983947904802746,-1.1372013375474799,-0.6024088080592299,1.3856440634182643
0,1,-0.6192868399055688,0.08654250418093208,0.44861858425139445,-0.5912200212280414,-0.03284270387803407,0.036860680929160575,0.3077341748615264,0.27982366128839825,-0.16847244891654875,0.16394049738674518,-0.5146219205634823,1.2956105042971635,-0.30414963614927054,2.078291878462683,-0.4180643495555183,1.233267211891567,0.3036619789455356,0.8471906889497798,-0.5282986399774501,-0.9459562571331821,0.033608571888612375,0.05892218006253757,-0.259575456140514,0.08913345692424558,1.119283096005104,-1.0824446664632508,-1.0581746965845307,-0.9270598991892827,-1.5454577661819227
0,1,1.0709966167958265,-0.13191622136611342,-0.3793802853184757,-0.41026761655003463,2.197772624778521,1.6951833618270256,0.5410607660538745,0.021885690522012523,0.18501134502410266,0.07798824084390481,-0.08219146455278878,0.23869619005692885,-0.24776271424527213,-0.27661022177366024,1.4819358463255834,1.5950500221031223,1.4225803283836904,1.9318540669197806,-0.5391646456261634,-0.10666412239706644,-0.1743610298803547,-0.706583289003188,-0.2321770236974719,1.4871180276649225,1.5750056304401465,-0.6590154938258385,-0.1725312301222329,0.14509354438281089,0.5941790704283985
0,1,-0.19292670533949757,-0.46044305414189,1.6234728959718485,-0.24977258825952633,0.667275155575993,0.557700037497856,0.9130145222813271,-0.25109981937916853,0.4453621991604809,1.0138400545057162,0.019702852990995216,0.28400596808608597,-1.592530141076978,0.7715813620374654,1.458674083167727,0.14800775605628913,0.2906559304411994,0.5332303923893558,0.6034752623440928,-0.2680262970361575,-0.1046831079448176,0.29224132917415874,-0.18071664936910303,-0.4841345361137456,0.5474087148448344,-0.49914964250331956,-1.104940698043433,-1.3742708973180033,0.15347776485910938
0,1,0.23206150720853685,-0.28497396652908746,0.32869513024665786,-0.32314739225121825,1.5699130922499955,2.3855402502909278,0.4326892457388722,0.09662906694546711,0.22783912941518697,0.5906087549312188,-0.9962151650065555,0.5519412105737304,-0.032905782177854004,0.8359555163579828,0.5296193148961039,0.045349446454936035,0.43151368666375634,0.47714102930886054,1.4908521326862545,0.06393421667316483,-0.09557750294138621,-0.09310940881822305,-0.0939987185221755,2.2870074777993117,-0.3413187471177033,-0.42378813742155447,-0.036575445450813614,0.14667680602282923,-0.8800679361875867
0,1,1.7768730491024674,-1.0786003446449293,0.261086238069955,-1.2314506931562796,-0.10727055902562395,0.769619178099394,0.009194054067186208,-0.0595116400892959,0.7392610630532278,0.958948404228166,-0.9068164054808292,0.27345704389042963,-0.3150640136114727,0.5284596083356086,0.015428049664287707,2.467831356454347,0.21363873887403914,0.27613008896993657,0.7250270661298633,-0.06543692131616423,0.01779305884542792,0.5143323297950619,0.021448329550579875,-2.1837707721995976,-0.689949033133743,-0.3742920473905715,-0.19906201602271215,-0.198196128738385,-0.36727322427364795
0,1,1.8771891783066916,-0.5411924667537436,-0.09654125870583005,-0.3642711501935751,0.2749264145385634,-0.42608848089547,0.6497911950729778,-0.2500737970317691,-0.13641636047671182,1.1305417059307696,-1.2725899989983929,0.6114713699463982,0.47523082070783834,1.1294727066024357,0.02202693840354227,-0.3527381295535031,0.3634557583881152,0.9110019305593968,-1.2533582308088989,-0.9386121395060067,-0.1569703316955183,-0.09373019792124124,0.037798237775379856,0.003993213936210118,0.4442985774679548,-1.1958628384661887,-0.22786309190010282,-0.21414383281308744,-0.02660967758993029
0,1,0.8521153873382002,-0.7951367884248525,1.5037983100931633,-0.2305849482734513,-0.2379599225149175,0.868704514172452,0.07781656366753023,9.981272509926897e-4,1.8390245077264142,0.4412073039322831,-0.775271625753398,0.9383065895062834,-1.8989482728400713,0.4489648212707763,-1.8671240413489698,0.3745504312739267,0.4611538431700225,0.5345112291705117,0.5919499564873453,-0.35710029760632356,-0.10946276260611468,0.004372426571290274,-0.11552116112824748,0.16989611755803583,0.3878980297914955,1.2982100501212008,-0.19761300864971687,-0.04302932290358188,-0.13973590493649182
0,1,-0.14381907258094576,-0.23797663286527027,0.1625638061457509,-1.5577529057562391,2.3946359783587154,2.0301834267845162,0.6676409834998881,0.0849849743934961,0.12006537903210183,0.08210537248628655,-0.43967542922249564,0.35551979419296664,-0.3155306680213614,0.4082592548324708,1.2774266752741705,0.4967173982300353,0.5575030210803905,0.7385495522258739,-0.571432641500218,-0.06012386280397912,0.0021217908319750875,0.37284530553448086,-0.5138385626402563,1.3870376922465601,1.7119110668195794,0.14499955285502755,-0.18326392810954661,0.10090649611555606,0.6152281765085827
0,1,-0.04523072701291903,-0.19909555658528133,0.6339776676387091,-1.1740477357098342,0.7532031716318088,0.010549985577515079,0.8799724788646074,-0.10120170391172321,0.2781222815588674,0.16654941078491198,-0.22827801690108193,0.33413108156789356,-2.11915138563482,0.5426556574999974,-1.0135247499098399,0.9672700494762572,0.45082102606421204,0.613024981064169,-0.4307783770692236,-0.4377641737242838,-0.16691834272859662,-0.7661747121558479,-0.07652935902309863,1.3500077493313272,-0.5112776032609195,0.14002421546991306,-0.1920226299581313,0.2730349155743566,0.1857214721704482
0,1,-0.22241039848892402,-0.24587082068823943,1.9494579625726562,-0.9655067839785684,0.7815718765026058,0.5290999071358528,0.862807718998051,-0.17016763463980727,0.2468981704466611,0.438477855182667,0.3129590865235866,1.0218868449441503,-0.12102472526851696,0.4313800645834866,0.4362769943692954,0.4706105611286896,0.36807119178941194,-0.1073422177892269,-1.131379665718436,-0.25304814537742804,-0.15436407049812997,-0.38097793482924236,-0.22667051845130634,-0.4976222455353262,-0.17578083534176472,-0.048802950153819365,-0.8271574256817646,-0.936764385474333,-1.705148709140338
0,1,-0.35588609069183524,-1.6582662538845763,1.1685189914703455,-1.3039238774202164,0.6262692430849727,-0.03859749735935503,0.10633108419116932,-0.1625275347870791,-0.2703270867895785,1.3276154436159848,-0.7327377763021682,0.33592582128982656,-0.23060300949037202,0.3621674658098928,-2.0521080193058645,-0.24041472203962927,0.8400573947928383,0.3337062506622541,1.5582156053188891,-0.4891455051225665,-0.27139182233336795,-0.5926100218260711,-0.18753993107980418,-0.5826933904420678,-0.36032645879225833,-0.3395058868183504,-0.20721576633056749,-0.18066884328621788,-0.8976868606389052
0,1,1.1565023893504802,-1.117089646586153,0.096312455635416655,-2.101929046563316,0.5602169717768147,2.1568304382276553,-0.011798466750852504,0.0621037421207691,-0.38874559916582563,1.3109054403615792,-0.7920798437385235,0.10930463954553989,0.684452620982694,0.5834563262455295,1.0565465988014728,0.4804241455359065,0.3806891906545996,0.8522939756793011,-0.20044802834548328,-0.2185247106322167,-0.07898233912607525,0.02622541449772584,-0.16962517801663612,2.2731367332859516,0.8513025940596524,-0.02328017448644378,-0.18660612777865304,-0.0016047626021385294,-0.2453520693693461
0,1,0.9472426954437869,-1.1590111956448443,0.9913099349503782,-1.0541543875745472,-0.36561693710603654,0.4039123354878391,0.0962739431801137,-0.12366882829671874,-0.0769550500160017,1.078132738755212,-0.9891312214829326,0.5803769319657076,0.7813721669808478,0.2852694431286307,-1.1246981650753334,-0.21315688428444327,1.05184633882926,-0.22010075999108328,-0.33601647461775414,-0.3345483808221432,-0.13524159419575646,-0.008690650954053695,-0.08428972782122807,0.994317003243154,0.5025656476891213,-0.20583596282750902,-0.14858988949395258,0.029140456646907856,-1.1480784918117757
0,1,0.25134703472806275,-0.13701141798599403,0.23588674210549238,-1.0235091929312847,0.8546221683965015,0.31311112668847513,0.8646158086953648,-0.11843994027810395,0.29002689650324953,0.31143055879801285,-0.2669596448158226,1.1642909437807898,0.663455346150176,0.31453631982878916,-0.9640239998222948,0.9166147493108001,0.3708050131332744,0.55410956538685,0.0921712996248015,-0.0986571746557712,-0.19431038637308656,-0.67035203119061,4.802699972196108e-5,0.10111097942732332,-0.6788638732777856,0.30475815555508634,0.04866665619894917,0.09567611792108749,0.19834047085765738
0,1,-0.09379921789529588,-0.1691197500412579,1.082525526534128,-0.4637646522519398,0.05999638670807681,0.27078708436601195,0.6645650454132449,-0.029694900341958066,0.09331549522816783,0.3227713636345606,-0.8153477383278044,0.6812885922858964,0.17236152620749776,1.1113891717998732,1.6255224777989485,0.32310404219388494,0.5070301145149815,-0.09114522984400796,0.15409391427873456,-0.11759682502909802,-0.08212873891423665,-0.2852717648370044,0.31737254212429106,0.23560949333404868,-1.3071729916443842,0.5146292159700848,-0.24019096826142525,0.17332558597726605,-1.3083290194850694
0,1,1.9419894159053197,-0.7185761948292759,0.023237444746607237,-1.085872341100997,0.07071545031094184,-0.3215123630290259,0.3755589968390146,-0.22470346257838103,0.09259302718842088,0.9492162446547701,-0.679356771480987,0.6556158861456715,1.4043951185411825,0.6276640257035219,0.2009118587706573,0.9929993575542604,0.47277216947864414,-0.47826970933248325,0.11363912898143815,-0.10491160504545545,0.09186938138633448,1.265572482496466,0.029199081199321134,2.8154835906293614,0.21788675442999875,0.030685637341012564,-0.2654352470179377,-0.20323418056228795,1.3186305235112783
0,1,0.8402822244273652,-0.3388915980566348,0.9451828344152788,0.2793160689643872,0.12422257511708241,0.16225006423372784,0.5497474556138428,-0.15707900733401028,0.06830600656284001,0.8284924758242507,-0.8457217578665381,0.8531307956076957,0.8435663489464543,0.7973117318964933,0.5590042994339242,1.052046515877758,0.2041039151223822,-0.043593474193651026,-0.9857006617271318,-0.13466175084444096,-0.16551165963054354,-0.7915809665457781,0.0938346908768221,0.7899767398776018,0.13812686198216745,-0.8154507724816131,-0.23523003494764708,0.038723353555741656,-1.3025834652567192
0,1,0.3322376617536168,-0.22497313822262757,0.5152175354612113,-0.12444399872789706,0.18358739933755838,0.19830107612258382,0.8118258148269298,-0.18890638473968568,0.22991226752773045,0.38552544755888224,-0.7859459438805528,0.8415175137789825,1.6801408595121048,0.19168914984148197,1.6432874743971666,0.1261226060831445,0.9752209076123451,0.6867730201793196,1.7228234093197208,0.4110862859428702,-0.015869694786714458,0.5616042414513677,0.25566094972010167,0.04902871628537002,-2.137064372636852,1.706985376626384,0.0930453264025846,0.6489925978684995,0.5067617636968279
0,1,-0.18682733506786495,-0.6596454424606253,3.1581510937362274,-0.41200713690185364,-0.1303088736290996,0.9571922259350538,0.2590582530417055,-0.00843115355007053,1.433367871213337,0.18929443723319256,-2.1726224826652314,0.7297930829441628,-0.12863995374858644,0.19918898414261296,-1.0224804123448457,0.10983798025683851,0.61646225010692,0.4017053222362335,0.9270640489245153,0.19144718092903198,-0.01921711317677182,0.6129013870797815,-0.15677232648094633,0.12012406038497661,0.3648845248396763,2.0891763627080695,-0.14907370852767157,0.13597430162246799,-0.12802677646100752
0,1,0.46539840702074586,-0.1819043398387797,0.17003171620648969,-0.7328711453107728,0.39716296278896396,0.29572619779711296,0.28878367237164965,-0.7265509198074561,0.196763629085322,0.29875241463193963,-0.2386429346607757,2.0698478159812037,0.8172250049200004,1.4092896758201865,-0.30952509516148596,0.4965570559178338,0.18211470161430446,0.666795398221471,-0.06876015508369475,0.40460018783468715,-0.4171543376811642,1.4902679014728177,-0.096859365465577,-0.3939652688249683,0.13376772134282808,-0.3241131704410797,0.05214549835380635,0.795812970864081,1.5807603524954708
0,1,0.887791858662905,-1.2308665685548512,-0.022810144347178592,-0.29643547005502674,0.00697972261721581,0.2916302268785311,0.6131044459970084,-0.15839674647056692,0.8837608928643835,0.5800715643894351,-0.4307065671451602,0.96012525028584,-0.6079615184582058,1.0798433233123514,-0.30527361686911225,0.7965061930086452,0.18460319205816653,0.6025243542487349,0.02740154924781665,0.6093049119293685,0.020581550694408892,-0.2278991022102857,-0.25239007174261524,-0.7209706420998032,-0.6990237466823704,0.4381673942733358,-0.38071756537212365,-0.04303654276231769,-1.062095756803803
0,1,-0.19936918718398836,-0.3839740547638508,1.2806736972486448,-0.6241074958793845,0.9090888540745231,0.19954630952883787,0.677738472256156,-0.09363962586907841,0.040914947910406944,0.3721634134430332,-0.05266445589398469,1.5535145634395042,0.7592666066222201,0.9218880025378241,-0.3103076421518286,0.5355005467690385,0.1737727304363797,0.29173288200733993,-0.9347845463238681,-0.09876174414828305,0.02282614786731934,0.48963037687743727,-0.0904778112683145,-0.42276404243775006,-0.06754999116203869,-1.256419641689615,-0.09603065264612787,0.2661880073614334,-0.09020321013559424
0,1,1.6650900097680992,-0.7342301158484609,0.25244170583320513,-0.4407002408615998,0.013278319524678362,0.30531654155092214,0.25950600151252906,-0.1298357174931573,1.4540543577350904,0.5522978207586866,-1.9895049455551201,0.5743489224175998,-0.005799026054905787,0.6141136569580018,0.45623277942055024,0.8188122912107306,0.2029449120355579,0.465624159853827,-0.14828977385077158,-0.28696342675898123,-0.02329721688033753,0.428844947782263,0.020797118733585626,-0.9367501430262599,-0.46726453700267356,1.2825803393870958,-0.2593236003780879,-0.1892259040250252,1.3645150166645261
0,1,-0.8386159971330761,-2.214692475301375,0.6433136842257344,-0.6176714953396215,2.5647048832592727,-0.3033775597757478,0.052012064365862754,-0.1831306836908226,1.2714177423014894,0.6580894393425349,-0.45953179761128643,0.5664570737607435,-1.372607917986712,0.738511537835015,1.3040185420895043,-0.08496815738674447,0.7350258710230265,-0.9165232436913656,-1.4571196226067906,-3.5578840295753404,-0.32215623089083634,0.42601402870707483,-1.574334707417599,-0.9649295962097064,-2.0191766791881838,2.0121588338116805,1.1969650215624623,-1.6791133499600004,0.6700573042991362
0,1,0.8760464022562525,-0.30014532685732587,0.830081048298475,0.33984575016062435,0.08717553537173457,0.2532926319248602,0.3421961762892512,-0.07508279223340196,0.3664377194010774,0.6111320346741954,-0.625505840204814,0.026292734740210887,-2.1114572408259207,0.3680875427760291,1.6003861966194544,1.3096759048952593,0.7115377472501418,0.5317102998404655,-1.8908283380923248,-0.49445528727761523,-0.0536677209676198,0.049555383878251334,0.020071040657714857,0.5235357275579066,0.21939454988071508,0.190455644575759,-0.1841658376615276,0.06322144868471932,-1.744664110811514
0,1,1.5994320776439386,-0.40926530305628117,0.35489958305255354,0.5321496816084194,0.45572743518325215,1.2583639991557043,0.2599197972928058,-0.03779897442662859,0.16845185677568408,1.3404639607787543,-0.8503413118176611,0.9684595028968925,0.8203604892030355,0.6128663460030932,-1.1967034740032143,1.7866382808994519,0.02473298061081853,0.8188950326406647,-1.2173194606974207,-0.37305486973413615,0.0015173433085381941,0.5893445658191684,0.04179655321201675,-0.28182418850244423,-0.23265920195893847,0.19344292385537476,-0.21265079862426906,-0.18258150921278601,0.646655035482878
0,1,-0.9264008308036603,0.7080500247532355,0.020305900086448007,-1.6246313011300604,-0.46349054978995674,-0.3272233724227575,0.0017753177055163628,0.5302993222036685,0.9933021405691198,1.2662367084877457,-0.25666393629348444,2.2438742963260063,0.33460134431142124,1.5431302067082957,-0.29853656671264156,1.4476301372241895,0.37365383180938605,0.40386914248359346,-0.7800970941482352,0.63175843562195,-0.12018425276309702,-0.31088611713980613,0.2891770701942706,0.7176052110131682,0.2975446948750826,1.5234922868618748,0.26465424395280684,0.3400162150719533,-0.10771312457752069
0,1,1.5264137791512222,-0.5373034313944195,-0.20762153383018817,-0.2002260655933104,0.6865008830053558,0.2045096154742504,0.8178214483123601,-0.18657504393099544,0.28462135401578176,0.7656677219385298,-0.31710624077043165,1.014805659999101,-0.3069098866078445,1.4826243211450458,-0.38728452818830733,0.3901062982459693,0.17957459508449714,0.4364975091318725,-0.14960843233788915,-0.16368985666250174,0.004823823686090129,0.29817578386559745,-0.15744572998998566,0.5184778504211031,0.6099634311784963,-1.2931796923673426,-0.2979999763717328,-0.1973079838132056,1.6019024804503361
0,1,-0.1221546889949256,-0.08717933722667014,0.3472139335860023,-1.0671325632917508,0.8294451974469712,0.87444825889013,0.7044408245995385,0.0642907767150143,0.12207611701079074,0.31700008766261817,-0.22342046621032347,0.8283769179950746,-0.9763287471308059,1.6842008874524805,0.7909461263751129,0.04504184643566905,0.4906347630565455,-0.16788982613380016,-0.2447664774085742,-0.41157722528130053,-0.0710666798374523,0.038670416124449804,-0.1359646432351048,-2.4877419587500134,-0.4074754899836828,-0.7039927027907065,0.11982914291984509,0.19869796207806592,-1.71192477132414
0,1,-0.5407437866193873,-0.4234329686387625,0.02133655715489516,-1.1832351550154447,-0.8120232214001009,1.1899460726101276,2.926443529077204,-0.11359391893705123,0.11478499139132818,0.04501517632079957,-1.54173720800956,0.8064628898111307,1.491246343909477,0.9331183036965248,0.3544662804450787,1.4526531759694061,0.19000799076793629,0.11996458103125524,-0.4707503418840561,0.03642617312469984,-0.15982712806932334,-0.5247396358393853,0.5319934998343947,-0.5599654630825047,-0.035466280254201524,1.5159607797241905,0.5045828557187529,-0.6561702002600224,-1.156158313707905
0,1,0.9254380840285222,-0.5522946311732755,1.1851510986259925,-0.15199887957970742,-0.07286304716768449,0.5846593751703552,0.21255127158125728,-0.04554719489495087,1.0845912360648926,0.559537339028898,-0.40237208988393863,0.7858006316625821,-1.4752570624698378,0.7920444537991508,-0.3735046948662381,0.7419239135869627,0.24932810581949225,0.8384584819180494,0.053027384806330596,-0.432929617810306,-0.09423488138813532,-0.06853259469235912,-0.0487008833924407,0.03399285490533252,0.49474119053006593,-0.9770026007803515,-0.15247712748010053,-0.02430208492734458,-0.384463376021358
0,1,0.870515530961136,-0.572509798891144,0.7738811317225844,0.025327949840599658,0.04429639877070456,0.486026339553473,0.38881767291947994,-0.13405307382590953,-0.5104125735357548,1.385952162049832,-0.18490089150725866,1.1364773224969051,1.297792047592919,0.8040922398290087,-0.38987553755893606,0.18178807257596735,0.17636272756793478,1.6645837209839245,-1.41492115561654,-0.4834150815236672,-0.20509529329400292,-0.7083290018813037,-0.04719760166690924,0.03061252393598058,0.3343568034033159,-0.23963520150423218,-0.2217705845413137,0.017126389156595315,0.5795353925000836
0,1,1.076831139443765,-0.8449320333758551,0.7185856543678975,-1.755762926356638,-0.23562014991778582,-0.22844322169590411,0.2754209501706339,-0.1919916308554562,0.747469083248493,0.40297356307761795,-0.8231287739545173,1.7545565258385938,1.8222277945294136,0.5070493184270614,0.8930082877698735,-0.42285994302021923,0.482020237600716,1.1328635302424335,-0.06516590911920715,-0.5404905370085228,-0.20330622020201833,-0.29465651798322035,-0.06199465749811907,1.0123165960134348,0.6361863215161787,0.00216034050208214,-0.16173303298395958,0.0060027591659638805,-0.8269800616137204
0,1,0.043282723906846295,-0.12394929249971799,0.3729973278526685,-1.146469558544581,0.8070249371937872,0.24449314029829067,0.9756440678249836,-0.1949586315727936,0.7719290403417254,0.7322095753596365,-1.709677553714778,0.6681058901471384,0.8080035417681941,0.5267046494366777,-0.34298488929953763,0.4415241239705431,0.16495776677154284,-0.06903731104635998,0.002982099465384087,0.20384196861096002,-0.23610946805275135,-0.641925482837529,-0.03299802673129592,0.1617058126610647,-0.5492046517781689,0.3134513836008297,0.1536359947295522,-0.06454719992326702,-1.1743818803446509
0,1,0.7434413151925265,-0.9934232347363324,1.6652626675763005,-0.15160299692187396,-0.376280796772891,0.8267785099657514,0.06539983492499178,-0.03274596727065173,0.709980696521978,0.8003782718971642,-0.5194336224535692,1.5332063600320438,-0.3730699900813818,0.3490986932635736,-2.2100283876405116,-0.33093268603176695,0.5711938462802733,1.6136866993049528,-0.43588448393189705,-0.5831789965201485,-0.20876541676546215,-0.3733773858219928,-0.08854891285290217,1.148552364008503,0.39551941603378543,-0.7629006170338014,-0.1036679993526491,0.06016403897704493,-0.34260207894806805
0,1,-0.20564732305938294,-0.2591714569813675,0.5045791547161085,-1.0309553282910588,1.2223109103234748,-0.8934293128989218,1.264033623908766,-0.22755861544923506,-0.03511130167823032,0.27267490765720404,-1.546449161845824,0.16342829805660264,-1.5312826499697312,1.399678823718894,-0.7385563372259765,0.13055879708996063,0.33487141847668245,0.0149829582638929,-0.600630921476657,-0.31349758790714477,0.03176710195548648,0.5802324375635339,-0.6576914840991142,0.31143692204387396,2.499099272258208,1.5797558588384089,-0.38319429725420934,-0.04796132926729117,1.537528436237426
0,1,1.747701069970523,-0.33270005687344356,-0.10023532512607973,-0.10689723931943595,0.5579158937534343,-0.010139489841443826,0.5930598517185185,-0.18778689537249624,0.5618082077981003,0.47337362597420857,-0.8830104268426593,0.7769036692384542,0.7921822707091605,0.332342702660051,0.7749793702880678,0.6874636531821212,0.49711706791374966,0.6302611868386631,-0.8877304844835114,-0.3513635287780923,-1.3408630789904062e-6,0.6446665121066292,-0.028139049188906803,1.1564720003727424,0.44233213982876546,-1.0963840901594684,-0.19620083071605343,-0.11465333710454245,1.7281695010623959
0,1,-0.17008963005765723,-0.34617642011465244,2.3350902022848894,-0.28018602226523337,-0.1784919794239922,1.0377471090728578,0.2144090117444241,0.09437196931782742,1.3912047075562615,0.16401715719418425,-1.881286518078586,1.6700982277315948,0.629175011899659,0.22590034362936703,-1.856992461634005,0.23412563936914932,0.5245809864613609,0.04477105251676039,-1.0305927143105282,-0.5733453298416304,0.021853354696715104,1.0452396899157022,-0.11432200913833276,0.38745056469579714,-0.3023765691568796,-0.7156844745693672,-0.29062022943331345,-0.12257352697718034,-1.2587585345475825
0,1,-0.7200522593950637,-1.4852405301223595,2.4789701529150796,-0.42980542073802724,0.2994339187053006,1.277942935843537,-0.07197024776764457,0.1760107534608355,0.5059269227986347,0.3590400206082104,-1.0213341057128265,1.9490802060445467,0.9427893126295485,0.2629240990821144,-1.139409013929375,-0.6406173145433919,1.1920810567735123,-0.22004542496933666,-2.6998361807529245,-1.181423824090801,-0.15202957300892364,0.16612312779431118,-0.45517135387349933,-0.8629825941374256,-0.01889952559975895,-0.5945607333745361,-0.26749298683339384,-0.11635815403027094,-0.5866929315780852
0,1,0.242837871382112,-0.22454810627456354,-0.06964998948973808,-1.4952255792547737,2.0323481406077804,2.0689822190451737,0.6142787856540632,0.09621879710257134,0.3947856697400886,0.2735914045226487,-0.5192075362010907,0.5186622746881038,-0.3448776215021777,0.38943386506937,0.1294350994469633,0.5761166701265958,0.5315234734776888,0.0480647328613885,-0.4802918955735368,-0.1470346325737856,-0.20101912058095292,-0.7715475649703561,0.08824979272947091,1.3066981623955378,-0.7775712135674242,0.38734819076696225,0.08083248761530439,0.098013424213952,1.276644228293885
0,1,0.0630115854211224,-0.3237736591714316,2.16725640150297,0.012041387109822606,0.2632962654700563,1.204885550340047,0.5217454684342498,-0.08692535370846509,2.1795952527456897,0.2923411898557888,-1.481282513778016,-0.4103434355213848,0.30010165311034787,1.1634299318548016,-1.7682726890178735,-0.1844627418532964,1.0595088127223748,0.056163076852874985,1.0056993578071152,-0.18931801450121774,-0.2851285268304054,-0.6796543572054339,-0.06657996654738325,-1.338951427847304,-0.6796093925623404,-1.1056462905354472,-0.18743939318640343,-0.28628007517032733,0.5984173795935565
0,1,-0.5529417538923285,-1.3564635194287076,0.4641619803206984,-1.3588941228596685,-0.9617769107598974,2.0485255702366354,3.5384181101063943,-0.2850890719776213,-0.316048430896844,0.21715571988564145,-0.1917116613070958,1.0463050718359408,1.880951429694603,0.42067255402236753,-0.7261581601808488,0.24995680869879178,0.13229713998831721,2.1266075511189184,-1.5772499430711902,-0.5030192590679897,-0.13004143135517277,0.2942368958200748,0.41103247276680377,1.8049327243619129,1.1106286140472124,1.3625554011758896,0.4470220499705794,-0.8403449574294085,-0.4494900268238278
0,1,-0.9397565074390652,0.5706242552421241,-0.780662438615293,-0.18504217185901534,-0.005254686741684639,-0.07893384468948353,0.5113094492412499,0.23673038446221414,2.449008661435042,2.151807250519354,-1.1247993127782412,-0.06749015431477758,-1.8238549499609789,-0.29719117864575273,2.4334122992045453,1.4808994263132345,1.8970706550713317,1.7353594765513853,-0.6909531333025488,0.9128461505872887,-0.40382671543997034,-0.6936192112303843,-0.4104806554650587,-2.543663595440937,0.09206867882857933,-1.051121811471939,-0.7172710942757488,-2.2154935775263422,1.149156295576636
0,1,-0.12154499905885742,-0.1329163485750561,0.9438519168356178,-0.25345593243133907,0.3321775295592219,0.7835670597137019,0.488914252740115,0.03289791669948019,0.46031911480407556,0.37314382546824293,-2.135836157449844,0.6481068315736325,0.14036203637105937,0.7731873232615034,-0.04457600886706185,0.08762635328267798,0.5300050982401862,0.148800839482249,0.5352439546483168,-0.13280021458567648,-0.06471896759753122,0.2684235657837,-0.21366502183137212,-1.4129036890046498,-0.07726940105416376,-0.38303666678554665,0.17859856037881872,0.2361989904707266,-0.2495017170601985
0,1,-0.10303649668447529,-0.17956997039913358,1.3996840452415271,-0.7380559297257542,0.7017536977191027,0.23405428419923016,1.1977325492685245,-0.26470312206630936,0.9668283302184526,0.3953170236222683,-1.746922320381551,1.150215453046807,0.3612126577214362,0.27067205693673063,-2.501468386594861,0.07823523425794436,0.23606507316125105,-0.32431745182061517,-1.0714750127531034,-0.5106453832322211,-0.18757127231645163,-0.2969253805362216,-0.1952032657604532,0.028325427750846503,-0.20485351374966654,-3.1589821309443913,-0.8032358345710258,-0.8179125848824034,-1.5688091636604644
0,1,-0.257953625178242,-0.034445785530028555,0.4965492802946696,-0.2223850246232476,0.240527135613007,1.0260524572761665,0.4078725425507846,0.16770376404198092,0.18535776814874586,0.4535543486811219,-1.0312652798258701,0.6573798003087509,-1.0209734026015842,1.3996352192994737,-0.35634622636456104,0.2607220050662946,0.5070036817662038,0.6209410022174018,1.0826575999610637,-0.34888189285423626,-0.07325291083466835,-0.011590143415023332,-0.14796427533519269,-2.006757354984577,-0.014335346946468017,-0.36222438282043745,-0.14380229182116958,-0.0634260841545303,1.2619554928950216
0,1,0.9423950501360131,-0.514939888280951,1.1553376082855307,-0.17817863547414295,-0.04358895166963951,0.543070796558808,0.22882298851008812,-0.06408727094131576,0.9107056944775043,0.5766703956003926,-0.28013634664084647,1.057239502831004,-0.5460774734105047,0.7540267103236129,-0.01590013061472148,0.8385504160779624,0.19575670428999467,0.9892419748218164,-0.13982992744976433,-0.3722764186861137,-0.0229410766135564,0.45722090511004726,-0.13547327396293,0.12394095461627783,0.704902894992026,-0.5946455848117446,-0.14941602173451127,-0.026303734318943364,-0.445665955694359
0,1,1.0574744275587489,-0.45948126682863905,0.41066685756298443,-0.5548382890066518,0.3182694517182555,0.47487289683358225,0.4415687041588078,-0.12328317893007629,0.45096317918287987,0.5989173868204392,-0.48963296413557794,0.9378132997962301,0.3312313801558937,0.9606681304365194,0.4622572602723088,1.0894194668560278,0.09952545698547763,0.7038330563649834,0.39200031581365824,-0.20730802080585264,-0.11824028818218935,-0.3499498426333832,-0.17122896500146106,-1.54671327884285,0.7070565646518691,0.9969616480016427,-0.2786455610337399,-0.09818420697294569,-0.9048495449893504
0,1,1.2836508307933951,-0.8038323308440062,-0.19313387123643316,-0.3978683778578159,0.6958997939521745,1.2322338316014538,0.4251087060762013,-0.02710148818308483,0.9324742990991123,0.3725866678558764,-0.1664632453661544,0.9594054913742022,-0.8111299036009273,0.3727276262249312,-0.26540046530984035,0.20870927634885225,0.8974418476799669,0.013393618080014647,-0.7302981668053142,-0.07270890506499023,-0.00703819480434844,0.35135706219455615,-0.10679052738785708,-1.534521985709527,-0.27888718430500925,1.1202472775466135,-0.26079419514009594,-0.14310572438605706,-1.4214654210991742
0,1,-0.9374365785375298,-2.8913118963230535,0.6341905649102415,-0.27960962030737185,2.4500245869334445,-1.064428414088375,0.42927553546717606,-0.09854478419536937,0.2654003192980933,0.2804040992702031,-1.5444854038192672,0.8927565234987817,1.2261082835535566,0.8033898183032383,-0.0421395312398937,0.33775943723963614,0.2714882260949546,0.387600323224148,-0.193644883060824,2.5228739744713007,0.19983923989699987,0.05214336054598531,1.6134672378626962,1.0485458751620684,2.401291768343804,1.2191585954159765,-0.38920436481828075,0.5123048752010438,0.16788743463392983
0,1,0.08872345089177225,-0.35134446071835457,0.4364790325008964,-0.5728139135668269,1.1492408791671382,0.5741442481667919,0.8775210158791082,-0.21353511972598546,0.5625896824314708,0.486241141389467,-0.7463914451045751,0.4093213749553073,-0.35866903915600085,0.15147565283814435,-0.7391532548508003,0.3628000016015568,0.5103155236356655,1.2492418918197024,1.1884115765164818,0.030506845247793762,-0.07670616302231525,0.4407751425872011,-0.38568233257754775,-2.2189013830718083,-0.5561460272622107,1.1936581768702084,-0.56005081294226855,-0.591308304600047,-0.828484399743329
0,1,0.10165260761544985,-0.8519103285063395,0.7783728736497072,-1.8954447777027696,0.09588783057348695,-0.30282557897441204,0.5065193167970384,-0.2723922358786103,-0.4617091663399889,1.3519061351979744,-0.9617071535866345,0.34594946382565395,1.8751217910304423,0.35273688613812065,0.1167593946025304,0.17204480124378882,0.45088239397397206,-0.0058861679709033615,0.08529731316902232,-0.7964961267869869,-0.30310080013902896,-0.7431527139682835,0.8318787641617379,0.04544256854573282,-1.9049942286642936,-2.03023138014968,-0.3371180935793581,-0.5638013699074833,-0.8753209136452665
0,1,1.0726888998159743,-0.39627561981232184,0.33672079880345474,-0.47023497767703176,0.43308334715727625,0.5334309817550061,0.4512548884533088,-0.11609739034997521,0.6054496922093924,0.43573623462082767,-1.5158372545215104,0.39876416825382,0.09380986645284294,0.596894469890461,1.7743346181968123,0.8793131585263878,0.3409739675542247,0.12788431184830176,-0.1516286617339504,-0.29603153822199074,-0.2082116267373768,-0.8546393041209954,-0.022514771830006504,-2.0833851624588866,0.3897064534800381,0.4906994463990769,-0.23515963759652894,-0.04612061604795103,-1.2392050457962553
0,1,1.0213998994025828,-0.4168898935756408,0.7366189920022986,-0.34470933922166386,0.03380571032734999,-0.19907830866527834,0.47458768657858,-0.1642990256574218,0.5913267442685172,0.5366539401419851,-0.8409937109757755,0.5680083238122913,-0.4352257036994463,0.9714334413451995,1.2864396511974698,0.6661055959899663,0.292924241983499,0.014096135585099707,-0.22902263380960824,-0.3445059779580679,-0.1732456081914545,-0.7009661455046089,0.11936370312590149,0.8039105747118316,0.18142461319608646,0.23848176146705666,-0.26279837666283057,-0.03198291473004856,0.31323847422353546
0,1,-0.3613562772594085,-0.18959868979714467,0.8606305964640173,-0.523183733356206,0.2628617412409588,0.04004062004377695,0.413394255598153,-0.19482546836972045,0.35708716242061145,0.36124137808622375,-0.7879767926561119,0.453134481102411,-0.6944410983734536,0.7574777538099922,1.457657770833761,0.6349386260933966,0.604155154382249,0.02285325727484052,-0.46799829124729014,-0.8178262116711564,0.09148108551332909,-0.7301280793332087,0.6838840549356153,0.05935237202948173,-0.260074611000758,0.319173165927608,0.010868862538720953,-0.24473364754794275,-1.54649263453775
0,1,1.7747429683422011,-0.5230963919013629,-0.022006995886184478,-0.5555526757325192,0.45498523464886903,0.3846556006493968,0.48003883638502926,-0.1488908347253405,0.7869999430087129,0.5794313529824824,-0.2800029990576952,1.9480390733972928,0.9359901534264102,0.8889002416862929,-0.5186127539565109,0.3499616012276744,0.1931810366737312,0.4677383118574648,0.1670716484704863,-0.3527498021601114,-0.0063959435437246125,0.6687716801946709,-0.028751610163569946,0.6428086886749952,0.38094810096375076,-0.38323954897002604,-0.23434976844337285,-0.2337500679287926,1.6265125801706566
0,1,-0.7307047097634304,-1.726541729999706,1.6077945621781407,-0.7446984674692466,0.09269466575769403,-0.0026670917603430627,0.650709638852876,-0.09147152071338563,0.9449279220478973,0.34814187910589645,-0.07344929429986927,1.3252846792038593,-0.15018791134735987,0.5239759173204782,-0.8752672424091327,0.9195417040950365,0.2330042695938415,0.4380988940174277,-0.3668352636458211,0.5390349023117383,-0.0697388403579797,-0.0816261089414542,0.6397238413702427,1.3139315654274693,0.06451958857008577,1.710554312921377,0.16329556552269114,1.4826958130928936,-1.0204132361459155
0,1,-0.14992428182747264,-0.6319401219526374,1.5667407981355475,-1.7737856715669482,0.1254022870536642,0.46483633245557754,0.5818634729151088,-0.1157696854992451,-0.07753006610002898,0.4080146277174965,-1.3540733533546216,0.20260599348547964,0.6590100912220072,0.41952471425186,-0.08306712619008991,1.3363853609072918,0.4336353622983095,-0.26144662999681123,0.19714512433021317,0.341122201919139,0.06976579745182422,0.7544013002996511,-0.15093781226457442,1.4088499987711582,1.1204936233450291,0.034256473482245746,-0.23688700967809134,0.09825915087167801,0.461359821518488
0,1,0.0352140795053238,-0.055501442556454936,1.212377951109286,-0.18330537683587958,0.3757024397757285,-0.11632120224658152,0.8470784508185082,-0.18540050932125862,0.9133746062210447,0.41257238105781585,-0.3596802621107654,-0.34173671641447734,1.6474644523087727,2.2528086304474555,0.11711220820139283,0.18217222952426815,0.6345709313553818,0.4383044214054389,0.10665039989142613,-0.06836686438107441,-0.10750823089619266,0.09423592117576211,-0.10564557190313861,0.72292628714428675,-0.4472115086552639,-0.952851207690468,0.25562255024266844,0.4702064567602697,0.25881922406829583
0,1,1.5354238880326436,-0.39820613689526774,-0.23488047300821377,0.30273919640889696,1.9664276574474253,2.397008899799851,0.4604042629795147,0.07342504225885745,-0.23174657578742652,1.3416851453360081,-0.7504735950991992,0.4526561118326093,-0.07991636352841613,1.2309467403464827,-0.015837913156110557,1.0488111997462244,0.14319615456795526,-0.16858743760871409,-1.664079762777217,-0.27550927244368123,-0.11712721808258966,-0.5851929097536849,0.23800772762098765,1.3908099934465576,-0.33008688201302927,-0.5556848647242364,-0.2788633330792933,-0.18299105984077216,0.08746421010494508
0,1,1.7783162174272638,-0.4932388812906779,-0.3559515640400662,-0.5017130469688547,1.9064838131664261,2.1084126291843432,0.4675093573776888,0.03486265027699033,0.5149400702735919,0.6772909920738158,-0.7688281740405514,0.8492144984077541,-0.320223872475991,1.1991705387875329,-0.19223437565938123,0.0671901162409907,0.3228839049891398,-0.11729333968060408,-0.3683193296240018,-0.45660392168765007,-0.06213256336878878,0.17594040583679163,0.02221052448546299,1.5598937351879003,0.7216818400832011,-1.1645708095833365,-0.2179701783510054,-0.24980439829579568,-1.6826868333384344
0,1,0.6941091424003468,-0.06018578788972067,-0.14714662618518656,-0.4138421118334684,0.46772823498098653,-0.25248337723368586,0.27339158530150376,-0.7352695045845766,0.4717514671889351,-0.05425726067136032,-0.5921401774032634,0.45740183607839796,-0.522981206376501,-0.006027174756741183,1.1521927831598566,1.1434732187231806,1.2729198211952117,1.3851396546870294,-0.9986727562114838,0.3668570545721278,-0.527286348639544,0.6916266136274815,-0.07741466089173084,-0.47184119156125237,0.9665418547492062,-0.08930441375319476,-0.17845344785967693,0.30846401899423564,1.6379964212933973
0,1,0.029478851908345004,-0.12414910404544616,0.7687733233003551,-0.26983443321505524,0.1649134105177524,0.2493148313952273,0.603172069519319,-0.022393997759817375,0.02612826430397696,0.47169089307795553,-0.2325710459804857,0.924335961940508,-0.2739603696456012,1.3357128078135447,0.35124562894848527,0.5461876558687756,0.289118531424284,0.8905559920653084,0.4893984309523889,-0.2759742421351342,0.002940749201849909,0.36373579979265963,-0.03482722791911465,0.09244956826407541,-0.30997867392648953,-0.7772265213271868,-0.2932667645142275,-0.15289933864372665,0.9088255615372439
0,1,1.8505650309124493,-0.7515298808182629,0.04144621264389899,-0.8040011700149342,-0.0013470962894472547,-0.3724419896036472,0.39999905370498196,-0.22515821657814972,0.1386080475593394,1.0114933243145297,-1.2367003538380081,0.6240498136151147,0.7713559204496787,0.8345602006399324,0.4993321970661573,-0.18589762072507257,0.33078599485035176,1.15150659671369,-1.0706106375945739,-0.7725259688938748,-0.11519748898959642,0.15218220254052836,0.07046367615972579,0.26784507925976736,-0.23866989857362222,1.6235124153091034,-0.29857937702456866,-0.2166410147816765,-0.3320077595019649
0,1,-0.03377980722508697,-0.14025278112737288,-5.650749969408221e-4,-1.2888181923254063,0.8795732715647064,-0.1947769066582815,0.9308743394556148,-0.0690153075658075,0.1315734776907675,0.37017758795760297,-0.5252669410791332,0.6709850273407909,-1.0761877953427328,1.7875566869740263,-0.7608562455980863,0.34273613188197694,0.23516637588649672,0.5849014796339577,0.1301248326464138,-0.34244101776724,0.038466397272784184,0.7114454514921983,-0.20286597274950732,0.848961766528411,-0.5567377691041262,0.15903894586790632,0.09748847798057177,0.3237058675658638,1.3035478986118119
0,1,-1.118564460322904,-3.4300993501036854,0.39891124107115167,-0.9411311218841195,0.8295405705765124,-0.9071418035441101,-0.1634552699047799,0.1008295691764077,1.7097813338280838,-0.006523939914173862,-2.014890115144611,0.5651247361022221,-0.8919212597641807,1.0190852901927065,0.8983984117775277,1.9080351656754495,0.20444203180582882,0.7129393929916875,-1.285021394483634,-1.0049850138810728,0.004829495830906535,0.06969831961982083,-1.6059525843569427,1.952871537303625,-1.5953835748616647,0.8956682403023041,1.159992580598839,-4.420597037206988,-1.665945802829419
0,1,1.8085102268020743,-0.42851395350370636,-0.07445961594335714,-0.43078277205955934,0.4141410428397464,-0.07428085261534005,0.528259197443981,-0.17268691169351225,0.8285732342222001,0.4125204502038977,-0.9783563411503764,0.6373178115611302,-0.1141067008136156,0.37716943832857336,0.26751156301719947,0.6092208700868968,0.6100824352057763,0.05011221500145973,-0.1507014102667336,-0.40104676243993786,-0.21025568103620662,-0.7963929105226591,0.32279748523864915,1.1074242452095902,-0.5638481691443687,0.4135568455358259,-0.29163034088805134,-0.15605463438448744,0.19203823884801227
0,1,0.9640305080827085,-0.4606866540792887,0.5187378401158401,-0.4520872667499925,0.10492297587137345,-0.17362415764575453,0.5538247806869017,-0.16736164929532815,0.5286969920252084,0.4974046420230251,-0.5269723075815247,0.6453904843122152,-0.6321301160413116,1.1018707331682578,1.3298340886669955,0.2347575665106215,0.4734910349127294,-0.26037832718864806,-0.5394505677156836,-0.3361846124216613,-0.07903260306631141,-0.07144654768717794,-0.009384972350198856,0.9909313546116021,0.4875979176643908,1.2906950749888273,-0.29305987849126397,-0.06443987161607313,-1.1070166014740264
0,1,0.9044512925320235,-0.600273961814935,1.3316987977229398,-0.2757697792322637,-0.18058728354359363,0.3479189284005141,0.20488104173116262,-0.0620987313761639,1.0608266880591057,0.5396137602898529,-0.12408489393893012,0.9961109334481812,-1.3310815101206557,0.7593601673902471,-0.4146597895568057,0.6804022610316308,0.32165900464748437,0.5269895327694037,0.02264478882339835,-0.3790225282274973,-0.08917230346578374,-0.053890954893643477,0.03614457498433678,1.182057895671208,0.12067911829100741,0.6558720773413257,-0.2175233866536518,-0.03355642838223224,-0.7813702736841401
0,1,-0.15041363810210795,-0.008007544955611283,0.7370398205887856,-0.3910163857699091,0.5728071027727273,0.4839057540281959,0.8114008479036322,-0.1516251919806599,0.11207208144411877,0.5583509842052476,-1.7971726309391418,0.9709385302915773,2.319413142974107,0.6609838723540015,1.079448190797919,0.4432050515751613,0.1922293197514401,0.4985498067162419,0.6653497892636027,-0.12532488124894117,-0.03838906628210338,0.2939377565251445,-0.3916687923681779,-1.4568312941887496,0.055339315589182134,-0.6913976305882382,-0.7780252006737285,-0.4291553729787592,1.1571750718675056
0,1,1.1085437530336868,-0.5598577467770463,0.25691584882747986,-1.5149292091060471,0.18530702686827819,-0.15380003090879465,0.523393279723017,-0.17180099681139632,1.3039601842097202,0.20706835969096907,-0.9329884839409729,0.6711674350200212,-0.6685872438390702,1.140566769862728,2.264859872973596,0.031071155818522232,0.4380301797314001,-0.017384395272041817,0.4308324870924516,-0.3709409016829326,-0.0964114657378657,-0.0543257919519872,-0.14023329466401116,-0.6779954203799703,0.9954299749311173,0.2031076946598255,-0.23275824048341953,-0.09229878631415955,0.32635019815319605
0,1,-1.5322190978137487,-4.2300935291960355,-0.5878407727154696,-0.7049597446089996,0.017850126071386682,0.9945343191154661,1.2235214672206183,0.059691800100045045,-0.25209434094220967,0.34894490709552206,-0.2721212549039833,0.6822082744191708,0.6179020157283022,1.4978330450287125,0.39629838238163473,2.2715118122860787,0.6766871591064428,-0.7088864074727252,-0.06520448206119453,-5.25994340744946,-0.37547314722469755,0.6978892358674608,-0.2757915689874378,-0.8607854052394408,2.0677844664168576,0.33474643692918754,0.6158662397061375,-5.583183937456405,0.3074042585208798
0,1,1.709546995381684,-0.4516284440894989,-0.10910682050286737,-0.45565306956007107,0.40657598691735036,-0.13551302898597853,0.5493847933320617,-0.1785780746435015,0.6829201388841667,0.42910722816337055,-0.02924324782821574,1.272111291967285,0.3022950767802444,0.45360029268146573,0.2309584295114177,0.7306825727762282,0.4304019664162111,1.0784199235696073,-0.21682557988226037,-0.3261284355280819,0.01488777976739965,0.7264127213508069,-0.09964246743374182,-0.6909949189970206,0.28356785403833984,-0.21470149328625648,-0.22990760333475718,-0.17608446359641028,-1.6410653582858064
0,1,-0.36593107111063017,-0.1559506247593337,1.527248851205375,-1.4619736681770668,0.3485238695757016,0.0625309075311371,0.9171157019641126,-0.23663794666560978,1.0757280340636761,0.92566683948164,-0.4940121394519934,0.9007378103323124,1.0081896231184306,0.3230219489636212,0.8990106613399302,0.46822616451636956,0.20059713392239006,-0.2775913928317261,-1.121728202020967,0.18652722490823895,-0.18151519177965902,-0.011149610309786732,0.04215246273634961,0.36814854163881133,-0.511926172733879,1.4452341770854114,-0.14049056943056715,-0.22187353589379946,0.42804490918152466
0,1,-0.14606903979458605,-0.09704264732905944,1.2121926456091139,-0.11954417064225484,0.2161763457664566,0.3769992441041308,0.45129795949951806,-0.016800924700861763,1.0466400737283263,0.35515438503697777,-0.9985592708830684,-0.46728648655337224,1.1716527118096909,2.4754319503598707,0.8896211103401503,0.6009918075864884,0.5756130041581581,1.0000413802660517,0.47468238793891676,-0.04157834126722577,-0.13280554365097133,-0.3198764410849088,-0.05251598947024218,-0.8592322797366468,-0.4225404583954225,-0.880358229784133,0.08827670805259914,0.1791262395470273,0.514194792870565
0,1,1.0296079017435942,-0.3275619403425304,0.6414581763377429,-0.3259250476055981,0.13057398881871596,-0.22351469600064866,0.529974047128828,-0.18724879159272498,0.4170474268807708,0.4357349741000007,-0.5366315462954643,1.2580809300436153,1.3505682734197573,0.4927602777981125,1.107039057366687,0.7321092848478986,0.3864361330977285,0.022241372808225975,-0.30767364787035795,-0.21007107033951222,-0.17804446169646057,-0.646066234173041,0.09682875676218128,0.8360234895148313,0.2853809426275751,0.22589410288246062,-0.2405160954822082,0.004415674501014482,1.3519425289146576
0,1,0.9601032898219675,-0.37211998094696613,1.1779449726602382,0.25494880781679485,0.12549566735633413,0.7413934650825309,0.30139534603184637,-0.09834110348335258,0.4288116080489223,0.7897639150966566,-1.764044024314667,0.8378583693652667,1.384792632925726,0.4621571405186485,0.0578482643110325,1.2046007317509662,0.1463615655953938,0.42582240419988726,-0.8101070857644043,-0.23679916890362876,-0.051630872088034,0.27819862302283516,-0.1683517356529143,-0.6353321210476032,0.7600117579591138,0.366188316355379,-0.17110704239374896,-0.004348031302061182,-0.047490181522255065
0,1,0.8345045736854985,-0.12790644136067494,-0.07222432149642456,-0.10007860284380041,1.0978328592063544,0.7226540947761293,0.6021084437687932,-0.04123227444439044,0.10788566624042277,0.05557046957364819,0.7600376467053713,1.0307679887620724,-0.2921205100096323,-0.24228985491527552,1.7353287738992225,0.42023914758682823,2.319405599243254,0.2058964792990384,-2.1154492079748795,-0.3851181278420616,-0.09067791393705099,0.05769570533885321,-0.09688912445700108,-2.034838656242679,0.7166155176276332,-0.4178078692226656,-0.09325007904479858,0.10025463180655202,0.8290840129336565
0,1,1.6564000418611522,-0.3675741007591172,-0.2874668760174605,-0.19040103487855362,1.2321303329678834,1.0281334365415604,0.5920629650429852,-0.06366684890051365,0.4603052309205481,0.4382513104489201,-0.06098323437924005,1.0237709593127122,-0.5429969034569975,0.4097800023534595,-0.26797804617194354,0.11886545355106751,0.93863037789446635,-1.6442410697813009e-4,-0.9225165233906089,-0.5454244963222933,-0.06211901662429797,0.3065592672827691,-0.015552226775463519,-1.6537206304712866,0.41976331068784745,-0.9986319016128784,-0.17515975973940365,-0.20324867390759913,-0.6736204200007881
0,1,-0.24892330430863957,-0.7923058142101524,2.115626107498749,-1.9939411841434402,-0.2497911982360229,0.44693611655200916,0.0740623555677755,0.05404168966631726,-0.4733315898754777,0.7328777965295026,-0.5632456180152305,0.3507357787972241,-0.021565158445899485,0.4883125779549402,-1.399427749059169,0.5069342400748768,0.5271589783741086,0.9630422928456455,-0.2785298315294794,-0.49356105886685087,-0.10261288966942063,-0.1276712828651104,-0.14525028173853638,0.04580081488085714,0.35783201458457947,-0.6555980328107507,-0.27024941992607665,-0.2328794419168933,1.0217235945974785
0,1,-0.12738560000880556,-0.34082260721389385,1.8283019089748032,0.23729769983389798,0.012208536852711605,1.1273220601528526,0.7608390090069693,-0.15679880312882644,-0.07160570178142492,1.2228821397194551,-1.5189889310559987,-0.19096411462557755,-1.1050821960761341,0.6298435304775187,2.247794543578452,0.8322454982747663,0.4327058452517998,0.5373672870334322,1.299730245342853,-0.02895439027933891,-0.08417048771886819,0.17942643941249767,0.07325904205422476,1.4767939339474483,-0.5880026085402333,4.6857735981826805,-0.6016442113509579,-0.6119487765265714,-0.8229161684635895
0,1,0.3897104778441429,-0.7947263586538629,1.2177399847863903,-1.6944580747444522,-0.17763309857039847,0.2801674608699338,0.1514807993194068,-0.11964265704159946,-0.3657003116811355,1.177340981886435,-1.0244116068282068,0.2074163758646969,1.3077383081921943,0.3984619419601166,1.034017489904119,0.2183718521214752,0.5683465945649904,0.6400492664450591,0.0048490749480135,-0.3379966938860383,-0.02596284317697734,0.6965392230360432,0.4319955858343931,2.3927776663100153,-2.9220465649477414,-0.9354077826917288,0.23184297954918004,0.7185230569595764,0.1478092443707294
0,1,1.7025963008394567,-0.6404852716735135,0.45485421368177986,-0.5071050159301038,0.08123941874221481,0.7364141817214813,0.12469063499269689,-0.08957136281392156,2.2555615903558723,0.4568615520028294,0.11319177866881157,0.06580326725156044,2.8384884692690524,1.5047150285770772,-0.7189183538472051,1.1704221331872737,0.28880625109431163,0.9627521684150758,-0.17347639985341834,-0.3044309871698418,-0.1077967673960397,0.07189076968759867,0.2563813730643731,0.6223816351185016,-0.9604424498549918,0.907868507036823,-0.27162745432704055,-0.19940716592250762,-1.6467106233055162
0,1,-0.007162318721171025,-0.15619763738025483,1.18534770324086,-0.6889813536324764,0.4197558179879916,0.4177603101885153,0.685725107324984,-0.07060482551007852,0.15625066591432346,0.40948232349981845,0.06906557284303438,1.0005697479348306,0.012123751920548933,0.6260957218589014,0.5072728626526273,0.7017062417737682,0.3828568653883892,0.29851644021308693,-0.1605966469473148,-0.05419971746222431,-0.14941506618138278,-0.4782148156599934,-0.017341301077756485,-0.5478495256445007,-0.46256934435288904,0.25659770020914563,0.08854357484577531,0.12673243472760176,0.18732464604190552
0,1,-0.0994644241959888,-0.15310085960114658,0.8009215546052489,-1.2329985046084375,0.7820082524093768,-0.052576539072350804,1.180969056663471,-0.17055982808946138,0.17884956428802654,0.20146924916225453,-1.655402515599502,0.2576874635186381,-1.1909889799996607,0.9985199362901209,-0.8968866275506651,0.26587229045924854,0.3235550341933813,-0.06010788263416928,-0.3988267837637114,-0.3862788064323204,-0.0948970964137632,-0.19996199946516977,-0.48446023407560745,1.688572078394815,1.632465972800062,1.2149914195020755,-0.3378161149123599,-0.01782173185826399,-1.7215191056174208
0,1,1.0182190686102783,-0.3811137439281114,0.5510169845590243,-0.4016233107850422,0.1757562993204337,0.10109514681180108,0.4498890891264951,-0.13000046033954912,0.4044272144636025,0.5142167694305774,0.0030468333939163822,1.0844948126715255,-0.07596287139380964,0.7021599567843811,0.47745587507403114,1.0412386694695865,0.292963598102014,0.5366311449289857,0.0738848861287672,-0.2886206956309892,-0.1745542107707622,-0.7027987873761761,0.0576835469344374,-0.09388384186311019,0.24424556258375427,0.25100233959090235,-0.25566311170604494,-0.03871766976650522,-0.2931478713539325
0,1,0.07573088047706904,-0.0934588292827895,0.27618761121110813,-0.7764826529245439,0.30714328528582996,-0.34939944392149863,0.7441595894486717,-0.08231990397655607,0.4527443097330715,0.37487216326513617,-1.5150345329582606,0.4331021298598416,-0.7053512816431747,1.3531031771365658,0.5862434208377258,0.2526140958206522,0.3438636552762894,0.41899433995928365,-0.15674419705402307,-0.4155416121653107,0.0697703123125309,1.180993541867098,-0.06931439774014728,0.1026748243728218,-1.3536885626959798,-0.4901264555503505,0.26027469587770646,0.5605919123890222,-1.2266892432512708
0,1,1.8005152086116858,-0.448839271034606,-0.07613787598580428,-0.2716591213468383,0.6283207474549651,0.5260988548954012,0.5007304870379462,-0.1307805228942395,0.5406451918757778,0.7800250482344192,-0.5629180272694567,0.8576107246828839,-0.19210472037032458,1.1950935864432606,-0.012264189041499998,0.7121172373923393,0.09848924609884872,0.8776829488471253,-0.16975221380449249,-0.4654469086356269,0.012136388363289882,0.6746657043884791,-0.0844626720723617,-0.28705004256852557,0.53102408109643,-1.0237070020971302,-0.22832714040457475,-0.24086713941435742,0.0443296761219572
0,1,-0.22092948745392824,-0.05416045790277234,1.2018393798943496,-0.020108452874063702,0.9101753715258386,0.41082133426827,0.8511186412326008,-0.1472929272731221,-0.3291836337983773,0.9024242012765166,-0.34143227311470176,0.9086177829841189,0.6641603687992238,0.9108655260975554,-0.6379516288390648,0.9962880929131951,0.11030939158010536,0.2930968744925036,-0.03931562990310349,-0.37225644308960026,-0.1756976391220648,-0.823543172079664,-0.12890374200249746,-0.8445597694030968,-0.33409175750758546,-0.9628261054096066,-0.5870584630813315,0.37898894023511354,-0.7883004033478825
0,1,1.6938831808621184,-0.5626784958237043,0.14054206882200798,-0.5548477714991312,0.133204338832111,0.29002167220932645,0.24697940047304562,-0.07766577336002621,1.2833703222450736,0.3623830426474372,-0.013198528971614438,0.9618286807998919,-0.9182246563933208,0.3304186909350518,0.28820933181474034,1.0449764717354184,0.5104478913883488,0.9132700850802992,-0.0636604778805492,-0.43637035895535337,-0.15793331603210675,-0.5116367300947944,0.3860214364385277,1.2033248252919642,-0.9834145607395153,-0.7907990450242254,-0.20534291910297478,-0.11585506153943588,-0.7926360947880973
0,1,-0.5666899803151,-0.6992302497299507,0.9148768079334166,-3.6565520857205076,-0.1777241362595198,1.100169218412388,-0.05193581495053569,-0.4976200043067209,1.3840759755072405,-0.09833836678509636,-1.3767274160697567,1.736078709351814,-0.3177078919043466,0.5873583637871357,-1.624764579697611,-0.1884463799935372,0.326257120226665,2.6312506778632527,-0.3106834357058546,-0.06809986745819105,-0.7656937529417623,-0.13471082660697242,-0.31888726375916443,-0.21918933951052166,1.39296379026,-2.395246570062159,0.3523209049424931,0.11202555249087143,-1.4778991762279767
0,1,-0.2549284804682063,-0.6889785686241545,1.3171905705734852,-3.135651532826529,0.3108981323812187,-0.23402273722382735,0.7160702368054331,-0.10733687496843564,1.324307770724696,-0.14990895059813303,0.11616806960113939,1.9590638780023246,-0.06150618234385465,0.9067100296280901,0.5472335392851229,0.24156778175532884,0.18906093218195155,0.5988569388740391,-0.8073779188582767,-0.10121568277173561,0.0862976646941512,0.9742683965851817,-0.08843723759193656,0.16052660266366572,0.63174747166166,-2.4848743168754974,-0.12722612090235683,0.19234027966316739,1.469119568210223
0,1,-0.41352764156189525,-0.24109928018795299,1.6421183986926904,0.38633922953352584,-0.4926931694205626,2.0527644967380594,1.9685121009483297,-0.07995747543572182,0.23923520008367652,0.4473100950804057,0.014423617252987237,-0.37883018192391515,1.5695859821086917,1.6930321904095291,-1.5287297130022663,2.211717898419423,0.23807246682197206,1.1562697209747215,-1.81463507875726,-0.22926291065191573,-0.11011783107107653,-0.10695500949594466,0.26868432406374587,1.302587976600749,0.3570306383173864,-0.3891918046660664,-0.36503041636591677,-1.0388476925159478,-0.7551032218210625
0,1,0.6791450423341833,-0.7457845431272612,-0.01401101676695504,-0.4947067510603897,1.2529603851742521,2.1894658617952385,0.42363280651805324,0.04995572357792639,0.38649083234299764,0.559139753522719,-0.722472145770697,0.6202986826753711,0.14131291034441393,1.0517619370059836,1.3252973479497743,0.7918117881927839,0.13920891146606912,0.5814500795047435,-0.28588969953019255,0.33851222150793836,-0.015873926711528857,-0.18176114828983386,-0.33884817654111216,2.2855793944003424,1.1111254579484016,-0.6921858234440729,-0.2511483234617217,0.0661742947147611,-1.6054190852146477
0,1,-0.06072415918817888,-0.1166082252493704,0.2906234577209253,-1.2302989598194618,0.5255948629409875,0.05521063970683229,1.0214698419610524,-0.21215945352157026,0.6275553832268438,0.6031256590677723,-0.39109982026580276,1.0390994708868562,-0.21649016989945935,0.857922618909257,-0.942219588111533,0.3114245655635121,0.1779813395094232,0.30010394232997245,0.3410041753483948,-0.4793235454980175,-0.08687195957048982,-0.058490048412292196,-0.16536126272137816,-0.7558766645777113,-0.5676117289161695,-0.6175877163069889,-1.3143675373502564,-1.2717030375578688,-1.4349012681234268
0,1,0.9629540226575425,-0.4787451470530022,0.3299544227543206,-0.022849589136590655,1.201146091725055,2.5723823440703923,0.15558827557347793,0.14006552394467703,0.4130366592241303,0.8178524725310738,-1.1592092427991387,0.5727677038248442,0.03516148582352538,0.628146914010338,-0.28160602609323326,1.0137008403376648,0.16676286465240217,0.4910818843031745,-0.5685127684753192,-0.21945212558862995,-0.06884087380185425,0.03105858330070215,-0.13631288741290543,2.2972523956754527,1.0187429314239331,0.3871715935120501,-0.1852328318055547,-0.021523772359325004,-0.5026026103331563
0,1,-0.572586604495372,-0.3006560356324547,0.7160002875219318,-0.5372657171361891,0.5202587247302746,0.06543284247450312,0.724263951805351,-0.28085920865202674,0.04402747043934923,0.4501551290548695,-0.16558321172235535,1.5777684020522196,0.78588242580395,1.0440490600606418,-0.523097433795627,0.8240136909421918,0.16559317856347194,0.4944887349297686,-0.2940820820492937,-1.6719362370235937,0.14893536444289332,0.06789986977577576,0.5498145890976663,0.11781424903980334,0.9405721180653435,-1.1347623725216234,-0.21044193016629795,-0.5435088240431964,-0.4366239387819971
0,1,-0.36527058713302346,-0.2817504723742817,0.880185413226742,-3.3467296368296564,-0.17551228676472716,-0.1949376587764359,0.28024501118752587,0.09091466395387097,0.27665083936256635,0.20209706509771813,-0.3075562640346856,1.814990977419966,0.995214212002848,0.9454006006794045,-0.2723724780923739,0.06235489126225366,0.20123174139406536,2.3171572048861337,-1.4683514387352112,-0.7718370652031994,-0.10713147138489358,0.09474999083678212,-0.20816358438154456,0.14304588170089608,0.4601531555159697,-0.46385003974157496,0.013680892781433788,0.09305368719406,-0.5757904771721011
0,1,-0.6019249187740413,-0.2523552404356101,0.154770172544972,-0.9305586463070717,-0.25447216426950237,-0.17922820994799477,1.1349059619525108,-0.05499859104033496,0.12436913567512813,0.23566102367680025,-1.2146163137487427,0.5757135041091145,-0.2811072009736338,1.4544356203269126,0.22582786720679915,0.8312994691566314,0.38408747116975783,-0.024735205559363677,-0.5109692672313811,-1.2566497364167306,-0.07764999212892262,-0.07907123865497916,-0.7030715965566682,1.1691269927526156,-0.32287508400743753,1.6789844486428895,-0.9187096425573957,-1.8741580793408357,-1.5116922791394727
0,1,1.049635307899341,-1.7379078520963696,-0.15949052739331873,-1.2852863569341515,-0.2050368506252651,0.005749072672667271,0.4757031994651346,-0.22081347868097423,-0.3829345620771484,1.3564113189206084,-0.35563879999068165,0.4550926104583967,0.25171452585280013,0.8348324655338825,-1.0738433718470681,0.1533240779642449,0.5232917938100152,0.4229110564879538,0.127810987821978,0.5012246745659611,-0.05874004213113893,-0.5371674308584786,-0.2626134834023022,-0.5091132665504317,-0.5309862937592859,-0.6963784739011022,-0.36315294434247986,-0.030504474359692686,-1.0642512480561792
0,1,-0.47319391362007257,0.3393447961411238,-0.33348169137208145,-0.9369905101289507,0.3532931282251697,1.1288344509230614,-0.3859108664428837,-1.4826773423504218,-0.26863452277138733,-0.19481107645906265,-0.6177283427233782,2.1288743998304884,0.45972979045030987,1.2361366521281254,-0.7195458185962914,1.9072628467401387,0.5798370199586736,1.3887194176386926,-0.7304439893183644,1.4181995202031008,-1.4673304297539702,1.9944804314498816,0.6043213330837525,-0.4185770361510812,-1.2720256740697202,1.0003224762727994,-0.5814987712333358,-0.14030049993268703,-0.08006091886176966
0,1,-0.2346150456215531,-0.28970944484454575,1.9776823257314318,0.38859379599598515,0.5037067900444776,0.31883251542263996,0.9640918495055956,-0.2849891829631701,-0.1101855230103539,1.2709491934877273,-0.6313965806118851,0.6245851982991246,1.4567134932642827,0.4921764554174141,1.535027153586116,0.34788770268643937,0.3007119789084596,0.07896685649325824,0.6398676370346187,-0.05822722223661859,-0.17850466806061974,-0.29951657742213805,0.10234735402828808,0.8832392718617417,-0.7477679027551047,-0.31194560145728917,-0.8655343904854855,-0.13265198411917195,-0.15735482938781045
1,1,-2.58079054210493,3.358552919234939,-2.430633442107666,1.2374924615789462,-3.1994353179435424,-2.8423077638216374,-2.592937603253393,5.514467721232967,-1.073604412686304,-1.1627454787632105,0.997305756588443,-0.9373542838369414,1.2301207858243688,-0.7107310485788926,-0.1553462720424654,-1.1214516386741924,-1.3695386738584114,-1.45548444270604,0.48765270144545997,1.6136520014634732,0.5368002239256764,-1.6144897008744459,-0.9423371048097188,0.3921192192323443,3.406512137291715,-0.4773894255144462,1.6788937865006295,0.8710562161440983,-1.3398430864668782
1,1,0.9757564487539593,0.45218658980018517,-0.5570042585942373,0.8475442194206431,2.400632919686551,-0.38335967883534267,1.2825926756127162,-0.24074140535032013,-0.17713318447458962,-0.15764313814836295,0.32872593312700243,-0.7012529185088006,1.475101839641735,-0.7831511532923726,-0.32675402156771766,3.0732095970185322,4.654211353224161,3.4489540749802043,-2.7965052694112478,-0.1942808380643833,-0.20333393212366355,-0.6212668162484868,-0.5882908495490807,-2.392872781084458,2.3591368370145416,1.1856380369804143,-0.21843362916731673,0.3143243900231763,-1.4350800445388294
1,1,-0.8918424075552517,1.0646306339937035,-0.8391281913346714,0.9813252943546485,-0.8635442546792237,-0.5192168674460718,-0.899435144883103,0.6249284415132125,-1.5080742162582288,-1.055822310451929,0.8281253234138404,-1.1452048996881494,1.2221161412669355,-1.1068462152775649,0.10231323695730254,-1.2962180268956955,-1.4133680561492248,-1.5100543861122075,1.1208300851804514,0.10592627409438644,0.3978152180743633,-0.637102254557294,0.19375487845280717,-0.2778260945732375,-0.6434342216160563,-0.4353688086327155,0.15233764445427525,0.8284505195374975,-0.1621367351331361
1,1,0.05172013802716666,0.7886617482525364,-0.8484183539785443,1.330428054096029,0.5683955360488246,-1.2287553976089347,-0.060127232139573,0.05229331728288464,-1.1460734736412972,-0.7026924931782375,0.8534724237203857,-1.0756343017186891,-1.719672969816819,-1.4384642662586553,1.0712814896080127,-0.24589102577786753,0.1837431420020599,0.7375010773676499,-0.32622088075489836,0.3804378934955784,0.07113874472635542,-0.5111615833485686,-0.08609290991607815,-0.5220660360590491,-0.6175346374977329,0.8215542107164461,0.604949619106511,0.7254624019750735,-1.3867493667748265
1,1,-0.8230906080800383,-0.24733232558278082,-0.4176545642004449,0.7396790147981216,-1.3274143154581608,1.9698001910481548,0.6073354058094225,-0.5083371392914423,-0.43914665280273313,-0.5168042412290759,0.6345662829663271,-0.7581553297664437,-0.40737396405226756,-0.67591435898163,1.0188826706491179,-0.7809316852693523,-0.8478330274162734,-0.8525284958246839,0.9164177763961986,-1.3413621342347384,-0.12670316227922468,0.491315033494376,-2.2766391228072385,0.6081343765801867,-1.1291487734652954,0.2502188092216848,2.0098607390794325,-1.8266594908880858,1.6374717197815247
1,1,-0.0512106396208682,0.20202874031937687,-0.6025860871237196,0.7087007846764729,-0.736875319434671,0.3633347797635292,-0.741379109240815,-0.26020121429029797,-0.1871092606341481,-0.49065329333128244,0.7734830541693826,-0.6576049145175141,-1.9300688325550144,-0.5298682061710047,0.3943516919145664,-0.9565825797033587,-0.7313210015066767,-0.7775784894193776,1.6563928390085287,0.5307373211482194,-0.24555983742695903,0.441441432448699,1.0421223963214588,0.14121844173470022,-2.913427587782927,-1.033146424403721,0.3497661648592033,-0.04778126625385101,-1.1736784024173748
1,1,-0.881177492685116,0.6094513512936882,-0.8976625430393491,1.3664003056048408,0.15012890712870292,-0.8630265729853263,-0.30015414832292653,-0.17783384582201958,-0.3738125374522056,-0.28490244665816794,1.0378466774387707,-1.2919098220424576,-1.3613257367804665,-1.6687850116752598,0.8364876630325877,-0.8698996645155158,-0.7522568515587867,-0.4114104283385987,0.1266490586924139,-0.4573202285675585,0.10474792061906363,0.4451973023411141,0.09144737628320077,-0.9655033409558651,0.313382246874492,0.7140309210918409,-2.4785743568443563,1.1210035606048616,1.3658187763768537
1,1,-0.6285751935388857,0.6693480888635472,-0.47613937235277526,1.0479339638597067,-0.7600115824254011,-0.22361300031051795,-0.9431191121098472,0.4466800688555196,-1.369092100136646,-0.899909707110601,0.8166593987625707,-1.1931709819974117,1.7227822901886416,-1.0641100001952075,1.0737914612890938,-1.44510061487359,-1.6406098326775016,-1.5273265484269705,1.763673682674881,0.8736891038122304,0.4527419993686114,0.7081542379223301,-0.14101693791555853,0.09340471211739525,-0.11336918083969655,0.8268568941546464,1.263364683012562,1.2875448341340814,-1.2336179194482213
1,1,0.43963966184088904,-0.3837414457296959,0.2750732419759603,-0.3526383526714362,0.028747123799032534,0.5807886836288855,0.12331535537482727,-0.11544284129446399,0.30905578511192106,0.6449966029694106,0.29436443238545723,0.05491969175981187,-0.47062822404144866,-0.13111097718295456,-0.4075705700947818,0.1909345294174644,0.1072649221472895,-0.310649606058259,0.36179425037619795,0.03595760637822704,0.03472716397915047,0.5922833478229685,0.027169453667530322,0.5060190236469172,-0.6225365133248077,0.8232174198233674,-0.6734121805243565,-0.5362578307837117,0.528745448924199
1,1,-0.5310472645220907,0.7216954458674532,-1.1110618145026192,0.7332905227544876,-0.7030534208797443,-0.6891498061341488,-0.36395715841155374,0.21862104146712133,-0.5696971168126445,-0.9976347355388145,1.4634761775726335,-1.276404350511073,2.0160290838285575,-1.083282644430902,-1.1125783191907783,-1.2901487661994373,-1.1119866648699732,-0.9278685359466725,1.112021054072148,0.09735154376125989,0.34607693073388096,1.156094861883666,0.12631808990849605,-0.21226556298848673,-1.0054782653267933,-0.7205328398399415,0.46203179361688984,-0.5978059799209787,-1.340034944083408
1,1,1.0175119973038678,0.4222084847109076,-0.7503423765598073,1.0305425369525794,0.9715928393908678,-0.6931303715600464,0.18807279023387294,-0.10274034703585869,-0.7711691374761237,-0.3888914155889607,0.46426721077350364,-0.6482427255545518,0.44707637135881684,-1.1858035281947807,-0.5304977949552226,0.24648676509198064,0.20143789905066015,0.43597148304669586,-1.7541524307822811,0.16324789643926993,-0.01465643252404128,-0.509131423186983,-0.11307940511238002,0.3623122915392591,0.774602393447922,0.3429691392690689,0.3878782394591095,0.6698520564611551,0.7930423968951029
1,1,-1.6153756578970961,1.3300002336746815,-1.4355653142309626,1.5926852142844312,-1.8458011705151118,-1.6420346949108264,-1.973764721572307,1.8841514436877616,-2.1463947988706,-1.8412479821702283,1.5219598911391317,-1.6244476656610842,1.363908437118928,-1.547091838489377,1.3500696320326628,-1.905826284734912,-2.1828307345130034,-2.151129959201977,2.5039593414888306,-0.46417087679893054,0.7651883268196864,-0.1353036180199172,-0.5078600013863541,1.2151602767553558,0.0053093198102749295,0.6617885374718631,-0.529769825035123,-0.8843925418343476,1.2604366200974941
1,1,-0.6242023513899203,-1.5226581068677982,0.45493065675846434,0.33034141926522564,0.5956775286176641,-0.3283285165670494,0.32317509002927575,-0.10205150254323526,0.044862153805333635,-0.02404907246504214,-0.2539921112738488,-0.1078598820987068,0.6534338190453353,-0.28488872948480315,2.0620414913100613,0.2723374174095913,0.07245660991387018,1.0542267508084315,0.17522358282164616,2.0231672574123185,0.1921308152562799,0.20832421534376153,1.0454545452981683,-0.44760472999346446,0.4345165901725987,0.08702214214879407,-0.2674534018271736,0.28079251073990696,0.9625863912357561
1,1,1.107183585855433,-0.6239983783644049,-0.2620555201350667,-0.24095258085453544,0.26621942367958334,-0.43494026623029386,0.7321045910997541,-0.20856271477109092,1.0133462682072594,0.06039309023126712,-0.7021929806097886,0.5794756001844575,-0.08578263834529487,-0.05944794856908656,-0.016522517772559076,0.309745390206147,0.9744241032706961,0.7138563132867717,-0.015651284169809144,0.24841857865231784,-0.055277948974845725,-0.20707808080114493,-0.19011998783110515,-0.3977893371159552,0.227075467044445,-1.226690734320399,-0.2069500115646709,0.057652947752955395,1.6063675304350296
1,1,0.6186287164019606,-0.14442221474229974,0.44059327080511,0.21991732456277222,0.45610686501153097,0.26511897060670037,0.5251331478641953,-0.08709203717723021,0.0076660470030204325,0.4498001645357154,0.2944037787542527,0.47363517060423366,-1.0389187309768542,0.10151036906721991,0.5377930291066991,1.3246357441847618,0.9797523103870098,1.0945125623869267,-1.1932115128238752,-0.35760936915508257,-0.07272556203210823,-0.02766917955416463,-0.08610193498432664,-0.12055507273435008,0.4732471888635428,0.03745574214618759,-0.21569344009267613,0.04970911916148972,1.4044402959710156
1,1,0.3164439791862034,0.4032463506197766,-0.5632384891913645,0.9523471327899946,0.3706473066425681,-0.15661413518086004,-0.06830804575679544,-0.39442629620605785,-0.8374193633792798,-0.20706068192468294,0.38908582667814046,-0.539861667438062,-0.36703905891692457,-0.6458248460769688,0.2600984612500083,-0.5340833173975876,-0.06304264150862146,0.0045970271487316226,1.106357899410101,0.7068636857022487,-0.16470267195733357,0.6021565854109007,-0.13302725268935606,0.04980819721861887,0.3377050098706385,0.8493857158062051,0.44430472254311193,0.7502060463981938,-1.0429623199553326
1,1,-1.9208565023549145,1.8259606571467084,-2.1086974387785595,2.3098968000855473,-1.6963317362902246,-1.1018879582967687,-2.2972199106869424,0.04261863088765646,-1.8927890900026076,-1.8362278973286184,2.191797534513506,-1.7372047044296703,0.8472246107207433,-1.6636795152398223,-0.38431971779554974,-1.504910615036987,-1.4120360657165119,-1.4762330849489107,0.4263740590812273,0.8811517073452908,-1.0134134870474643,0.9519828840953396,1.0777472880594197,-1.6018213650466264,-0.3539668557298281,1.3748230851495944,3.14953991114197,-3.613095759683804,-0.23949605166481186
1,1,-0.5988964878646608,0.17906574912518616,-0.29177091957679724,-0.8076310362485262,-0.348787071277476,0.5615975865442634,-0.34179758325672377,-0.7987849493934405,0.39657970679648197,-0.6805366572060855,0.5271880789708121,-0.4099937773703322,0.11903235136472069,-0.45056773416160584,-0.5272531488141626,-0.44910692608224456,-0.5613896956632488,-0.014500060821732478,0.4931652583606869,-0.21535561556868366,0.3960054026890941,-0.25303261761730445,-0.26761663554964615,-0.7671776133680108,0.23868276974278335,-1.8559204832841145,0.6828009616189512,0.5669445953920214,1.503885040405495
1,1,-0.9641865616875689,-0.6809199572837544,-0.5217003667977989,0.9599984759376426,-1.4142040035109669,2.1911040514560356,1.0220632417954125,-0.08485597107241624,-0.7700302821928523,-0.49025550439626864,1.1251982421703957,-0.9197364713795683,-0.03295618324268415,-0.772055231419056,1.9502753301085838,-0.9371211140395466,-1.1389263990814005,-1.0732124892156116,0.939922117072752,-1.605150194656655,0.04856332333984938,1.0582716517747672,-0.9316193742990575,-0.11283105359345832,-0.6232518292857476,0.9569215969631876,1.8369696725765392,-2.5603746555922346,0.00711947278272237
1,1,-1.2884136599821838,1.3306247733477006,-1.3403213126773539,0.724292262057188,-1.2927906565983114,-1.6991291512362847,-1.0951679184668037,1.388308319799015,-0.64346222831448,-0.8957285901560282,0.6472361667472314,-1.02055464597278,-0.6981917692757295,-1.0148536562975086,1.062896335204133,-0.9290923194694446,-0.9133783372222349,-0.8526578479136597,0.4351765728041846,0.6964766529182104,0.24498991453703886,-0.5973613273023587,0.07150026553936913,-0.004524135082791264,0.5512032438165293,-0.6270237159451196,1.4535631971738963,0.5414458123267443,1.4636559865394998
1,1,-0.48353852027967453,0.6072332716757859,-0.6877192308876718,1.3044463897427159,-0.19936506458746597,-0.2725666518073039,-0.555229973232104,0.42440566829382365,-1.057681965073018,-0.6166468420650225,0.9497957681149061,-0.8967520723632564,-0.9187276116173211,-1.1587370232598364,-1.0128403280260965,-0.6243547090587143,-0.5374188596637012,-0.1799031952130566,0.5720914459788264,0.2486702743262183,0.17706193582141858,-0.13049764468026262,-0.004154657148121917,-0.6934795814566005,0.10572247559598638,0.9213131929923408,0.41007936035929077,-0.07464161782006411,0.3422133347199085
1,1,0.5019623109027463,-0.2964560978806307,-0.35546292725656214,0.11754526139064216,-0.6092897866430256,0.0013526006332936454,-0.506629171793967,0.18696801040549135,0.9655782049467504,-0.27648531307700003,0.672749535780392,-0.44018870476430016,-1.3696556642979059,-0.2924964323794115,1.2014735965169945,-1.0007979179092052,-0.615447247238108,-0.5367147387945056,2.093633278237381,-0.030491144476329824,0.23389759344699815,1.2966622153587313,0.6824396536884233,0.3846693968848289,-2.688452567193467,-1.2544547865164437,0.2458439432199485,-0.08083991929373278,-0.021371383271950577
1,1,0.2961240303378325,0.6778428243421071,-0.7876393237487009,1.2105011776335197,0.905085095817558,-1.3683115271736352,0.12284345657161568,-0.09477327818767894,-0.614272043939202,-0.7558866378126218,1.1507277980983688,-1.3066662368631754,-0.553800289097623,-1.2395495040794882,-0.4276878109906606,-0.1248720659676601,0.5876176601534241,0.6871583652372235,-2.244162594566275,0.1857583203565761,0.005611735685445454,-0.5584821142025899,-0.502195470171534,-0.6625619782590898,2.3292060439006077,1.1569756481675832,0.5596191137927817,1.0120892396441503,-1.0335191462084083
1,1,-0.11751827251438356,0.19062196755300426,-0.18156043118876086,0.32661045337794625,-0.061355272738212244,-0.26522382508576775,-0.14702964597246712,0.08321613175399815,-0.47519701499584377,-0.33782175182501895,0.6586144658857105,-0.5873638609216211,-1.1019848042288838,-0.546801535296243,0.3198474908389086,-0.4198799043645315,-0.5689921359747974,-0.1043457707840439,0.49962412426049885,0.09280885990846818,0.10305509643914558,-0.08548300600263362,-0.10782164857169792,-0.327433731846586,0.27028682041623164,-0.3766189807274706,0.3509732157205805,0.5724325425602168,-1.1763077238439081
1,1,-2.6416009516189964,3.4676328679264317,-2.480924974290734,1.2526776192251767,-3.286192622563044,-2.956223738211981,-2.668936679974349,5.805867980928782,-1.050351599784911,-1.1383363509674886,0.9347318241279798,-0.886410801470118,1.3837546525990696,-0.6301684579282943,-0.167822349940943,-1.0794425553515916,-1.3368368404282178,-1.4491139366974015,0.4174647657943516,1.6225726718038223,0.5394688986875804,-1.7166592570965558,-1.1827084477443344,0.4299635977841019,3.511820057313572,-0.4858724836029843,1.618147532493352,0.8474725208199203,1.2858926374906958
1,1,0.5381277325423843,0.2647337736634623,-0.700067224672795,0.6605789847136511,-0.3113175155767523,-0.7059369897752028,-0.5259456960693732,0.13672518801804912,0.21412061134834712,-0.6157616368481778,1.29730089047647,-1.083348426651467,1.7305835578150912,-0.798387728755313,0.5036262772569772,-0.7487580934393836,-0.5542074662079342,-0.10653795894681509,1.542769582735315,0.35480045463349413,0.1311225057450985,0.04271175039066242,0.5408264918861395,-0.48573286673762334,-2.712981346497753,0.7789440795442898,0.5491253193545175,0.18433314496247796,1.1016700820187222
1,1,0.7457595216028513,0.41546506621521045,-0.4966115054095529,0.8136452169680438,2.0658149859886725,-0.46421179428621995,1.2151303302094638,-0.23503272976921794,-0.6285153731959648,-0.07908532816560114,0.241621449723626,-0.25682128129663406,-1.3270090128362595,-0.9325783460007945,0.6542564110811777,2.7251884985482144,4.416328448165334,2.5638000066589877,-3.156079948479348,-0.30555454023977385,-0.07378666325315039,-0.5151842817160232,-0.46072323709098373,-1.1194309292717697,1.849956983258428,1.0227974876219357,-0.12035632792839779,0.49504711528097745,-1.198051587050617
1,1,-1.9088258017262776,1.7914161768985697,-2.100130403120059,2.3111368841148074,-1.6771045891470506,-1.0879883835385686,-2.2835306852236004,0.007195573758365439,-1.894997203593626,-1.8396535682063389,2.1992107607826035,-1.741371359739315,0.8269036585725684,-1.6709235473550639,-0.37653570783472445,-1.5095611777953952,-1.4172640940684424,-1.4777575994636472,0.435167847876612,0.8829500102183744,-1.014085652064514,0.9620968839926034,1.0618627841147468,-1.6002338264835128,-0.39122796580034513,1.3700827740710764,3.156530846053299,-3.608245328407212,0.7670282482538147
1,1,-0.52228617613671,0.4302966757729499,-0.6361297637119335,0.28533086282818887,-0.30446383267247323,0.15691780904139793,-0.19823158069652982,0.29801586498678245,-0.19821156719693536,-0.7441430197382904,0.6284105311837782,-0.49861833741586087,-0.29387891847375636,-0.9996054126105646,-1.7524565763565894,-0.48927953994175,-0.2698234829012555,0.14923966261761598,-0.10438186018337924,-0.2503797468492988,0.2383678238921557,0.7363499798602148,-0.041399215812670434,0.6771785939214644,-0.26776439017899384,-0.9336773500611181,0.5032050318772556,0.3177988016993348,-0.3993555967710866
1,1,0.9277271187087067,-0.0780456171096597,-0.005547085150777033,0.14857142358243455,0.5877896318194784,-0.22080705620600682,0.5893469420471444,-0.1326162079631546,0.5881120033335363,-0.08137529277034193,-0.12001157904780672,0.2779813130682198,-0.8550610821135832,-0.5710985228955868,0.47023186346796514,1.0881955698868409,2.6447543622940457,1.2974572020479422,-1.1651160894582446,-0.30281762347714153,-0.21598023657587664,-0.6941442720077075,-0.11827388180150389,-0.3471474508127679,0.9338835010245425,-0.7494564469485522,-0.10484501302609485,0.22734628387109265,-1.2451540853754708
1,1,-0.263868167741582,-0.003395386803887043,-0.10401115241164176,-0.5131051734731855,0.0609951743128824,0.4257507531139673,-0.22669144855051934,-0.36936649211103545,0.2026009382669008,-0.4084519701345682,0.20145413879314986,-0.6372972631782385,1.0880386678568552,-0.5919361322857228,-1.1071185643644221,-0.5896936925665585,-0.3739111015440542,0.31427771677226596,-0.32906242271757513,0.014696677537375533,-0.09901783958268738,-0.012123599282715313,-0.15874179107168596,0.1516893855207609,-0.22482657999473749,0.5182641287679663,0.1547689434799594,0.34511472285229045,-1.1255424892034855
1,1,-0.3871884123868127,-0.11417173238952931,-0.7062056847634985,0.768210833560497,-0.4812494557145239,-0.5272370104199015,-0.46211232549993764,0.10395773314398896,-0.9964226085878931,-0.9353652511576129,1.3802178256967759,-1.1269379560825326,-0.5571924932668304,-1.2715790591202099,0.23309294572325556,-1.0193369465234787,-1.198508805152827,-0.9091568173422744,0.5008361355455956,1.8800275788831553,0.34380424747865723,-0.39827548525764156,-0.3285821892738333,-0.4444363986358465,0.6968059283788195,2.0428325973535775,1.0500465381561968,1.4127925277639375,-0.9903991468933394
1,1,-0.6999460101009132,0.32423474196601393,-0.66846889536814,0.3843315654239855,-0.8715398111160589,0.24754358207473956,-0.3949746332503301,0.3352882802400623,-0.6641722464356206,-0.7139072878933014,0.6870758896204268,-0.8248713038136425,0.12628263399343542,-0.6492681161873545,-0.08410627483909748,-1.122395123480161,-1.1775029423552597,-1.0727291971906574,1.8385697237821452,-0.4703138652337742,0.2282161844947255,0.19092874335364723,0.18001577853001313,-0.5652742775164709,-0.3197651412805146,-0.8411352264807582,0.304883815575174,-0.5041285287936887,1.6142177045780395
1,1,-1.2601680043911565,1.256390720093994,-1.207995232997784,1.6169398282624006,-1.4683083289407248,-1.3474173115808232,-1.639030725878687,1.1540565558601086,-2.0057008906836433,-1.7237862694428483,1.7000168055128908,-1.7779380627743224,0.5765566397029269,-1.70331523910482,0.3518705957474509,-1.9785019434575875,-2.2463179730084826,-2.145579538035688,1.885108921505024,0.5399632552944509,0.7102822983353556,0.4932020307715335,-0.007797388387349283,1.0584015097134654,0.6004911997050053,0.8978038422021588,1.6892528942635374,0.7980765173865223,1.1183442530553107
1,1,0.9043079343372488,-0.3031304167526708,0.2500814948459726,-0.3151255037114899,0.37405600022516133,-0.07105697211006885,0.5534122610976501,-0.14692644309560007,0.2768366288380112,0.3544839337543759,0.36286292470521864,1.107270973886554,-0.311373264750971,0.31917162721244374,0.46875360158603785,0.6640669198203544,0.8385037693294026,0.4691751515477956,-0.5412480043628476,-0.3590255856431738,-0.07477198848786319,-0.04801201759026876,-0.03924749867737691,0.36480567524677127,0.49663424019000524,0.7647587614035826,-0.22264484557690506,-4.214719362904897e-4,1.540231884470346
1,1,-1.4105694922360372,0.7414591608836518,-1.1964430601509533,1.015591788602956,-1.0747687941312407,-0.33726350580208997,-1.477534708556304,-0.2202301326916726,-1.406469634937211,-1.2945764430779028,1.3260380948590045,-1.1860534379977743,-0.7656238364365285,-1.148169045159875,0.6005436024484418,-1.2259095607443515,-1.4096555722698962,-1.2083751745423736,1.3378575952341736,0.6489377569793796,-0.47299186748570554,0.7047163487897924,0.5661034667658553,-0.7190387919878091,-0.17035425285614061,0.7816685696350093,0.7658232365132008,-0.10335679522510684,-0.55998983967744
1,1,0.41865109764214775,0.3449405482916294,-0.6821243687332658,0.8737673679102708,0.24555649145360955,-0.13326811278093298,-0.3237790223397351,0.05751328644734314,-0.358847731567486,-0.6997884991194261,0.9312511040053384,-1.0633607046840334,0.6429212014572594,-1.120372814665687,-1.1408836998715355,-0.6165051148892831,-0.5688324321391143,-0.3955124073505003,-0.3895251194669508,0.33905238052006215,0.026656718373083973,-0.7117847309208991,-0.16034269856717845,-1.1610200488810114,0.9763233527926816,-0.13513602917570847,0.8651203654484411,0.9636449172945799,0.036441711842357616
1,1,0.8588454728767589,0.19711024403663652,-0.5294947243297271,0.9521552194469056,0.25472848559936756,-0.24159093024676084,-0.06709190371962397,0.011464247509050916,-0.43306754492457544,-0.2441663175820594,0.710480273949237,-0.5266875662719703,-0.9615628907098204,-0.9432177296794513,-1.3244809605858279,-0.03633079822520693,-0.0773493544756621,0.429923104462679,-0.5768281801622432,0.014097675158577797,0.034482748625212035,-0.1415869244174031,0.004835397204748586,-0.32937793523315023,-0.017320335380350726,0.11865561589868459,0.3678345298755985,0.42073601781264386,-0.443074424404415
1,1,-0.25241639706740177,0.0923602942865896,-0.22561055315058434,0.9373997753398603,0.007765837078895312,1.0384209138476646,0.6434297628222043,-0.12234520076918284,-0.525440732264451,0.22812466124768302,0.3854194643006661,-0.45519341542930225,-0.16805868084548956,-0.6395095108879137,0.006070245095744426,-0.17684810828878003,-0.0811630123651342,0.18675913624864532,1.3595071634604605,-0.27840735578234277,-0.160942974901469,-0.47554918191772316,0.45107348442430123,0.05936995837829813,-0.8305695795128584,0.3185703673228957,-0.3864834555034047,-1.6469967122574634,0.824085540636339
1,1,-1.7785274745876323,1.4257137856463966,-1.512689785116729,1.7429181555320516,-2.0377351494128852,-1.350654767152721,-2.1025081991211865,2.036343326617323,-2.3326634294229742,-1.8497230409423178,1.3565694985517165,-1.5780684470298194,1.5974091061215157,-1.3753771028316817,0.9972344099949719,-1.86680344040145,-2.195179607168247,-2.18865863016195,2.3864576454571216,-0.8976664957605315,0.739014115328799,4.2318683303662865e-4,-0.7157172631211626,1.407591985711653,0.01422667847980295,0.35897294149814296,-1.2839855441978567,-1.525861001255665,-0.8046213819540412
1,1,-0.31762615333894634,0.156219572546034,0.08801360530670636,0.3601992253629262,0.26466623251095217,-0.05766347075649016,0.09198749104650855,0.03452998858144848,-0.19125771275988887,-0.2674081374966116,-0.42697492139659177,-0.47118798577092963,-0.3855710441030424,-0.677062325636829,-1.2664773908841611,-0.013606249761376542,-0.22256758619316241,-0.08958061704818877,-0.9676412984314579,-0.13957765550525827,-0.012780860316562207,-0.25895463280887043,-0.041606996158725755,-0.6137665286760221,0.13527189060046343,-0.22645283781627276,-0.1322592464818105,-0.17947193361379837,0.7242934176385971
1,1,0.883657085756426,-0.16901279060936847,0.3474857266690971,0.3406866589025764,0.38281754566864123,0.2229558991776595,0.4648951448666226,-0.07595052737529676,0.04106472935479368,0.48757095946466356,0.30033153763521403,0.26019884624061146,-1.921254002253593,0.07771829662118514,0.5004541819787925,1.6313124316406529,1.074043348284597,1.2048575632712695,-1.5906244775121436,-0.447466334798278,-0.08245952776478495,-0.12995948944321128,-0.052811339512836605,0.009037917885157253,0.48994825333248676,0.19119702937838684,-0.19531053408780177,0.07490236248330313,-1.3617134012844816
1,1,-0.292090432243182,-0.484492052791966,-0.30401346025521736,0.3121191200883282,3.0814418299303394,-1.766557746043624,0.4230237589521138,-0.1322829906362799,0.003222347570987131,-0.20221003364565396,0.5795456815620547,0.3178513345163352,-0.6844612830234935,-0.8311582910019649,-0.19840924995389925,1.5473375853635774,3.717538005565238,3.8957685388070895,-0.24875425633370649,0.5714455434187584,-0.09466105785923712,-0.5271877925346076,0.04684054178904625,-0.9323533744909006,0.47448824704091025,-0.9003067984363615,-0.2061568084527265,0.28469995608652127,0.24537901664366782
1,1,-0.4156734880655385,-0.07325292771912266,-0.5112972900563933,0.07390116127245182,-0.3181555345151143,-0.645989854383945,0.20679507565990274,0.0350714860532716,-0.44096932541769923,-0.7029725592714436,0.32944407715307067,-0.7760016648127558,-0.9103563569197002,-0.7976883106719339,0.6616258249645623,-0.5612835264051454,-0.4803807941477242,-0.38048843616641426,0.16860558754329052,0.9498745627069964,0.18340015315340216,-0.16473673685013124,0.5379354523916647,-0.22329938476478167,0.5805045158457249,1.3489316825397335,0.16125953263989576,0.24401636943271338,1.4386621715861199
1,1,0.9908615594989688,-0.3303519274345515,0.7214398240714066,-0.021082296725423152,0.26766734314526575,0.4276817261573207,0.4859746591970496,-0.13478741917785872,0.30842805469250856,0.6535020790738278,-0.6470891350568998,1.3966606192696682,1.1852608612352196,0.7290945044392854,0.05385374456898287,0.6068956731649674,0.2294601425409858,0.07955550315190452,-0.3935559006107306,-0.2898951754189889,-0.12420714289571708,-0.24380214744298617,-0.05853759618992033,-0.3664685211869196,0.7870325430467368,-0.687597720635414,-0.18816813317939474,-0.03678870882939531,-0.9142520216661019
1,1,-0.780208895180952,-0.4939744880115588,-0.7280196036932921,0.04099783839474144,-0.04449084626742983,-1.2747453561938673,-0.01844423327955092,0.10100990416493386,-0.2800304223104797,-0.630598528050572,0.10374147263996956,-0.7110652144844581,-0.7914297987648612,-0.6746888051069794,0.08566594892443256,-0.49473297230800944,-0.5217913964373755,-0.47786513792565954,0.007533050627668701,-0.33336744868283646,0.10685432042183021,-0.017849346508767953,-0.2879316076227052,-0.09965940426248938,-0.29408022337468276,1.0766105294111319,0.7121599302252388,-0.5485527271912386,0.10448866663837948
1,1,-0.9270570750703774,0.5476177862249114,-0.7044578778109392,0.7087699427685199,-0.6800391185734472,-0.16927558153294073,-0.8506304476539812,0.1316654850194035,-0.46387914763960264,-0.7581035930055686,0.7794622405929332,-1.0355241969576636,-0.9921266384796509,-1.0144927426056847,0.710773352779471,-1.3522215797701935,-1.0760354988048744,-1.3882000333937456,1.0980569043169168,-0.5739427317922488,0.6665851768846193,0.06153621261970393,0.38072345191231827,-0.1438005731405094,-0.7477528158069264,-0.6426535143431338,-0.7707468344276066,0.21509025030469056,0.6515648463058901
1,1,-1.1805715426124856,-0.3436065799842403,-1.034820500228215,1.0161805785964722,-0.41219464859747307,-1.432989561460094,-1.6989081131680144,-0.13507982339401328,-0.3652468979238859,-0.9577051585378676,1.285454926738497,-1.0366833302661573,-0.01348087714381093,-0.6368068749488484,0.20611219919862947,-1.2044919932258158,-1.1680766971518624,-1.3344647124440356,0.8530421948177618,-0.5969436499041292,-0.19816864242696133,-0.7782009331911354,-8.086236294934206,0.7908881278084979,-3.9722159281237452,-1.2612300481408605,2.1821467513558996,-1.006773634071223,0.4573831363758708
1,1,-0.4830081707123827,0.4561267167192616,-0.38379659461034554,0.7294355665373147,-0.21520492325917986,0.016009447115517363,-0.6047099097004771,-0.11072329783820273,-0.7693230890136501,-0.743519128974968,0.9122224011464382,-1.0830778575669162,-1.019448975118458,-1.1460992965674779,-0.7728600684892284,-1.1543528654899458,-1.1779198669941635,-1.297353318299355,-0.31273225383721026,0.15573910201780092,0.5474266947848012,-0.31059647115902145,-0.22702847038141244,-0.5955134995995847,0.4783407716184344,0.15899642770590786,0.9896721274920419,1.0312003199914808,1.3595281721015433
1,1,-0.9308127268924606,0.5915898460093901,-0.7781924592872188,0.6942855383006256,-0.7975054719262555,-0.8794858993142571,-0.7570223698910321,0.4538100100510304,-0.8031092663375806,-0.8855383164345146,0.8257593824927805,-1.0747822649373289,0.4575258433644694,-1.0968687564600164,1.6375822700659282,-1.1844754172744516,-1.206657140103159,-1.0903297173528026,1.3260825576058792,0.22444514380807978,0.3074245866158346,0.08394026353792323,-0.3026383253483371,0.2979456043669047,0.4304076464725281,-0.2335150161643638,0.04482423053476727,1.4904140138584128,0.23705501232650053
1,1,-0.3514514696234887,-0.05183706952644625,-0.08960632620276067,0.2654557552800193,-0.5445068256737259,0.20151582386262323,0.048978670466040826,0.04163837120193978,-0.16199395571679895,-0.4716781736407322,0.18093683654728424,-0.3873945487170394,1.317220100682618,-0.6620830187691946,0.1990334881553674,-0.7930841408067251,-0.43719753252779725,-0.5781801375709984,1.600566139916192,0.931762929936198,0.16200630204918692,0.30543320310610866,0.4989521865914758,0.7131873583327846,-0.30305182150277454,1.2598412441467168,0.13694550230337,0.6013826526279497,-0.03477089362640551
1,1,0.06228697094464706,-0.15789180294031901,0.17974135115293954,-0.1657774352246138,-0.020450367379955845,0.07655284313984385,0.3834070128789644,-0.041852139989713766,0.142038797389114,0.04462786363287272,0.33848552545828636,0.06280297684476277,-0.8514508995186045,-0.09078538601943005,0.5372238093869806,0.3832004827699541,0.14215094755971328,0.9672315866047323,0.019477466139366184,-0.07649730194365882,0.06406812180535487,0.49669554742640726,0.08730512344955388,0.972491102226257,-0.6163038427849175,0.43654084309500435,-0.15311940868464477,-0.12124016416600392,-0.6989688808513899
1,1,-0.7225967162712855,-0.31386641507727936,-0.6561321791526693,0.25799569710851017,-0.15027292297058428,-1.339201514767667,-0.25734766836287976,0.18105633625933726,-0.3760376949216734,-0.683902151235857,0.524848535208387,-0.7857712292559331,-1.118302744981504,-0.8159425327373754,0.41099918346334674,-0.566252322552896,-0.5965498882112642,-0.40618886628340345,0.1687581846355188,0.37808250141257865,0.15405415524309204,-0.23413639404378153,-0.41804465919317496,0.02694375320887647,-0.5441014763972927,0.765022358079464,1.1550342428613911,-0.6158015014773767,0.7605414259615991
1,1,-0.12089845712745717,0.04044515329394065,0.163676216920935,0.36374024600090893,0.038022439415770846,0.6148293768718844,-0.004251654200808928,-0.06746470640201323,-0.09246910557023788,0.20248992104139987,0.5601889675565538,-0.4510456294433121,-0.9501741569013877,-0.4685118601482305,-0.29459222840304566,-0.498197691053277,-0.4917935524200997,-0.52549464444566,0.22772510597970222,0.2254925104767449,0.0626780755962447,0.18346763456679901,-0.17264415027063576,-0.7069187974015693,-0.05565874764058885,1.4337666245161385,-0.6018551518031297,-0.35236070888246673,1.6041350054426828
1,1,-0.3832152146330869,0.00536919833131371,0.49053075716402916,0.07836376434593838,-0.02456162269081631,0.6500504000029291,0.039140196457001494,-0.08589375557830818,0.12073498642029219,0.2935945301110333,0.5336177800701545,-0.35941492315909324,-0.7889516657199047,-0.3242218035466632,-0.4107799744818788,-0.6212646878394739,-0.5832918209903115,-0.6913079046556239,0.30779134505540234,0.1179070550759911,0.0868904001843066,0.4963676918775893,-0.10891248170705245,-0.23728424128566675,-0.4694348139621646,1.0683699111752385,-1.0083528592929831,-0.8478191686273765,0.28453541201724636
1,1,0.7087810595230216,-0.12910987810187405,0.1588584558364968,0.11711178747438608,0.6819034212234032,0.2429080991664442,0.6094436927615672,-0.10262077886951763,0.02394693264884651,0.4355321025142192,0.17542303476148488,0.4489302593541042,-0.9251325019830791,0.053538751463742984,0.13724059155780696,1.3155622222780095,1.028342250486233,1.0220817934116777,-0.7387025227666758,-0.29081251833924743,-0.14916209821468437,-0.5050878730902921,-0.055219564479598665,-0.39109743046917805,0.23539466308398063,0.2509473185707834,-0.1768258129654832,0.044861104867014084,1.3835205484353095
1,1,-0.33307709240730504,0.46457629534777417,-0.2672371645517237,0.5288092104583298,0.0719789173517901,-0.34586996385292934,-0.10931467127696302,0.11037475481961552,-0.7533959709482789,-0.5026164839118809,0.12285328588245872,-0.8653353171806188,-1.1533754331281494,-0.8097967043775062,0.43669849456257,-0.3443880935793794,-0.568147813257991,-0.265353985836219,-0.24958332869417815,0.13050919301160904,0.07090599774532494,-0.5641794193314152,-0.293836280684693,-1.0249634746304164,0.5494120904740963,0.14724015640426188,0.2888673143016141,0.6646371622019642,0.8260230118699311
1,1,-0.0033767280399418925,-0.1872690976227811,0.022667611762885957,-0.1623451385863633,-0.2808215707727427,-0.2880458340822074,-0.27036437587872175,-0.02212672973876334,-0.08278387560222857,-0.1579157321399092,0.5683370064197852,-0.646283774287292,-0.7104259967050714,-0.6108509053939352,1.30448375742426,-0.42673984036889,-0.5864756058717945,-0.6738759680023708,0.5030755366481809,0.416559132069971,0.11977446165251113,0.3519209729867239,-0.09716604936588373,0.2624586556230789,-0.31522720923961695,0.4106933115321314,0.43983804947100635,0.48732700960397113,0.1528425998710526
1,1,-0.23620119895428388,0.03995071116983098,-0.25519159198846453,-0.6463037482050933,0.05015913599279553,0.05254995496949987,-0.11568145512435192,-0.2475991808386746,-0.2828755548283928,-0.39309842451609467,0.11315874372979341,-0.44306539821880864,0.7185894886584938,-0.7515426930649083,-0.2792731837539586,-0.6321396375313791,-0.3347977734732748,0.3660988067425046,-0.33382051560315895,-0.10751204126073578,-0.09302447527837805,-0.34930206412137066,-0.06250012377748033,0.3506926043446884,-0.2854583128894809,0.45131871036577526,0.0481157349339867,0.3864263174672656,1.0922748726759304
1,1,-1.8368943450132098,2.11636693566861,-1.92375858480194,1.519112653475107,-2.182612954184917,-1.187941826115506,-2.704102393547951,-0.6194156641518586,-1.7207697936156718,-2.2440565979258733,1.447407017496864,-1.7193518657897222,-0.2933104619460481,-1.1269945116247804,-1.69757229600178,-1.8255556170738887,-1.9159648964703686,-2.0090012830244115,1.157937079147887,1.2126006415044883,-1.1033878689459886,1.5615406298163474,1.3312951478274622,0.9298801270396014,-1.8038725098237074,-2.3833190731064993,-2.311931492563584,-1.3002530973018633,0.9261276302279295
1,1,-0.18500407797165222,0.18199101198526033,-0.07651228876126318,0.13725668194955828,-0.12395361631809884,-0.3345616355441788,-0.12525956373622024,-0.1493702305997847,-0.2557443442334796,-0.2752117796705578,0.7012230398192557,-0.515482015472375,-0.6223332942752746,-0.5329477274652596,0.7240251867067791,-0.6132941336140968,-0.5839053629597425,-0.4283505394476547,0.5054251362581322,0.04392937378701245,0.2899821271443124,0.004760606552502218,-0.032166182952013685,0.5594102117958408,0.026103837647104694,-0.331502144600542,-0.05302109668132927,-0.23817837630560112,-0.11606474476373399
1,1,0.12046982349071102,-0.16043545260500713,-0.1587005053743678,0.08682962228187631,-0.10608383891120318,-0.16835643515774,-0.22874679288302008,-0.021038073189476137,0.08043318659199501,-0.2780778741484476,0.40977230063790177,-0.5385514202969047,-0.06533572786821139,-0.5309623836508187,0.6284250791507704,-0.6182995516992592,-0.7959624098463095,-0.41298851304625644,0.557649053155349,0.16768813742790917,0.12768390445901456,0.4665535168416818,-0.04995993153178381,-0.6961431115469833,0.6500314966180025,-0.6973499053828399,0.5119459359841584,0.17684833753623658,-1.652945995842734
1,1,0.9686773916825511,0.4196004051567363,-0.5360555646773285,0.8624769330777856,2.0614303672055567,-0.7233892335266621,1.3092842807102634,-0.2263865772975294,-0.48611431723637655,-0.09472607745004381,0.2709145685814046,-0.4449468549550858,-0.5313002491785308,-0.8866376959399318,0.18433030989803356,2.9045731108970947,4.495096763098854,3.1103003038558072,-2.873402555193834,-0.2368638521927151,-0.16521437524860627,-0.46320760915717313,-0.5217188628602429,-1.4339216427412924,2.2307378484585785,1.183969526917782,-0.2169733361349684,0.3095001941661422,-1.492365531207681
1,1,-2.066827849123166,2.767195401362994,-1.9237995240719354,2.2043881847358318,-2.4031084226953094,0.2005592116410315,-3.062921263523594,-1.1271844456896636,-2.5043986258335127,-2.218002236477564,1.3168943893821226,-1.717460307987692,-0.15310519320610622,-0.9577306203102597,-1.0667686800699114,-1.6544765349036596,-1.809482932752502,-1.8605161021595347,1.32626563200253,2.3682742747404952,-1.967664599322723,2.0867923022914963,1.6102592874829031,0.8232576776694821,-0.757028025957965,0.4152215555495658,-2.8128910623715875,-1.3665601514727654,0.42770043755184606
1,1,-0.9761888035231988,0.8663042171849589,-1.108871196234872,1.5186783839637856,-0.2337205510057311,-0.9614917859839992,-0.5656112286649507,0.09509076133282467,-0.25355389593427663,-0.11373974898296339,0.9766141869691704,-1.234817748394166,-1.035765280942889,-1.606449214504726,1.3678505401510708,-0.879187831432758,-0.6551712641548878,-0.3542987715909698,0.7253987248367855,-0.39618386982045073,0.1231896957367151,0.5443276869680286,0.49353807475753514,-0.9749067879736983,-0.4845413291624907,0.8426714870833952,-2.498813990177115,0.9324130028923272,-0.2855186241632896
1,1,-1.6018087722873637,1.615404030396165,-1.6233036015441458,1.4593609056301564,-1.7613969777224854,-1.7925715620853067,-2.115262172644012,0.667415154936914,-1.5243658592824383,-2.0997986841466743,1.691587072422162,-1.8009102628722005,0.03973100242767324,-1.677784206093364,-0.8869567552295173,-1.9177647120449788,-1.919667469425943,-1.8398799122029725,1.840309274961769,0.405640801495514,0.22007719731364933,1.1557773187803466,-0.4888138555982546,0.9133520104474565,-1.4166972225280046,-0.5058011145790255,-0.15887356534830335,0.5769515215805698,0.8977486911162323
1,1,-1.9948100474812476,2.3223728551575342,-1.9475859320674525,1.185167159438888,-2.29592523100312,-2.354124957547829,-2.0467968105826033,3.144163702779025,-0.8713126005715953,-1.369305906121449,1.6345642644606557,-1.467039853530065,1.2408265409562493,-1.1231123847127875,-0.5572642763865304,-1.4401090497947928,-1.5697059525479038,-1.4831098100390034,0.8934285545016691,1.4231382433271225,0.477010925075976,-1.0738029587357343,-0.5807338559135152,0.2060140188476534,1.6660842512519733,-0.6181114233376556,2.285815681201116,1.2017520079073265,-0.007178280049122311
1,1,-1.757689435651236,2.7732618238999533,-1.217025660732742,0.49717883841732613,-0.992079613712185,3.2224811976697234,-2.563993265307848,-6.144152338651784,0.26978554263434135,-0.6801381036298797,1.0178518035317654,-0.7198985539241166,-1.8707400973711865,-1.1693537191535754,-0.2707952121201036,-1.2371846650783858,-0.7537036838168897,-1.0305549085464532,-0.08420564428056386,-4.552104714770083,7.379145651610267,-6.092419898495682,5.80996252645543,-0.9933101176300291,0.3067666126304441,-0.23761454048415134,1.594612885076437,2.2357418816036483,0.2791881076898747
1,1,1.2511091722962537,-0.030427176107209523,0.029763101675343302,0.5733982623378518,0.6617258335721956,-0.18031042112540474,0.6658435498872057,-0.17264259920733857,0.21592471340063954,0.4200917199140758,0.07014866359291867,-0.16812495118095958,0.3442188079743284,0.034137149932086525,-0.673623585548058,1.914210247870992,1.4121380147745735,1.290026411453748,-1.5979588910405507,-0.3986394857045595,-0.20324078360608705,-0.7331204379996429,0.03988836518821702,-0.09177130548746773,0.2740386023769705,-0.27845394404569185,-0.24037382601852764,0.04017040450183139,0.9769887936766168
1,1,0.08495072376546128,0.4008182454679365,-0.8337804499582171,0.47315195488477896,-0.2581940441594888,-1.3699999682192172,-0.17744164604457993,0.09684008283503714,-0.46746959166566393,-0.6786381447862239,0.658826405743159,-0.8315776773650768,-1.1444381878312162,-0.9372345190988085,2.429894184279034,-0.8306518248207918,-0.2226552591904758,-0.22602825148584538,1.744324294874095,0.2772571571429391,0.1584540634764351,0.0940421326623709,0.13531910392217447,0.047096133232166784,-0.26715337878012,1.2625814835443918,0.04212285286600513,-0.19151755014476965,1.3295693145870595
1,1,-0.9838629284144873,0.5952621089466342,-0.7864395984567113,0.7177314853856853,-0.8591480562718993,-0.8458315410714423,-0.8100095558571161,0.5009760763403551,-0.8016291543966365,-0.889783063895783,0.8175454458166648,-1.0879914265807844,0.43678833129435435,-1.085509102171011,1.5400262177135113,-1.2017031244312646,-1.2629845006731644,-1.1499906302227028,1.2623886948644039,0.12932316436909666,0.3187486393681715,0.07350322852080343,-0.32758953312593303,0.378449694865276,0.34073360572406014,-0.4449263811413039,-0.04062248718148768,1.536304567410319,1.6306360654592549
1,1,0.9033931774978298,-0.275938183537127,0.2918751994236366,-0.29626420200235787,0.35183056389815603,-0.03321903739118434,0.5640498186056405,-0.13496276308679897,0.24102642289237985,0.3429672685698725,0.38223572379861676,1.1072030255960112,-0.244945566006813,0.28971081762106543,0.557856294900141,0.7016218677233591,0.861854968604905,0.4742142113608897,-0.5508946282658592,-0.3080540056844985,-0.09659906483848253,-0.12508498804698315,-0.05425706024123292,0.25989285374690485,0.5810688157618501,0.7651736276768328,-0.24524627375204064,-0.0027742949540032432,1.429012605554747
1,1,-0.1110766575552379,0.5710141709849637,-0.7355701149156304,1.0688260380462418,1.1811361145068213,-1.132744845263951,0.1554151807763414,0.045879475645005774,-1.0768214401005232,-0.5168886437294602,1.0096501946287286,-0.6949935263811144,-0.9484614453340809,-1.2483090798065346,-0.5237629383652461,0.666913509866757,0.6779975038800509,2.0063493426309194,-1.1320617723043898,0.2533461730673463,0.04153768885956189,-0.44683256272918603,-0.07809954989519147,-0.9484261308379209,-1.1285195582600063,0.16495716725550014,0.3955924467214133,0.5598806135205057,-0.7906579264843319
1,1,0.4237374728209767,-0.1335282427539743,1.0606698063866689,0.25125807111795906,0.3574484227377608,0.33083910707862474,0.5271065083184785,-0.13284431430747,0.9813309241535016,0.4128070301565901,-0.42222699625732163,-0.3945371299481644,1.4246344349851863,0.9869447644947852,-0.8742985696381338,1.027193576057035,0.7953047906035005,0.45991559248826663,-1.6450897555768065,-0.4694809046669772,-0.1509185926914023,-0.2862085578262679,-0.06277461894758929,0.020267091314896464,0.08857816288005922,-0.25393251480006473,-0.2759534854674892,0.03396122795495553,1.6899346036348768
1,1,0.8215999400535631,0.4410200288612393,-0.541944563300061,0.8460272584749929,2.4050045891929717,-0.5177648334291003,1.3132284578654743,-0.23619229595053487,-0.22069871836467073,-0.15670177709826855,0.3328060542487149,-0.6856949287603901,1.2258131652603546,-0.7950160925918281,-0.34168083880134575,3.058525505902544,4.645046183104352,3.4675417021575266,-2.8138270210791414,-0.19550877206151865,-0.20510797066344238,-0.5715835261004791,-0.555437681938258,-2.2170196638995985,2.3094171925986235,1.1787205856634464,-0.24707007936471878,0.2973131102860414,0.7846980440428493
1,1,-2.5246446833599436,3.550329271302639,-2.4940461650103387,1.755328291723045,-2.9118592713258593,-0.34019087473145126,-3.7765633558417258,-2.2315371155657466,-2.739648625133685,-2.8007636768676156,1.021284273967795,-1.441927524716243,-0.6261753619841254,-0.4189443852866031,-2.1607032561765993,-1.3305562089032774,-1.4528413429949207,-1.6470752157242747,-0.6339968694890796,2.71454123394016,-3.921702090159054,3.4733548986362206,0.861062196833294,0.5928522490660172,-1.247701275665407,-2.588097548067922,-5.046059116015947,-3.400556520593619,-0.7594941449993691
1,1,-0.2321417694215137,-0.9892126666111709,0.08305625443573086,1.000503148663166,0.3937714992196415,0.6213054923493008,1.3236250879231242,-0.31576588320984267,0.3717447452164122,1.149410631054357,-0.19149270538263813,-0.44078844802324935,2.4701166552110347,1.2835191839566467,-0.3166263124325843,0.1086231261876815,0.6056470810945315,0.04454053493900961,0.4832413577804721,-0.31123306587261185,-0.20361733012366512,-0.15580328558431664,0.3117439315039689,2.185731041838903,-1.239019011995424,0.051964181365318156,-0.15921439622302114,-2.0181082440450604,0.32013081375068875
1,1,-0.9877183552733161,-2.3361800006758875,-0.7244404135339682,0.833713749316655,1.154677531717029,-2.1945178883040786,-0.5800986174624735,0.20872768577210427,-0.3551992427872109,-0.4988118897705669,0.24592945239191316,-0.47071268967389496,0.9704319140134904,-0.5798550015111434,-0.3057929231961213,-0.7920967214251843,-0.6466841430373594,-0.5523065777568259,0.8121810381435974,2.01068938930041,0.3809083077510607,0.008686233335283837,0.6035214428870938,-0.527098073279255,-1.190838765449673,-1.3399175146758817,0.5655620445524491,-2.0885760845168964,1.2116117636242476
1,1,-0.9613013135526349,1.9088245622190982,-1.687353506999705,2.0232453824262215,-0.94437514816641,-1.8215070580828376,-1.636955924445586,1.3202460848121214,-1.703004668502449,-1.6545638206713884,2.403491458073485,-1.900578863475723,0.43740066246286147,-1.95385452131514,-0.4688851921825834,-1.780932983841355,-1.5730388512403046,-1.5266348567873622,0.7955044221068599,1.3503653791909882,0.6005790631136563,0.1544658586528208,0.5580158522228302,-1.8401046806220092,-0.7507679258219627,1.3608729578507117,2.1464383698378753,1.6998830807292087,1.381035120221174
1,1,-0.5707757253220043,-0.1731604089581174,-0.084018873563268065,0.007434623477734785,-0.14547434263528994,0.22431913250060534,0.004715596892252449,-0.1664945492536595,0.28982857264191264,-0.19813215429402517,0.31798641975241504,-0.6109302439802067,0.8201686109708951,-0.8441419520958141,1.7433734917718229,-0.7180855909655268,-0.5562554328849485,-0.6378557099014607,1.2013264729902897,-0.20136022908905354,0.05301975521579072,0.4952858532355765,0.12253546640727375,-0.7431604388952434,-0.30264064080731823,2.246287048163873,-1.2229019722039838,1.8431892356237216,1.32910129828007
1,1,-0.4290013756669638,0.5299961876784581,-0.7373182169235005,0.21841775210893935,-0.24137315504874524,-0.7247128016197477,-0.18296454242698781,-0.1628463055161705,-0.27594363348730894,-0.5882078769556517,0.5568481646056346,-1.0000631313922141,-1.1397302832504892,-1.0396009780051756,0.36881802784709916,-0.9384409826506125,-0.8711247825216618,-0.7371376704568003,0.39189727656311135,0.12504502514304536,0.4028796517397917,0.21273072315314306,0.049175379151691456,0.4646957495567906,-0.7680821253355777,-0.18115284928196984,0.036041703248787034,-0.31646889853455173,-1.678372943900098
1,1,0.0062072305705410955,-0.6421103332132471,-0.03228750832493271,-0.616098691323887,1.1078684884437129,-0.3201204689826866,0.478215696561199,-0.30325262411884324,0.8019461229919584,0.5891570699431484,-0.3406906318674481,0.5635233560009556,-1.9335054951249826,1.2119046382407528,-0.5210710967475654,0.0824226318454746,0.3963074215110056,0.8996540648597132,0.24122875339291827,-1.1963421970658352,0.32337695757752116,1.710724760450237,0.10579440564168409,1.2388247814599345,-1.159973279467363,-0.4697647309978502,0.12729518992592917,-0.007541339586646723,0.39673142061699684
1,1,-2.495407740589392,3.1488653063588234,-2.3562520943339997,1.231568579350629,-3.0466983863530492,-2.793176756863524,-2.505501377771715,5.086215272239433,-1.0923188563245687,-1.1912988017416428,1.0890134461421224,-1.0025075622704152,1.01701413189454,-0.8185188526800358,-0.11010371562073137,-1.1795463762084883,-1.4155560483914231,-1.4725562237044367,0.5757817326256746,1.573895427021922,0.531439605459036,-1.5311266140595194,-1.0786589992196336,0.404525294994024,2.999329323739757,-0.5093253180496724,1.800142520315327,0.931111587175519,1.137519840440746
1,1,-2.526120373171075,4.213058039926724,-2.281746392590191,2.2051059829007467,-2.8092525927066276,2.6688046827857472,-4.377253239510485,-5.312804454355232,-3.300870677055206,-2.9295930051809327,0.8224800498009934,-1.4120389862047371,-2.766452832881376,-0.16404220940191305,-3.378222675833091,-1.293396452795258,-1.4948883375390902,-1.705073874533662,-1.0182430650622232,8.058495481338202,-8.625251544554349,6.9030308698687,4.143563409927012,0.22217297117556503,-1.4868463032417658,-0.33708181457879655,-3.932053381026146,-1.014920301960055,1.1559454389615647
1,1,-0.6735229045262755,0.5361081191299554,-0.35479260398716755,0.639148824247487,-0.16927728919514887,-0.0787648117643603,-0.5981856673633963,-0.199169351295168,-0.7850058570927435,-0.7335707972188161,0.8719422949922384,-1.1033989420240828,-1.321127319673461,-1.099898187280996,-0.4259788753236084,-1.219992071357069,-1.1619682627563166,-1.4278593437925022,-0.6330715947438876,-0.05463202031548645,0.6978724382465448,-0.2611538528120007,-0.22029862774407985,-0.3014727229955597,-0.04900414543710898,-0.04273149413354674,0.8840384272849726,0.8359601328131515,1.3416011126903438
1,1,-0.3104371093446097,0.08485603268553296,-0.4977242877795509,0.23058711844372015,-0.21826540926861474,-0.47978565076591784,-0.08533270436628883,-0.0441003380484919,-0.024836221799613197,-0.4065171669869201,0.4596314282557094,-0.711381130806292,-0.27905329042818894,-0.8649052058454203,2.0668135155515395,-0.7466815608093252,-0.38544339372086145,-0.44410935846912253,1.3925316177829317,-0.06521152172681126,0.09612960839391822,0.30454320544159097,0.1657109597809397,-0.349689023798574,-0.39319079321056705,1.790796980142092,-0.7665030970949991,0.8246354754097248,0.916447541393927
1,1,-0.12120969399382496,-0.02726031078483947,1.2504093882491778,-0.056968596983513524,0.6325002227762498,-0.040041439225827716,0.849304700494165,-0.1410965025579617,-0.04192229393452573,0.3570024078825347,-0.4505079379406183,0.33768009879036925,-0.4299089389408484,0.20823606661476024,0.4384420838698852,0.9323446305927557,0.7053881278584517,0.1878871864265577,-1.9350545954832057,-0.4433361722295853,-0.08807110733090723,-0.14073460567140356,-0.10722838481329854,0.6519373192791291,-0.6348761438548749,-0.8848877815498398,-0.24581005221528204,0.1395922140536,-0.978541764805082
1,1,0.9693663939440983,0.46700057428860375,-0.8160291051646514,1.0451598510583828,1.0606999344221337,-0.7511420448605338,0.14953798310841313,-0.0500625523934665,-0.8296946815199606,-0.45760959121989175,1.05474268651705,-0.7418616436432911,-1.5028530120623285,-1.28030490037969,-0.5033994521073537,0.837466820937611,0.4671771201393196,1.7344477119492723,-1.8146585081226805,0.10169933918788533,-0.035434516156563504,-0.7777587748833527,-0.07323185801980105,0.09454497201570058,0.45391100439508636,0.16521467386329822,0.38974883433104995,0.724328155903829,-1.4457397699905676
1,1,-0.12385668657799573,0.22411339426925658,-0.6231240363547599,0.4100456775016214,0.12413544550453204,0.03988713576335179,-0.2774042840280643,0.15924161874152754,-0.7935855275342147,-0.40878161178998973,0.22253968391834994,-0.8827155703876514,-1.071888531770717,-0.40770811763657505,0.22675464649722235,-1.2005836030975592,-0.9428792883937418,-1.3619381965996633,0.49400638275941033,0.13323071739609552,0.3220401323912487,1.1462623590637628,-0.15726521301953142,0.031005835870054645,0.10914188992814597,1.5977722743932181,0.4822307662471525,0.25049134373780535,1.6114532107398603
1,1,-2.0543449448811324,2.393222382145706,-1.9994577527957607,1.1586983562181203,-2.3826790225978245,-2.434026937623263,-2.091449598051083,3.358660805458493,-1.1970611696745546,-1.3148465366711162,1.4376003659481733,-1.2525184362172888,0.0690434543303206,-1.2115942823223897,0.003094994922784956,-1.4120244865726972,-1.6019794712302236,-1.5289572206762119,0.9701923384436142,1.4556976567474949,0.5153319440673878,-1.0228896093536461,-0.6445846643660934,0.3092915050707923,1.827971061604528,-0.5364343116258763,2.2875768035032613,1.1599290022115685,0.7887968203959856
1,1,-0.20594810515337694,0.46217623309532013,-0.8718251746357072,0.4286837787272419,-0.5465566943600562,-0.8718244678241357,-0.4044137511036363,0.24714011628942764,-0.6651446510739285,-0.6212102336742166,0.3597466729584137,-0.855860741217216,0.01437111221835472,-0.6111221769152636,1.0125701042156157,-1.1751687749965984,-0.9453777143568205,-1.0077446140577548,1.9974391188827463,0.09349171336310431,0.31221088606022934,0.7855490645271603,0.13734066451146937,0.28917360487199667,-0.42917662206258334,0.7234829907903498,0.10930304572358068,-0.08275595772291587,-0.2601745237130637
1,1,-0.380304905434297,-1.3624038024287828,1.0546018167301303,-0.10310112630215837,0.08258615393169728,0.48693073618965593,0.9595487042963016,-0.12888320529289132,0.3844821401560554,0.4157802013219799,-0.24255851664380104,0.2523416347257812,-1.1794992043619272,0.6487988814417422,1.9096185976757993,0.5804147891106635,0.4438741149195898,1.1974311623620997,0.2194624024523096,1.4130268568464681,0.14605268875199168,0.6193627813376544,1.2158269873510428,-0.11101973316904241,-0.30159802224744964,0.941712708441389,-0.5622870526956595,-0.3503800804312561,0.6171889032108454
1,1,-0.5961116670196341,0.3051389100112844,-0.5763878879467716,0.6487408170253063,-0.672611522901876,-0.4262126491449102,-0.5886058659738729,0.17836297629732384,-0.5846776441460256,-0.7552466788364345,0.605049492652,-1.0617233714775436,-0.018117655717775925,-0.9642979586205471,-0.27721460329850556,-1.3969630778281525,-1.3645171520084272,-1.4220348756747219,1.7142972050163254,0.08948772915523862,0.2913103491519233,0.45421734245499307,0.340597008033825,0.6431420684302411,-0.9293967351069826,-0.8909001327269929,0.5774193758481851,1.806253316963186,-0.6828949915998529
1,1,0.17244504191219692,0.7584713631859934,-0.8713587923624415,1.24159099736225,0.821194916326454,-1.2648048461954404,-0.064641945501213,-0.048906290459575584,-0.8953720630194189,-0.8701036003141227,1.6024553708712206,-1.3024096690738538,0.6391351447420335,-1.3679827696325026,-1.3243790049200697,-0.3001733554741639,-0.08041653454820447,0.783518187088845,-1.3496892818693462,0.45859074246718423,0.06602570740763111,-0.5054551467863541,-0.5990644561482877,-1.0589775581425034,2.6063673738458184,1.154074934459083,0.7959599405876884,1.1790291011244558,-1.0677264871555936
1,1,-1.1576633732867034,0.6700482983622162,-0.8329766579562025,0.0678007721213284,-0.49386868145786655,-0.7817390858717579,-0.49939399622992975,0.01914684851020227,-0.23806127428049356,-0.6463122551928204,0.728858251928621,-0.9225013395322285,0.14026090791604232,-1.1258209845020002,0.8575117175670477,-0.8253056289185084,-0.8688214485175737,-0.8049566398527704,0.069651433044571,-1.3126944905694795,0.4817825397862207,0.006681577731199438,0.24332995867640525,1.7340486397574948,-0.017142744685828125,0.35355568347455985,-2.0404622802814854,3.3544748871530494,-0.2729664849485079
1,1,-2.6178266533304866,4.60526696670341,-2.363273942641879,2.295920085379869,-2.990277161067435,3.4560014760161213,-4.726808342836932,-6.537987245316044,-3.673753632141959,-3.018259168841523,0.7563445448342375,-1.3206060954946661,-3.0435938473000657,1.073684591366284,-2.1789328440614457,-1.2142174310234488,-1.5053592004307268,-1.6442937337597674,-0.677838174663019,9.974304506455546,-10.74818312076553,9.232343547327414,5.712580911838354,0.203281999566667,-2.3753567238443156,-0.16330751321690568,-4.193077646124494,-0.8931792971821804,-1.7243998767989515
1,1,-0.4690455207828783,0.07943034131662063,0.19738152610491225,0.051268511813778804,-0.14464522997767876,0.11945590210085036,-0.20002902522610555,-0.1819304310016733,-0.12336910081385027,-0.18230899055404873,0.45855556042994083,-0.6096350997442251,-0.4289062307727818,-0.2905290221141703,-0.17554167555980393,-0.5417348407313376,-0.8488799170563229,-0.44047793426292364,0.06712848232141246,0.1541564120379655,0.030490985283689084,0.7052522799967557,-0.1385108713713155,-0.041737619498509335,0.04110776306257113,-0.8901953941021165,-0.516743253651896,-0.26743598014456094,-0.362292193577833
1,1,-1.1486513831055396,0.03142883650869523,-0.9029201156351216,1.0113769578600553,-0.8112971541028116,0.06111146156148737,-1.0946416357190574,0.18771235326380403,-1.0616567118223939,-0.9192411003223581,1.0302381501739495,-1.0612910308643202,-0.20913923791297773,-0.9041034507281436,0.3030136249608857,-1.1416400260213977,-1.4378573784737958,-1.1956440444849972,1.1881878620650272,-0.7958388069797274,0.03360614869623693,0.9272491314547507,0.5138040409454627,-0.3763230642813946,-1.176028116447789,-0.2339400923977882,0.5981428607321921,-0.1758501641500975,1.4827923303215538
1,1,0.07086400489021188,0.10193391415428416,-0.36574024655279075,0.17505280329061568,0.09849751734942233,-0.24909783782158687,-0.07732287376380514,0.004701560780537411,-0.5837466134316138,-0.27857496932103354,0.368340460703725,-0.6063428495252169,-0.3359087135791398,-0.6873659705194508,-0.20781978623281672,-0.45341438067418915,-0.457273766118461,0.12160463890572605,-0.4427756253091923,-0.08099066908019592,0.0406431902202353,-0.27927233413206193,-0.3039519740469743,-0.4586620011805126,1.0605576586728358,0.9768086305378703,0.12040205961554888,0.45535793060840984,-0.5390003257357233
1,1,-0.03924805258148032,-0.5160057288331351,1.1431051545344744,-0.08146331537408914,0.1465411098436712,0.917710673455935,1.0557810951768816,-0.1620361763442176,0.28525941573400015,0.49336657455677274,-1.2669766410921937,0.3077026579126294,0.2792018399431932,0.6769067237120733,2.593195304353629,0.1755430372979237,0.417444381459955,0.6094077214655937,0.7693738578280904,0.7164041601795506,0.04064065997603956,0.6238249342979291,0.2947174790256898,-1.1725534955378587,-0.2066036632871696,-0.11235331301453917,-0.2901289668519726,-0.22098401813738136,0.5312890158100104
1,1,0.17453787742766033,-0.548666131479699,0.5609759157299676,-0.41151683952819584,0.11643006109064223,0.3338992478726019,0.5484043221240994,-0.2957695064943608,0.19796612879502243,1.1393974207252544,-0.1722011677947065,0.3742153711303341,-0.16197377317202968,0.283645024122718,0.08515545681132743,0.9944528496976857,0.6225247881107822,-0.07776368434579997,0.6658206269852647,-0.3315185723020075,-0.021985933916400115,-0.11522567232215716,-0.07871734474528191,-0.10945986818145367,0.17479969507065612,-0.5137789026963434,-1.0161262944595253,0.21829625376132078,-0.05615284360193323
1,1,-0.8104207369731319,1.1473650814252172,-1.156393131825729,1.6241558734143875,-0.9348627910435076,-1.8593182031183517,-1.2928088374804632,0.49129068920600844,-1.6200512297495546,-1.6994572677928816,1.9434951944170171,-2.0313797405808858,-0.824639099911387,-1.7830818237195971,-2.073159251716276,-1.999943783208033,-2.2262307719923147,-2.184928460020801,0.0976763141354371,0.9870928890661536,0.6031901225398728,0.06607152087556685,-0.06637374107244323,0.8798049947023494,0.4247406807971623,0.27305369766971943,2.5948867114573138,2.3142260649161743,1.1564236295360975
1,1,-0.5311614167972839,0.03540513393203635,-0.8371713674183195,0.06141022998611998,-0.684120339175334,1.1733571630493804,0.31488214449000634,0.23259028438803814,-0.4252700405520383,-0.9326412949467305,0.5024948941477448,-0.8803602374763629,-1.0660453893007165,-0.9321028898034897,-0.042366073365670436,-0.9510822378072131,-0.6582751316960884,-1.0953435825105045,-0.6823895787250409,0.22636158876527265,0.2430752383445373,0.5606012436171219,0.9694636962396783,-1.1616449581149269,-2.388880307492079,0.27769942505659156,1.3092031044628305,0.9093343078211621,-1.6302864485571331
1,1,0.6835977653128827,-0.33440853570222123,-0.33908798113444216,0.035003059380759406,-0.5773990161267921,-0.03261676322017554,-0.4744989357259577,0.1818348210954747,1.0073116115064322,-0.2760158470192585,0.6519337263452543,-0.3526160787975059,-1.3549800388989741,-0.2276270713347259,1.0688617754993002,-0.9643776078604969,-0.5561075830109864,-0.4518759528051923,2.0871159939850568,0.012512464784684079,0.23705073699865545,1.3427042385193635,0.6342247446248416,0.402472478879707,-2.626336257732931,-1.2969376436064335,0.3978962024273892,-0.19748576818809324,0.8269488702163664
1,1,0.02009473130169081,0.20348036857600982,-0.7945473315942236,0.3381996598571977,-0.45791940991853153,-0.41216925433487817,-0.4649516010173675,0.211688338938032,-0.4610226799010859,-0.6441909818937479,0.6486969206326969,-0.8095349730828644,-0.022908498561133788,-0.7031679003152923,1.2336595105612531,-1.16152091906143,-0.9344641159704424,-1.039271551236349,1.5847313477297744,0.26640692612805145,0.29799303940289334,0.7442950236739968,0.011146474634038658,-1.045287584892364,0.07866826623781067,0.9739222826761612,0.276326385107339,-0.01739643087506919,1.3419557585875659
1,1,-1.2122333765089799,0.22054367858904092,-0.9636976327253987,0.9606424182542918,-0.5904536939343478,-0.7187073627632132,-1.256187085095921,0.09404122474322303,-1.0803753663083873,-1.1974799792777973,1.3641764358593882,-1.267067564811345,-1.633075007119528,-1.2455285930855602,0.1584879139169611,-1.4510824086867784,-1.4637349409531748,-1.3704136333299592,1.8072381225281864,-0.2008863020834253,-0.042099807806151524,0.3800465423178932,-0.2850731842845985,-0.7993619037345644,-0.30304305301758305,-0.3072715669656738,1.3899418675567368,0.7401467263494893,-0.5228406819434647
1,1,0.9252841545094249,-0.07227493609075296,5.730478364362325e-4,0.1510460691326773,0.5876099278033091,-0.23367288205255465,0.5966174677756455,-0.13642213101690262,0.5636254677865279,-0.08308513968999853,-0.08473257086887445,0.3419556989054237,-0.616324890733776,-0.5787127527939422,0.43591738162533017,1.0662585127282953,2.646525894839797,1.2530649427519311,-1.1828124097088826,-0.286966414871017,-0.2138200166273951,-0.6720435806360784,-0.11586553883144714,-0.25770921343838993,0.937541448581876,-0.7586848523488094,-0.10286556728892587,0.2297441867529951,0.07142229712282963
1,1,-1.671524532907703,1.440492286855509,-1.4811416923497405,1.7634893302422148,-1.925895852447778,-1.2917237454719643,-2.045008351152152,1.578003618460697,-2.0756421074600153,-1.800587496392247,1.4091715595635854,-1.7317073766987332,0.8870670836734962,-1.278999487863833,-0.8073229512548581,-1.8904664664718709,-2.2239542196301323,-2.283554844427748,1.6101425417825221,-0.6486575834095846,0.5581057958378076,-0.19953064086573688,-0.16275766253382043,1.4181298431702183,-0.33932401289040637,-0.2723061718645028,-1.1374885125596121,-1.013129568524099,0.7759554412896169
1,1,0.29568862179541533,0.2974527049689357,-0.5722281078578336,0.715466764509232,0.015939884097071987,-0.45237945899394344,-0.31957680013889167,0.03845001135994949,-0.46739840901308843,-0.735985236682591,0.6581175938169578,-0.8122590595063315,0.4782469276193216,-1.2233535729719083,-0.0864032267678961,-0.7105980972431137,-0.589069063606896,-0.6657389344321135,-0.2896591907221981,0.41283860590059485,0.03465259957610802,-0.687474549421516,-0.1453708513563117,-1.1110523734353333,1.0383104971772552,-0.4617423393617044,0.9325335716214663,1.0279421853915507,-0.8086169621649532
1,1,-0.3320809059460535,0.6313557386509495,-0.8042924437705543,1.027978729848413,-0.09406119745528732,-0.5633077488155471,-0.41681305492164444,0.28368221476749245,-0.9264795209566568,-0.6037663122494675,0.6486458187959253,-0.9337744093446664,-0.9441623579243252,-1.0062380543936902,0.2391104310110131,-0.9098252538519173,-0.5428288225691538,-0.29155498926454865,1.6603410884355063,0.3156622238176825,0.26393371786173886,0.6220894432847079,0.031232834495930912,0.009772652139998892,-1.0929163265854016,0.45176861126583834,0.5804959456421651,0.7930652333586761,1.6315604703388984
1,1,-0.911662501070042,0.6538466862628343,-0.9163291145339643,1.3625852908006926,0.10298611472486544,-0.879541158701526,-0.32779749081108467,-0.1413332521394629,-0.3716736022079476,-0.2797060110044746,1.0256866713404307,-1.2855847224852208,-1.3403077796534497,-1.6607190162262717,0.8174422696998119,-0.8615353463147813,-0.7451068669948215,-0.4089249072286111,0.10675952833475678,-0.45648426804883424,0.10557568953325344,0.4318954253911794,0.10654039851884485,-0.9678802752203433,0.37343824708950596,0.7184242908424682,-2.482239250809132,1.1191894768571002,0.570768080811389
1,1,-0.8876404702283242,0.5821371402454608,-0.8492153402362895,1.3139985983953428,0.233372643278884,-0.8526114320269761,-0.2457516316789383,-0.21298679921153138,-0.40730657983540586,-0.3283543381136832,1.0419469872648188,-1.3014949043882518,-1.4363297871929162,-1.6780013856449743,0.6569725273718383,-0.8570203965616413,-0.7727384487489556,-0.42563848766742146,-0.09074517741694575,-0.4751533936522941,0.10005896232894902,0.39913759775917,-0.01038272442351073,-0.9654534280292415,0.6402334756791379,0.6793100239583081,-2.4767267469419827,1.176713581164028,0.5038795390485055
1,1,-0.03175288662677975,-0.09277525461742078,0.25523638681235766,-0.01792808677214414,0.9844207682313816,-0.7723369562135775,0.6671687399798807,-0.15062104607630325,0.4142687399645149,-0.1523172718571195,-0.12802601788469758,0.3263734955562798,-0.5211015503884225,-0.6079977846267207,-0.2537244772172224,1.343700091611396,2.4146868779661834,1.5089013068584858,-1.4599843496278888,-0.34705869209534945,-0.20141032285688898,-0.6804175154388932,-0.26952906984952274,0.4972222234060023,0.71656582820529,-1.137352771898734,-0.1805847988992911,0.2523982900466635,1.2001598987709285
1,1,-0.4227114457915452,0.5892369580562997,-0.6740148137288098,0.9470381270040809,-0.66569069970430494,-0.6058208095832159,-0.901637685130326,0.34066541427301406,-1.1226182191870662,-1.0353621542627705,0.956844748576219,-1.1945015517722835,1.3933852545931003,-1.284908040781317,0.21876436972826108,-1.3821320788985505,-1.5394757264145795,-1.459025330023356,1.0153048740516166,0.8116582302520964,0.3746756036538406,0.19876729844811586,-0.21800105200057812,-0.1661754547973737,0.9985468391566148,0.3460307417175203,1.306298788905557,1.4605532055866879,0.2227136554908992
1,1,-0.07313504109106485,0.17106185543299882,-0.2544784952882446,0.1561117430623253,0.2127334930088894,-0.05978806928866065,0.08525226031523336,-0.027862297949107627,-0.6383849282170528,-0.23879998238615488,-0.04081996459792981,-0.4968751052889653,0.9712591599259388,-0.8044215024483102,0.06561682015586028,-0.4678170076820268,-0.07400440597382392,0.48104607104763364,-0.2083183221825773,-0.05210332852731206,-0.07040444119060109,-0.5857353660608593,-0.11487294019485823,-0.22192085515810042,-0.21037882606332542,1.0837309470162755,0.07837702271169567,0.4198179509240594,0.5347032093041655
1,1,-1.757689435651236,2.7732618238999533,-1.217025660732742,0.49717883841732613,-0.992079613712185,3.2224811976697234,-2.563993265307848,-6.144152338651784,0.26978554263434135,-0.6801381036298797,1.0178518035317654,-0.7198985539241166,-1.8707400973711865,-1.1693537191535754,-0.2707952121201036,-1.2371846650783858,-0.7537036838168897,-1.0305549085464532,-0.08420564428056386,-4.552104714770083,7.379145651610267,-6.092419898495682,5.80996252645543,-0.9933101176300291,0.3067666126304441,-0.23761454048415134,1.594612885076437,2.2357418816036483,1.308050738733094
1,1,-2.4235695819527114,3.019891599274638,-2.296394520997704,1.2174813927973736,-2.9326185611452784,-2.7312038918247055,-2.434868428821611,4.771859435077914,-1.111393284034926,-1.2135585599779681,1.154388702628881,-1.0511276873355113,0.8461531789481396,-0.8960827698591837,-0.0919830044859574,-1.2239387966052793,-1.4498115541949261,-1.482669265732702,0.6480680682418614,1.5535931276024448,0.528849546138277,-1.4396745818230903,-0.9918579903073297,0.3853676903028377,2.7911759658312776,-0.5123852767404447,1.8864641253594192,0.9735935596029701,0.9580690164465551
1,1,-0.6286283901369868,0.525890109671556,-0.3234963862024595,0.6601423352089958,-0.16622177873056254,-0.007038626680685109,-0.5812367127085539,-0.22682207735467447,-0.7818587951326001,-0.7271070086260684,0.8736638728704362,-1.110459885609496,-1.3649048098248755,-1.1142368446762123,-0.5161197936844983,-1.2141526421028659,-1.1687817571475425,-1.4402784640211326,-0.7701293649575024,-0.04447308083724514,0.6986458763235098,-0.28434013237617,-0.19483069562048486,-0.300201982333355,0.06724562236374254,0.025548333863706387,0.8587154056996225,0.9350369998273452,1.428591100185098
1,1,-0.38011171687940554,-0.3750204971230197,-0.1442097484570547,0.3429565873652593,-0.582639867610975,0.6324374861538414,0.14731746530429934,0.11779375222241394,-0.20629650736868307,-0.4195263531236348,0.44869248871390904,-0.4564822020401709,-0.7390078569009176,-0.5073671678452257,-0.4261542445991018,-0.6485217296546121,-0.40005783027729774,-0.06775171379522997,1.9162266615896153,1.3912159549315242,0.20945824831444732,0.2912901493273012,0.9384767986018192,-0.0797003927176728,-0.11755749002331034,1.548229984929095,0.1584416122318152,0.5250154945493501,-1.674551779704213
1,1,-0.5801706089167021,1.1882169613248073,-0.9897166669502535,1.233059853595664,0.21305209576207665,-1.6535473568035979,-0.35689038480957463,0.31981395398384294,-1.1215476143179817,-1.0340397387483202,1.6471380719593565,-1.3794533504859208,0.017892243818652738,-1.3741690532237174,-1.597215298680079,-0.4622243559237529,-0.22975786837718834,0.46600318694650783,-1.4051152401680649,0.24766219466855124,0.18278811473185136,-0.395075913092477,-0.360232255630613,-0.41418299464994784,1.5678590956913838,0.9087808122371266,0.1338266445835659,0.674875951312141,0.8765222620874376
1,1,-2.353608402648764,2.898321045402694,-2.2387588515657355,1.204247745503525,-2.8237546157903197,-2.673231243644082,-2.3678503082860147,4.47980837775787,-1.1291592712136431,-1.2342307094000708,1.214238008199947,-1.0949676226721563,0.686058986550717,-0.9654830565665112,-0.07494793063261669,-1.264453942393156,-1.4814933901316045,-1.4921063024808472,0.7152725878467225,1.5342325390662441,0.5263892264622545,-1.3535136167635196,-0.9103360986855453,0.3675441626233141,2.597393895416799,-0.5152277388410441,1.9681364225913092,1.0131927932114846,-1.4537280234788077
1,1,-0.5211774770092806,0.3952698451316489,-0.72251634810301,0.5112581100303751,-0.5469695348618275,-0.22459995393988957,-0.42766345404271916,0.2970147017840483,-0.764962166630893,-0.8704853001867752,0.8956619925811167,-0.9579077472851554,-0.150181380450681,-1.0520076356365622,-0.2951748424465988,-1.0233401808154428,-1.0538982945577766,-0.7533257049115665,1.3974101801380492,0.597124695760054,0.22732490785989065,-0.03839306882678928,-0.06140345522101999,-1.072555582071704,0.02915111986720006,-0.009285682401184034,1.2450257047390312,0.5883364204549894,-0.32688428906054456
1,1,-0.44973212644775523,0.014150887541045393,-0.2649838418512005,0.41427331832106484,-0.6453570399429337,0.26304238907516536,-0.1472310376597995,0.17752506922319475,-0.4255423677586109,-0.578308049934782,0.2972579931174372,-0.5152183408188029,1.3124264607845084,-0.6766563434119223,-0.19243874637063627,-0.8894596318138862,-0.6827879889772438,-0.7000959193081835,1.7498982657027544,0.7808260053546721,0.20616976720109437,0.3973343770969323,0.4383901103674634,0.3107689242718622,-0.002793752532623548,1.2462792054206,0.3941246431467752,0.23875613521864844,0.9854087268020489
1,1,-1.4391671620922977,1.5054786099292412,-1.4413162133910558,0.7370716863021545,-1.437994582712988,-1.8446727028624625,-1.2313153964246986,1.6910349623052336,-0.6135199258590764,-0.8620530514459791,0.5608345257302042,-0.9647290798065099,-0.5235411286575712,-0.9369682020372694,1.0316755037865264,-0.8759371557015426,-0.8667562042422869,-0.8424084472370511,0.35791963611814004,0.6987171660218762,0.2486471436340784,-0.7132579914614091,-0.1593139318597992,0.025589175641768856,0.6973237182357193,-0.6222597291080993,1.4046286337104394,0.49428057813812515,-1.1155876951458152
1,1,-0.11470568415355784,0.431590764079491,-0.375263854695824,0.8393001779184154,0.5399834512032397,0.2204938995131001,0.17160915034948596,-0.14192894918117954,-0.7328701983235724,-0.21086908599780824,-0.09744010526650178,-0.48758913449858066,0.09503687883269371,-0.7333418665973305,0.10539450800133135,-0.14297367313845633,0.2776338694726185,0.5030668060147039,0.913737740753783,0.36305622038901036,-0.05260025182788388,-0.29743933134509376,-0.18489661247788372,-1.4252406641046702,0.4038789879884602,0.7388938920930546,0.042397096390378856,0.17257432393850422,1.5794682205174781
1,1,-0.588089121718132,-0.7149469275600755,-0.39460405709056956,0.35462795958842036,-1.0000249580728342,1.3071318250007773,0.6002714481097521,-0.7228210562571117,0.2628546942115116,-0.4127281937013537,-0.26641569853994224,-0.38444643741949636,-1.0442222490430737,-0.3146189972700444,0.1394266328533389,-0.43378458200117687,-0.29154571651834127,-0.3285004612449685,0.6075618354130276,0.5120798399046793,-0.10453645912895375,-0.31800387220005727,-2.9857765065656214,1.2932721180375955,-1.3723526855364772,-0.908491478650563,1.2216242531877515,-0.4928084985785371,-0.33387546432954657
1,1,0.25987133227916676,0.01815231941784898,-0.19693916648105003,0.4495987007705415,-0.2665613720584766,-0.3002946346124688,-0.3040459906457819,0.06303914820585432,-0.3286228216129022,-0.3599941855608622,0.8775029664464689,-0.7145816328363018,-2.090010178318085,-0.5977497145401685,0.46477830288340993,-0.5790457970122911,-0.7319281960897398,-0.43611929662555365,-0.17608148042418162,0.10797121378669798,0.15662805637576735,0.16125219309450503,-0.15948886934570924,0.4494559548776853,1.0005599070176174,-0.07942409862233564,0.6506271632804097,0.7575186305602736,1.6208992914203686
1,1,-1.6710858329820781,1.559744140688686,-1.800697185405781,1.2401092563876726,-1.9970822559389017,-2.3349213052392916,-2.2300817915728577,0.9154656512351491,-1.5344134285666098,-2.0730212771384946,1.534644262114308,-1.7153780070749807,0.40931030136378366,-1.2637818971342636,-0.6910368021090028,-1.9807751915425211,-2.0388506219176667,-2.099274168938085,2.026585299843829,-0.3278815833151111,0.29262695671533845,1.1316183533550501,0.09497351742866315,1.3112914835099356,-0.2901986640448678,-1.2103113819629838,-1.762232741967746,-1.5855852568115962,1.5063079695475794
1,1,0.6346779798153066,0.24867529142145403,-0.6862413459065789,0.6307648489963744,0.2121674399637032,-0.39668423837012956,-0.07444053427011979,0.07216853619240138,-0.28573341708383665,-0.3300938146522032,0.7388086029646347,-0.5028496331718639,-1.2062422118920013,-0.7713853260843072,0.2872601621850704,-0.5258256464778865,0.057954509886215304,0.5583486080797614,1.7044869994413145,0.13149854071626438,0.061279834411980996,0.011364452552009094,0.16286091464035132,0.811800195547541,-0.8691484096521613,-0.6094949182643469,0.14659867270609725,-0.1944151918653201,-1.0072419200777873
1,1,-0.16520030748228307,0.33033441309976536,0.01973886557250994,0.13627074421202098,0.40893884987775514,0.9941356690218567,-0.06249939623005684,-1.3648858069079082,2.2888350909434605,0.5494363470348652,-0.4347633104038256,-0.30005730115799356,1.4971564912604185,0.20627543015829725,-1.0539932027457972,0.7800372545459167,1.6770363497555179,1.4233555565946758,-0.7546903852193507,-1.7548460030358282,1.7132052701098286,-1.5043526800945126,0.9296246270597401,-0.03552395451804519,-1.1517763120884312,-1.1029854543952338,-0.3251893296183475,-0.22881262683903433,-0.003932688702826813
1,1,0.3875321648558172,-0.07033932353087721,-0.7573150022925582,0.19407239023296663,0.018834977190831628,0.27195522732191285,-0.4194486338567764,0.1469175217483126,-0.08758437478097936,-0.741937104971173,1.0121920705825378,-0.7919227341494095,-0.9591299653125821,-1.0215135134959321,0.6840670763452656,-0.9310172717913408,-0.6999092671101271,-0.7315165635197941,-0.23551919057198054,0.4305336284927787,0.26919718003185333,0.8094689352694143,-0.2571066497385104,-2.6909530768994556,0.3267401652123912,0.3529283613639529,0.9133851385592552,0.8453212789471464,-0.7130122769946533
1,1,-0.26667255571894116,0.2957611280404176,-0.32031078440981464,0.21528816419218996,-0.20831012689103245,-0.1563429061347295,-0.3481478113264916,0.15945856912294412,-0.5614367375689474,-0.6490034134167868,0.38459816217607123,-0.7331905525660848,0.7403974697546718,-0.7879413118386973,0.630551094275251,-1.0056510900923694,-0.7922635918971671,-1.025746211780157,1.2211601689407219,0.4190286399836933,0.15644696907613168,0.0540312966519205,-0.21405616113965428,-0.8061317695050433,0.24387013939278845,1.5683039447674103,0.6079953312607066,0.5406552050120172,-0.8018321791804
1,1,-0.3216860671717416,0.25056262356955306,-0.03310305737392147,0.11659829204152924,-0.11151218123642348,-0.2599290537506448,-0.119255432808058,-0.15657576461946895,-0.29880863976037,-0.2628465598065885,0.7132919945089513,-0.5222006638314709,-0.7424759067203615,-0.5117844640154416,0.5603055994859064,-0.6055026622377729,-0.603667664214676,-0.32093478450728746,0.6816385578061889,0.00590829017498599,0.3431630282820614,0.07089200042445228,-0.02767950376749397,0.4679748978064683,-0.2963867815098102,-0.6641723782132624,-0.1685230364305597,-0.4457529588979047,-0.28969007385602064
1,1,-0.9726816532876481,0.6474264773859744,-0.7919186961631084,0.7380414048113835,-0.8562092215050976,-0.8373735039938665,-0.8167685424431688,0.5161593448671108,-0.8742001710514319,-0.9105964248918358,0.8273351342039513,-1.09706087745616,0.5270357862383224,-1.0973385664381081,1.4401386837575054,-1.2068317205940498,-1.2781790892965434,-1.1742979422768103,1.2414202272334953,0.156596308103912,0.31880208126301907,0.007024233036172931,-0.2748299264872802,0.30721370347663984,0.31983676401237315,-0.4313760174517547,-0.002397904926496334,1.50002301661251,0.8647840642761151
1,1,0.21293865466944972,0.7326289084153602,-0.8161251129471399,1.2743524085059121,0.6663150877520319,-1.693835855475986,0.015939898139871882,-0.09229041082758352,-0.7207965308897516,-0.8428105490320248,1.28170537849494,-1.3548418952943182,-0.3075816900329242,-1.3211867565885238,-0.6067204869826606,-0.3089964487368077,0.20612373247928814,0.4347609742314177,-2.0286538758806922,0.3020260836926492,0.04166868332301091,-0.5410125636645888,-0.49707113785564666,0.058066468429398575,2.3927212140103427,1.111925907968318,0.7045893836822729,1.1433671420843896,-0.9015836051079685
1,1,-1.4057601751413351,1.454087077960643,-1.4982906900843058,1.6341144115926176,-1.770294984767039,-1.8778732973481207,-1.8910093397008665,1.6182907633056955,-1.729046496667345,-1.8021141665472842,1.7123959722927897,-1.801854338396726,0.7776690008033323,-1.5210114736998104,0.9116380693022103,-1.9845230488125842,-2.1153159492310896,-2.0757675395797057,2.5544524485947484,-0.2651231569070275,0.7669176452240567,0.02965178601296598,0.16278161176722658,1.0810677648452718,-0.24397854042222203,-0.263844098793444,-0.8599993269672191,-0.2590002788593453,1.3199212020224782
1,1,-2.085732030812703,2.3661574116068276,-1.950776259312492,1.728043441293857,-2.3720660892900596,-0.5946076497568599,-2.9597566441934324,-0.7575823942732948,-2.4057805878991303,-2.2834526995403093,1.2220657908340071,-1.56953535110195,0.2114031698141029,-0.9987710963256502,-1.4980203156174077,-1.5827162877780314,-1.9508590194632456,-2.080723768561839,0.3265613177247273,1.335445814857548,-1.6099643347734471,0.8495260379566212,0.6025986710136745,0.9445401717228421,-2.113174297779876,-1.0795550392137065,-2.874412314198414,-1.8327096653963586,1.652305801859577
1,1,-1.757689435651236,2.7732618238999533,-1.217025660732742,0.49717883841732613,-0.992079613712185,3.2224811976697234,-2.563993265307848,-6.144152338651784,0.26978554263434135,-0.6801381036298797,1.0178518035317654,-0.7198985539241166,-1.8707400973711865,-1.1693537191535754,-0.2707952121201036,-1.2371846650783858,-0.7537036838168897,-1.0305549085464532,-0.08420564428056386,-4.552104714770083,7.379145651610267,-6.092419898495682,5.80996252645543,-0.9933101176300291,0.3067666126304441,-0.23761454048415134,1.594612885076437,2.2357418816036483,0.7087631249672282
1,1,-2.0756347314784924,2.2752242263937097,-2.220539556155912,2.2942285876585182,-1.94325619265338,-1.3020019705266324,-2.479642023117648,0.5532672514178036,-1.8634563937323112,-1.7899967649007296,2.0900431658808767,-1.679724984957306,1.120991248020219,-1.5631083395706267,-0.4895857749039248,-1.441556766242532,-1.3404426520603638,-1.4544032259771018,0.30500730551646005,0.8951855980176476,-0.9993572793089556,0.8147765190001701,1.3241178370570057,-1.626989901310258,0.16624223573313635,1.436755958325477,3.0298016744043914,-3.663902604295888,0.5884858410045564
1,1,0.852926607928138,-0.31237880405804763,0.8325375311886017,0.44154705628277113,0.06933177591599309,0.5072949989883325,0.26299217259418245,-0.036348298833552374,0.6030963688782143,0.4499053547760114,-0.07290590597886704,0.5101674739187622,-1.8059490729084715,-0.07659838060539362,-1.4828544139664521,1.206760715537947,1.0828103386024415,1.3180655076816792,-0.8208340554541425,-0.43867099083968075,-0.09259166704779476,0.06397804015971725,-0.1252500880774108,0.7002057531780587,0.6918604399604138,0.41380208941817437,-0.15355297326535708,0.0787739041120158,-0.2525685319910913
1,1,-0.5099823270614736,-0.8705567474155096,0.17690884733235127,0.28983459874027123,-0.2097843116469499,0.3234916711502666,0.2637577577882241,0.02550004110834623,-0.02119705219682533,-0.22186802262417768,0.06925558729429496,-0.2485778102895258,-0.11739828788317799,-0.3432826767624151,0.5504441921986385,-0.28068223418813304,-0.1481774647920172,0.4286684244674856,1.2504345155144838,1.6485564239183523,0.1948072619985421,0.31195632599022627,1.08552462256495,-0.27176428874106867,0.10632770363342418,0.9739712118156754,-0.09954151506511726,0.33657423466961817,0.17834803513517863
1,1,1.6177585166493447,-0.43816521413335874,-0.09284396074320157,0.029201258031879854,0.7828626794564886,1.007855763261318,0.41440384699084376,-0.07419547877895441,0.9793325644079999,0.478750463313501,-0.2764002709793809,0.42076533569850505,0.7223805081723113,0.4133506129201277,-1.4821817410197646,0.6073728560603127,0.7327337036850352,0.5980597744037437,-0.45540047470004685,-0.36791530227391694,-0.11153460189826776,-8.256311597581422e-4,-0.020329936428254425,-1.033405759433841,0.14017734841790883,-0.2377299306786012,-0.21554669989229444,-0.167075765928685,-1.2354798104086353
1,1,-0.2609770664576911,0.5598449236302484,-0.9046291109515506,0.5310478826052762,-0.3516784245665714,-0.5424295078760966,-0.3753677262507158,0.08571259244085748,-0.541201853700725,-0.6542218139274247,0.4391232527894345,-0.8625672432344755,-1.3672325991443328,-0.7947198519277197,-0.021245671701759967,-0.9252451734762691,-0.681954448436675,-0.5860562458043973,0.9401814171940773,0.11430162496178506,0.15391056512896611,0.8146088275783502,0.3255416327394654,0.4514729412810601,-1.724778477777065,-0.9589548162767261,0.4823143217372439,0.6456092758455221,1.3290010090714295
1,1,1.6209560727926275,0.08636414294241093,-0.3752774489095781,0.8061472472979364,1.1512283714656049,-0.33151210218062604,0.8320029986082732,-0.1747454772424826,-0.25255986616852744,0.3453147842133285,0.16374365088622325,0.177851130943157,-0.8664237322875916,-0.5751609459164556,-1.3227828690548842,2.505378565339174,2.2411400799860033,2.280854360957885,-1.9611011532542948,-0.40633891632223157,-0.13022502818246245,-0.26793389486441255,-0.08128412862019498,-0.6487523704562658,0.3874390471195121,0.3569900297347635,-0.22399906143291196,0.03765374223415385,-1.1118014141529358
1,1,-1.4125897546832928,0.11117792548384835,-1.2159947670338558,1.4032688617882758,-0.4724476929277491,-1.917236964442998,-2.2337815084527595,-0.10093234125866435,-0.789052055946138,-1.2389552472717948,1.6426223626271064,-1.3297009608328303,0.40603162363591844,-0.9394778881966702,0.43651612102016085,-1.4619277134070925,-1.5005833617245579,-1.7212796019575685,0.9767595373922383,-1.4875614769634755,-0.33032879264268444,-0.968361964409946,-10.25613831821742,0.958948161037062,-5.128255148825928,-0.712725146289378,3.27876102060092,-1.42439902876786,-0.17988065772855727
1,1,0.11818912358599698,0.7778510578368456,-0.8700169330182651,1.3117456876250466,0.5429750532085431,-1.658366960218027,-0.12971946612938523,-0.047077932270184315,-0.8738014506953747,-0.9296319510847154,1.5717915361386963,-1.3949721317453336,-0.23910075151633617,-1.399507890945438,-1.0220942557011583,-0.4682304970175549,-0.13917641549370618,0.33997129460272274,-1.609045011676681,0.43023090538825504,0.08818852860599427,-0.5069088349302994,-0.5269108034811787,-0.06682463084089597,2.466852681025443,1.112477144780917,0.8864879288359286,1.2716640769365959,-1.3028203803437977
1,1,-0.9393646306163221,-0.32842852229168124,-0.6881966947872316,0.23362303332173878,0.4885079657016258,-0.7912090451649499,-0.8291613899740589,-0.30149737601983023,-0.7295827146602787,-0.5820111809191741,0.5360781069936965,-0.4515154916204642,1.1259879698602455,-0.3342789096359933,-0.9489080750600442,-0.7629802433810021,-1.092964111998395,-0.9242916323288527,0.3727347804166552,-0.5962555340433,-0.2877411589223745,0.4255421057480916,-0.9351180714044337,0.33378847391518707,0.30561600428542457,-1.6960948053786031,0.5349698271339791,-0.43111441429511355,-0.8015807294254025
1,1,0.763468792770851,-0.034817856792027535,-0.6141352018772253,0.30085550548270956,-0.012084206854885015,-0.5686115809825534,-0.205721347119945,-0.008498850856931287,0.1332355232300236,-0.5901700921133551,0.6508124544273691,-0.6079443596262271,-0.6841771899039121,-0.9880579868584158,-0.4732423185892202,-0.5506217235028107,-0.3912528171911674,-0.15119683272290915,0.11487252685568988,0.2873683098105997,0.08838690522244465,-0.07677043683926568,-0.09741518212963415,0.19539478367009086,0.4009526633243361,-0.4347674814008507,0.6187493595203934,0.7090137734706193,-1.6744776528978265
1,1,-0.4468205679902518,0.11630504390575472,-0.18313330579518783,0.08312862834600193,0.17189116873558574,-0.6606458234656678,0.07866142246399173,-0.22609171895566185,0.11477710296501628,-0.0812922458333644,0.5272848145414383,-0.47626834337535534,-0.1581452515156733,-0.6706814080670034,0.29239463039871194,-0.5194411790675885,-0.5257334698747476,-0.44134000709446447,0.010536252921597943,-0.17610177446170033,0.09599793559403305,-0.29017956306457177,0.12409761225308964,0.28256683198635374,-0.5083681869903531,-2.1860228589726765,-0.698529470705692,0.784207624057049,-0.30396021081881924
1,1,-1.9804447386287065,1.9970344820630674,-2.151330940321265,2.303896615040924,-1.7910502506633865,-1.1750217854852816,-2.3661021882757827,0.22743911763483907,-1.8817587069361612,-1.8189552671308669,2.1540728706498093,-1.715968902076324,0.9497614846642745,-1.6266531561330324,-0.4237789273760106,-1.481383210631275,-1.3854688146112186,-1.4682366887955718,0.38138772519250047,0.8814249435711768,-1.008800501958748,0.900656286691911,1.165581336189398,-1.6107570010166359,-0.16259366836941014,1.3982863684287912,3.1079727961702894,-3.634012610246346,-1.5348358308667738
1,1,-0.4893850569862383,0.27184002656114353,-0.45877515638192407,-0.04622744521435713,-0.24709621894713413,-0.8757536699158771,-0.3095222063926407,-0.40962994076138226,0.27636176004336915,-0.44476023141222915,0.7584822813579991,-0.9935411373244755,-1.0910744517244946,-1.1203205938977172,1.059057037330815,-0.8952312879882616,-0.9882332149118569,-0.9157686804942416,0.06357323660617704,0.3952416256741657,0.4203985925330377,-0.7526068098892125,-0.21435736640137779,0.14327895350887063,-0.220569403815603,0.3552965523637833,-0.31677047375275724,-1.2935801856418103,0.4096614611976709
1,1,1.549245702322514,-0.4780645428323003,-0.10863558400695707,-0.47316288092420344,0.5790719000069352,0.4882463315644533,0.4645631165595502,-0.12584114383753975,0.9545601393541134,0.2824039777470336,-0.4135620042435502,1.3579996703219295,0.5906454282406196,0.08601002841473222,-0.9929142238741175,0.7329552376219438,0.6349951264855187,1.079655005955573,0.4764421833456952,-0.19425643622395497,-0.12705907093175922,-0.18414337671051817,-0.1174472536981057,-0.7723239398982109,0.46183966531739895,0.13765200394974908,-0.22590793629682318,-0.11081563605695967,-0.9113901455528658
1,1,-0.6783749135015705,0.5215028395186615,-0.4172991770910614,0.6401366072213611,-0.19303830867848357,-0.1634327513053616,-0.6293428087915798,-0.11529369664604723,-0.7840604329302121,-0.7485163994976345,0.8853092031181835,-1.0830808354848362,-1.1252958820416177,-1.0942305240253503,-0.4152141623041565,-1.2039261611262173,-1.1567943532594307,-1.354457750601595,-0.2773563102596032,0.013251577274156283,0.6363458927302839,-0.24157780436838525,-0.26612873979658225,-0.42352160801724203,-0.03757313591180895,-0.07708275727320237,0.9699212060430608,0.7459321842264325,0.06526831872595762
1,1,0.5844841897610942,0.4189729809149704,-0.7273298268383078,1.1321678412609726,0.21314370437818014,-0.5366937495145919,-0.2753033081119463,0.024037593141076386,-0.942911430356239,-0.5696072040514968,0.9585009178232379,-0.8257948892396292,0.6392673389133906,-1.2549018399000018,-1.1234321328788957,-0.4760349264453596,-0.6725218935974864,-0.49848522086879166,-0.8673791146117559,0.38408210504772444,0.04606028826700826,-0.7793708643469087,0.028342688064990434,-1.1636707651112483,0.20662401747713408,-0.20937924805974034,0.8742024075224505,0.9474956114791017,1.2157919341177303
1,1,1.1814582682398906,-0.49038063055648806,0.06378168887836486,-0.22995321014088707,0.3759894711482526,0.28414841086406906,0.5261406909189108,-0.1427092736776486,0.940919543609465,0.24668604728458468,-1.137127378742142,0.7240867303840368,0.2152277741402464,0.10482330661427534,0.07815040818129251,0.5551384364558608,0.8270060401010378,0.32257894861592307,-0.177724104107292,-0.10161169471423856,-0.17598960001422345,-0.660467407190429,-0.03598877795718957,-0.41233865755881705,0.2590583354045278,-0.6844840445091723,-0.20497022180539232,0.010689548453250904,-0.8269524457446745
1,1,-0.626111314562358,1.5039057417656976,-1.5290659110690397,1.9953139357316583,-0.6103069675869445,-1.608177708223964,-1.401507773642683,0.7779458771246189,-1.7180312311658679,-1.6959330401456463,2.4958361186488953,-1.9504634923498714,0.1259009944648261,-2.039901305535108,-0.4610127928294858,-1.824406253107477,-1.6447766225864628,-1.5569288235485246,0.7410038444293857,1.373306748009077,0.5635719614110287,0.21229437408765256,0.19783891615433802,-1.8130886148845637,-0.8464000572070889,1.329306986416398,2.687182326083706,1.8740461877147967,-0.13538858576194196
1,1,0.2845999143667912,-0.7985317899942418,-0.11640328610911009,0.7749091497574363,0.6375045304652837,0.006332574588304259,1.0139150768360221,-0.22923527706885424,0.4032336943971975,0.3923530651792258,-0.3422510739936634,-0.2907774333039918,2.1926450260440666,0.2334982186305273,-0.8932639906549934,1.6538003975283557,1.269253744106555,1.042639354354143,-1.7270949095651746,1.0294217445746183,-0.06984834180719605,-0.8285294709415155,-0.05243440817428154,-0.604901454156171,-0.3347718864689339,-0.5824425354904413,-0.40498661411493575,0.1530855281451643,0.19543644420745637
1,1,-1.5314584038762902,1.3159132695469924,-1.5904616289572104,1.3646893423831787,-1.6681345949705726,-2.5095490880485314,-2.0975027887171023,1.0346204998863846,-1.4789143688473907,-1.9636337700965873,1.7194450930099872,-1.8227786612086179,0.4083832210688238,-1.4836830424655365,0.11214957288646389,-1.927358311992928,-2.0745985568097614,-1.9936534752316672,1.7231081192608317,-0.1020134455381445,0.5090179224629748,0.7834097465009482,-0.7819050480608314,1.2574972162729419,-2.0608815975677865,-0.5831206350630236,-0.5785939551858685,0.060596079825682096,1.265943805771974
1,1,-0.6645448161028739,-0.1103327660183,-0.11572525155815383,0.4123355249443572,-0.18264021551426773,-0.15727047056556676,0.08710838489216756,-0.010759624842202626,-0.0605503485141496,-0.2539651415882734,0.6328373253070672,-0.9144649050164733,-0.4607637741673208,-0.33268795065421003,-0.010220346627963355,-0.550925595900213,-0.6365060237135357,-0.6366141067588043,-0.33869156245342036,0.0072998664108467354,-0.013538496620220938,-0.5387769654981313,-0.09315237719640714,0.2377593147259334,-0.3569405393381659,-1.0241921826805824,0.4970444588415279,-0.43552309346239,-0.6560305648853075
1,1,-0.21105457691040805,0.1549241696829905,-0.5999537637266846,0.3798878322375133,-0.16278773834697727,0.12906551144550327,-0.31821311072989317,0.253411999263865,0.07141042287442105,-0.6130129528478984,0.69222913814391,-0.8183706942579893,-0.32453506802978827,-0.7296129040732401,-0.9590840190022699,-0.6241887329163072,-0.3652121160896144,0.16102410998476688,1.1824533402487214,0.052720015376581095,0.17127537938963142,0.5215801548145442,0.15368256637185512,0.15709311457041647,-0.6574896428946956,0.5466675157010386,0.2822222944588091,-0.0556387933238588,-0.2914516756077942
1,1,-1.757689435651236,2.7732618238999533,-1.217025660732742,0.49717883841732613,-0.992079613712185,3.2224811976697234,-2.563993265307848,-6.144152338651784,0.26978554263434135,-0.6801381036298797,1.0178518035317654,-0.7198985539241166,-1.8707400973711865,-1.1693537191535754,-0.2707952121201036,-1.2371846650783858,-0.7537036838168897,-1.0305549085464532,-0.08420564428056386,-4.552104714770083,7.379145651610267,-6.092419898495682,5.80996252645543,-0.9933101176300291,0.3067666126304441,-0.23761454048415134,1.594612885076437,2.2357418816036483,-0.1344089491442066
1,1,-1.757689435651236,2.7732618238999533,-1.217025660732742,0.49717883841732613,-0.992079613712185,3.2224811976697234,-2.563993265307848,-6.144152338651784,0.26978554263434135,-0.6801381036298797,1.0178518035317654,-0.7198985539241166,-1.8707400973711865,-1.1693537191535754,-0.2707952121201036,-1.2371846650783858,-0.7537036838168897,-1.0305549085464532,-0.08420564428056386,-4.552104714770083,7.379145651610267,-6.092419898495682,5.80996252645543,-0.9933101176300291,0.3067666126304441,-0.23761454048415134,1.594612885076437,2.2357418816036483,-1.4429447533497588
1,1,-0.5533875880076854,0.06284524008146601,-0.1154604258823695,0.2867379594631945,-0.2538288986162779,0.0027133435965290857,0.19411192710236042,-0.18760684856143725,0.21869960831950847,-0.13606005561261944,0.3074882369278829,-0.4348848580582012,0.652471154747721,-0.7407633390518095,0.8552281476902996,-0.5666323858388869,-0.4034585964351337,-0.42095557263264344,0.4319171118469244,-0.6320438824342269,0.05835985359760284,0.23170816789501447,0.14627301062869077,0.5000255337984164,0.04373071791870137,-1.4080529754637356,-1.225685473412407,0.8331573144264637,0.9215012454293366
1,1,-0.982311753197677,-0.6157510727558075,-0.5047354643523352,0.9832541637145704,-1.449633936365613,2.276028449787599,1.0577836740423672,-0.08692716777639345,-0.8161909849547878,-0.4816254715051194,1.1341874105406387,-0.9274840954806338,0.16498921278537287,-0.7643191484073498,2.115957066933776,-0.9695545909190365,-1.1785561555834372,-1.1354261084906447,0.9625393963495514,-1.8523122934984675,0.03840007702665876,1.1891958826308084,-0.917610305960071,-0.04405954163908118,-0.5918276288887944,0.9075232010800519,1.9340712602266275,-2.725322526527639,-0.363329968867244
1,1,0.2266888860759121,-0.563300013184363,0.4560599345056816,-0.14323641359155512,0.1970914521259465,0.5304584893123918,0.9730822511844429,-0.18231262020975805,0.518762643788834,0.3561442402321945,-1.134235516203279,0.4172999811860639,0.17681620448506577,0.4046735856992299,1.7027176812540166,0.24003808705870228,0.6144627606341867,0.6622152962638798,0.5046943714739035,0.5624869807757774,0.007645968258570812,0.3602491348236075,0.12852120832310754,-0.9465950156167136,-0.06367987406806229,-0.4462398794352605,-0.27473592443911726,-0.1456489474833659,-1.2561103180527546
1,1,-0.18933423589226017,0.8187430791890957,-0.8157672671516389,1.0385331963280964,0.9086681543164592,-1.0193642460468857,-0.02493756508114153,0.030147850121565706,-1.205259342438702,-0.8871616270645414,0.8062308055366657,-1.1717245164220444,-1.4959089506767764,-1.5353631082813437,-0.1410792137882993,-0.22610600723215998,-0.3073844665521988,0.2997080071101003,-1.5928821946092344,0.41903336092128346,0.07333900606543443,-0.7675115222371868,-0.32950022795340467,-0.3804026826146023,0.225088857721531,0.22140488327961078,0.9212675545495689,1.2015141895777488,0.33211900785021664
1,1,-0.140687441465411,0.0025999749508972235,-0.6989469332006861,0.39290036203127615,-0.23781097290922687,-0.6795004732943454,-0.34862003313350165,-0.05509518626483299,0.14723790287842956,-0.6869104706297772,1.1559124720202378,-0.9350790418814126,0.9409220012688245,-0.6567725153255531,-0.5235108982009592,-0.690237737435087,-0.6024960046360139,-0.2773789450827525,0.2893439326853082,0.12324386082022622,0.044995212903124415,0.10450375024355561,-0.09895492438666467,-0.46055616398143345,0.2605447265963576,-0.9774812989403138,0.41720993122401107,0.40799963661522226,1.7024416853791104
1,1,0.596180757188725,-0.04284866004286464,-0.544124714890636,0.3762259109176376,0.05111133199465172,0.023542958096716124,-0.2198463944411899,0.05664665999814597,0.21766495439900915,-0.5649902762337954,0.7337095652793278,-0.44422873018533576,-0.3171613913187237,-1.0352466382503736,-1.4285122461513449,-0.4369052235464671,-0.2524470989727419,0.2815432288010679,-0.0256296105847591,0.2691925349930804,0.1397662865161529,0.5415055666464519,-0.18852810298104122,0.6572779358969952,0.5162664196868847,-0.36174539222989693,0.5855208017356797,0.6726437279298039,0.7290796837842985
1,1,-0.33874064079662747,0.6643792698982409,-0.905991498376375,1.3962533384452944,-0.20640032686069193,-0.6145903619419912,-0.7889478973503187,0.2279031959869622,-0.6273640605956545,-0.9693654073248681,1.5965212521464895,-1.436822628140139,1.9215568127160298,-1.443514671273898,-2.971238566168102,-1.217049862714358,-1.2119073707771824,-1.0402936531391533,-0.1687311966038307,0.475186593411357,0.2707258559176615,0.19393451014273289,-0.1401291979263308,-0.8079321537406202,-0.9452143871007768,0.09856143971043357,0.3186218559761523,-0.6143102541671212,-1.3714109317199872
1,1,-0.37683127363061786,-0.008366491903110526,0.2354627745097204,0.4509478015177329,0.10418733303078219,-0.32432772719148006,-0.1581658484496371,0.04308306607816887,-0.211121439932281,-0.27941980593265686,-0.23049988725510667,-0.6898672522399968,-1.7030513204628472,-0.5813296759467603,-1.223413695812047,-0.45210781391991417,-0.5873000890481914,-0.5873604023130026,-0.7035836660916017,-0.18501241730728016,0.05215579031849033,-0.2159481463295059,-0.28331197524879786,0.399451502053862,0.2608224832412106,-0.10113300201623991,0.360706993450702,0.3893946092399414,-0.5640508258939869
1,1,-1.9807809268634284,1.9979565933328658,-2.151568505211532,2.3038687137508527,-1.7915594105887243,-1.175500786661143,-2.366497778090781,0.22851727772127217,-1.8816991895243889,-1.818858861975948,2.1538563757265456,-1.7158474524025202,0.9503418732990364,-1.6264402870426953,-0.4240092344452476,-1.481252144186147,-1.3853171153005976,-1.468184746200926,0.381121707638752,0.8816420055947866,-1.0087462725994045,0.900357271695267,1.1662504301976062,-1.6108288926108696,-0.1614633136336544,1.3984092445093013,3.1075920439922498,-3.6340487366521175,0.9308455834344124
1,1,0.7363462365729606,-0.2752806941492953,0.9671131350495378,0.2803137106871172,0.3430841170911321,0.7380060049386473,0.5071340976771882,-0.09128159482850645,0.03336971429161147,0.9108865959736921,-0.09115733019302659,1.5976749467244298,0.48898519625210596,0.7260238903846035,-1.3029562632630531,0.5809101174529944,0.2819705989746835,-0.039853294348881775,-0.8572469023470997,-0.37416430381632604,-0.10813951321989813,-0.11959778328889592,-0.003581294859971693,0.38569138197129527,0.3343603643944066,-0.21855034137309423,-0.2648660668100562,-0.15791837035505,-0.8419013516992869
1,1,-0.0011704787802386963,0.8977167492088208,-0.9716302633343077,1.5021211323450363,0.36033119040598516,-1.2815081812414784,-0.29834615189316893,0.10650417389458429,-1.3735079682151459,-0.8581703237548923,1.0699517732894095,-1.149229979851965,-0.11084198237486251,-1.5964120144480558,1.2047749261805214,-0.6189430219071265,-0.26340394552499313,0.19820261256184735,0.5311311927754299,0.7131651850184176,0.14349754278551577,-0.39139435117007065,-0.10340709328512863,-1.1826304681316582,-0.5882841112029964,1.0898475438027673,0.8812049680367978,0.8449011402325732,0.5621490227354677
1,1,-0.6311293057386103,0.49976219186613513,-0.30872143967924637,0.820904381084886,-0.19317235563665405,0.5606571001080708,0.010759121454797455,-0.46819262717461696,0.9803618388833363,0.20856826363690206,0.840588103440531,-1.1382103373034245,1.020248565039638,-0.8560758371317231,-0.9675370166484895,-0.6616612906417313,-0.546446084156822,-0.3629439581777484,0.08629649284351429,-0.0736844613412544,0.3482067719506653,-0.28825439093853805,0.20735413609189152,0.2044255673020161,-0.5574032237671598,-0.21065643379943294,-1.7126908620356711,-0.7619833043758331,-0.9746653688711052
1,1,-1.0980458495181045,0.7879896968002592,-1.0268641333019355,1.1839202880351363,-0.8932060769790083,-0.44605697228103286,-0.9958338818347607,0.6978431771843042,-1.2635851653988182,-0.6502365047810202,0.9055377586889786,-0.9675615051787891,1.0836553632572221,-0.8577844404097007,-0.5014546413328527,-1.2389344786025034,-1.317893297424,-1.301447623608992,1.5104355356251493,-0.923842342785585,0.5163172633984507,0.8311852661414983,-0.07473813083135213,0.53621830950591,-0.09055083768605897,0.9558431115727822,-1.5587128102204133,-1.2992437457905854,1.3409572269015355
1,1,-0.5904443088512781,-1.156785080545877,0.014720708985592615,0.46650553733194505,0.29019804726143145,-0.43873526384148015,0.07111143047691003,-0.05335645353298413,-0.2515251315314571,-0.30056125990562144,0.24947286344501202,-0.4566730147201035,0.5069586168332071,-0.6156453849635429,1.6166662768666207,-0.1792675513436897,-0.33613045146197645,0.3304802372727179,0.24909464158696348,2.0344689475249824,0.2312822219771381,0.03226388413789594,0.695264850876293,-0.47105968166556367,0.5515163321954413,0.5320310668715444,0.030087869677881476,0.5922940333132631,1.4120244856911095
1,1,-0.40588312531676196,-0.3126213481196406,-0.19329759122323864,0.3760571863821424,-0.64392145585612,0.59127403788123,0.04218043427266088,0.14224599638275937,-0.28503066581867376,-0.5150258875929362,0.5541045799511628,-0.5580134122212047,-0.6795646626625668,-0.6261972947428166,-0.45948787326040763,-0.7204061116643656,-0.5280986036958081,-0.20918737685295183,1.8797594639176818,1.4403968795710411,0.22704969146741397,0.23035337753544352,0.8318866717414546,-0.1878734959071848,0.010067925090567935,1.7271029047801851,0.2515335057020661,0.6127804365912689,-0.4543562336430832
1,1,-1.3384278305023156,1.252900903883532,-1.488742769041885,1.7195966151643567,-1.689455460850339,-1.6710111564558383,-1.686415517873689,1.3009712843035153,-1.5158158111887368,-1.772869430007246,1.760206473969769,-1.9283107883993236,0.1723478030753904,-1.5135494268165488,-0.9641536689581582,-2.0051794493320663,-2.1159333347284113,-2.1524921382183737,1.9543528331711766,-0.6201698694224199,0.6743187317809372,0.03116096122616107,-0.19071497972732435,1.2984589413233845,-0.6168397792499122,0.15281511778946136,-0.0572899312950635,-0.2634518995663198,0.6385490511844946
1,1,-2.1245917853774356,2.5230812266193516,-2.0526855773388455,1.1788628516302717,-2.481433993265125,-2.4789369853231293,-2.159017224310674,3.60123076729875,-1.0647982426412823,-1.3109667341282238,1.447377252924985,-1.2919095414581232,0.6590206915352413,-1.1125171596984356,-0.22809228137226306,-1.3818436126370126,-1.5563102018316557,-1.5021074499695866,0.8715238042077913,1.466861814235216,0.5053903048408691,-1.1326560648273774,-0.6792206092040702,0.2853578260951409,1.9976832553526067,-0.55545160674519,2.196729267619645,1.1349799779278587,-0.28549246176103577
1,1,1.0022118144514087,0.3445650142281893,-0.6976508270814307,1.0023124060689341,0.8437231496599364,-0.4305550628497288,0.13530193632725376,-0.07531995900731847,-0.720140116124087,-0.3125214853207439,0.5048334966194319,-0.5932642728406023,0.17810656068286596,-1.0859191444594467,-1.0728627965359792,0.1515526082853282,0.0356738111230515,0.3307369693294926,-1.3632085967190841,0.11382323846206495,-0.013429102733786683,-0.48540533488303195,-0.12502900967012165,-0.6357996334278647,0.7132548917766999,0.3355378384380088,0.3839955681339467,0.6036675652785165,0.24685428543743843
1,1,-0.4016151091820257,0.5220291368888705,-0.5427518981947103,0.6547455720838046,-0.3220737718038545,-0.19460297621011563,-0.6011181998683989,0.25800971048852694,-0.9318476313300096,-0.8762543060584351,1.043088651347658,-1.01497253509937,-0.050188880739864855,-1.110022338954296,0.09446999759107903,-1.1965630102093059,-1.1245864168416715,-0.8044938091411289,2.2629484498471317,0.7318547961336036,0.2545986522188383,0.01841996299506909,-0.33205052341619573,-1.1868981166697967,0.3358210675066147,0.06776409194758148,1.2223839554405493,1.1336707241364976,-1.3864688476839915
1,1,-0.9849899708426855,1.1413854819956777,-1.058427365141716,1.3411296389805625,-0.9151433829051931,-0.6005669207687351,-0.995559447430679,0.8227779944066784,-1.3799062660076156,-1.0552480999474994,1.2659647865314505,-1.2851805829001424,2.2899862562538442,-1.1929979505725168,-0.1729015473782498,-1.164290893453099,-1.2539160379929764,-1.121182134080163,1.1318625569223852,-0.07688179191321645,0.32692360259505804,-0.27642944636388767,0.213791730749748,-0.5744646555130594,-0.45105011452008203,0.21314586989160408,-0.2801077788219054,-0.8155611062763191,-0.4714402823149854
1,1,0.10437676603739275,-0.16962388796550254,0.4948496472029561,-0.40155535658248803,0.6237858086492966,0.24973213667517544,0.6618981977107835,-0.10202523790110343,0.2340172351158064,0.42451543191083985,0.047034139387674354,0.6795544420839074,-0.63206245393167515,0.39611504280121246,0.34984069480205765,0.5158946564974364,0.6951685909122534,0.7443160498370074,0.4261657185174092,-0.18029898961065258,-0.11872353073443677,-0.2662891268835568,-0.024226037954309814,0.30340298600070614,-0.4403775934466819,0.1006127184813458,-0.20038639370739425,-0.05145967595142892,1.392103269841434
1,1,-0.5121125781954233,-0.0328148380930364,-0.7175962411393945,0.10753347879879188,-0.725214762217123,1.0459276853760209,0.3912221035390505,0.18332747918412584,-0.4680065403348771,-0.8203780110464453,0.41335548004943734,-0.8099326046617723,-0.7713958868920082,-0.7801801790829704,0.3422443948096703,-0.9314424344973999,-0.641690187583522,-1.077634333593054,-0.23014045823551854,0.47215324507889167,0.23845078347289805,0.4666170667775126,1.0963373710692224,-0.6021707722543693,-2.0673354222292604,0.5604793075753561,1.0239290167345414,0.8492153556111774,0.876757723707724
1,1,-0.8974611026147888,0.2560515815686838,-0.5631459703490579,0.8531145470567122,-0.1394895437022146,-0.6427234073574233,-0.48638350667000024,-0.09510059454531722,0.07791092642085667,-0.5226725975474232,1.0947496404526076,-1.4084111036942824,-0.19128279286029573,-1.178302122142369,-0.08931512639525485,-1.2850732560674696,-1.1948241296531523,-1.301588374867656,0.6086189528238511,-0.38877397301032135,0.0543779191564342,-0.30187236660128214,0.010935491932113031,-0.39723223561714066,0.2937141811170857,-0.7542010185496598,-1.7090545051143755,1.506422803834754,0.24411159360113782
1,1,1.1375298551818065,-0.05575251894348048,0.12577479601212777,0.5196591382492382,0.5721779335843473,-0.10835515021584183,0.5760826995647116,-0.16617965765931306,0.5537761679062034,0.3318181258624345,-0.22044554136735556,-0.4200259605908671,0.3838752674483737,0.09898572977131016,-0.09473302541246122,1.8734140226458853,1.514275819891522,1.4591901284021065,-1.7869050399420117,-0.3958612857936403,-0.15801090111524047,-0.41029574959328896,-0.07086097202475962,0.31668816748209755,0.603392897790718,0.1450682606432306,-0.23258509671306177,0.07965748787922268,-1.6518442680144796
1,1,0.265494317494692,-0.14081596782035116,-0.6194332299268729,0.44882853473531215,-0.37104156084295137,-0.22480299814439927,0.1139012166909445,0.01055992903364289,-0.11390720908736492,-0.41134565266272044,0.3481885283820632,-0.45439367576867545,0.7930835111399052,-0.6885314663975081,2.128646748422579,-0.6376257960130747,-0.19502029079960273,0.05722455704685465,1.4431141886502468,1.0432422578179037,0.24939596974941053,0.934876334275715,0.952162240079131,1.9951141800787937,-0.802990464098543,0.45529750005776437,0.03238534911170849,-0.11615652903775579,1.3424499372968088
1,1,-1.0497895462804512,0.6169420991354576,-0.8575791682151741,0.8418251876845446,-1.1127807889512202,-0.46218151758774045,-0.8291760573917769,0.5975903496085899,-0.8707479823720904,-0.9894614362925827,0.7749953928892419,-1.1379203653882355,0.3927471651221802,-1.039804628440727,0.3074976272065845,-1.321805177682496,-1.3605372375221205,-1.4134124382060853,1.5732279870486092,-0.36557764151695193,0.2810050142241483,-0.3837936663906528,-0.27601606395741923,0.551572750545748,0.01986962269715047,-0.8895287522002671,-0.3443506605188056,1.008210538101453,-0.5398389760746449
1,1,-0.7047423116098371,0.01950263542017954,-0.60245961459220565,0.6279721576544213,-0.47426506496055276,-0.5171628472774648,-0.46810083855462337,0.3105097398534445,-0.6714349116396302,-0.7415554331965966,1.0071952953910814,-0.8764178786065788,-0.6934989074235011,-0.9294542348590381,0.4384953288080124,-0.8852168962892749,-0.9269313148658519,-0.5242739823852195,1.2250348358608054,0.8031788354277352,0.22334004043479413,-0.10265169164541776,-0.2297545488473715,-0.21966417131393057,-0.12882062309344575,-0.4658454024339754,1.4472830494497597,0.13567408903035683,-1.517086094404185
1,1,0.015054093651815606,-0.3526845409539039,0.5790627129468405,0.11680812295456522,0.335091425930761,0.5549365750645007,0.7391164305402517,-0.30389958048493165,0.7369274197148218,0.8637262321115948,-0.8598377889155129,0.29356604091326066,-0.7102494868144398,0.231284280155358,0.9293873086455968,0.32891854966356443,0.6830148479352784,0.10103905424974169,-0.14119817608569735,-0.605765344898278,-0.0814638600089749,-0.46760448187233117,-0.029782176649886482,-0.5682845604123034,0.04114727432824934,-0.75915046387648355,-1.1186961956164867,0.30387361719716055,1.3456170414363424
1,1,-0.983898275992622,1.2462860956924862,-1.2374147442075394,1.4291949120560343,-1.5980268789301542,-1.0772208799583318,-1.4754242964598352,0.8642693516692722,-1.6011403446687935,-1.7219068853239017,1.8133303676184351,-1.8488697675539467,0.30081986006211076,-1.6586916166360737,0.6729040390204719,-2.107862761028344,-2.2325816499629925,-2.1650573371175947,2.7409893570176123,0.7738052725232348,0.7134234734064486,0.7105377453846468,0.2476362035991455,1.1775671294597079,-0.0585469344325215,0.7506109654262929,1.4200172616958167,1.4743357615124786,0.8381536457150641
1,1,0.01613725817661631,-0.08528794359910909,1.1202387027455851,-0.2246373482150502,0.453495829982907,-0.07852292136401805,0.8413766466921049,-0.1810923719939151,0.2753667281497647,0.318648757907236,-0.3372618057872968,0.26966163069184274,-0.7762037258348028,0.1485767175963788,1.3581216326937942,0.4533502467142865,0.9211534025001538,0.4921607299888308,-0.9077950409118138,-0.24172766283954664,-0.026323615783796592,0.47441535309332405,-0.21098825168849744,1.0506167027519189,-0.23194068191713627,-0.18295087515000413,-0.43657454625739045,-0.3259024705125551,1.5587621326001806
1,1,-0.26847063340216354,0.05493400370011039,-0.19282042977529845,0.8285515939125063,-0.11823576658228452,0.8869196156823844,0.48254777297174045,-0.08314290893960381,-0.47158556573343,0.05401957950890188,0.3371918407067872,-0.4371706115978045,0.19303319273915653,-0.6471702753040253,-0.006203814726734582,-0.3225563844548886,-0.15719396947050643,0.0099588333165909,1.4209081396381127,0.01995876956394951,-0.08943307730918938,-0.3069713090659943,0.4671812566224989,0.18909604509221437,-0.677507685639795,0.617700356588905,-0.2594960641732303,-1.1958026677900757,-1.2643979857001246
1,1,-0.8455432571973287,0.5054942396477817,-0.7992224967422452,1.2970172869602066,0.3517822650246278,-0.8247562684699612,-0.1799933088288651,-0.27805963148861856,-0.4245501280191189,-0.3538337876983188,1.0610186380618458,-1.3145041011872989,-1.498589458779426,-1.6933747345917252,0.6080366850447073,-0.8635769654981147,-0.7915058921461261,-0.4351619175249448,-0.15610209184039733,-0.48304495931027197,0.09695520704324348,0.39849313668424813,-0.07399392790991458,-0.962108733159787,0.6936792471298904,0.6580188110437603,-2.4708733754183236,1.2034274792020025,-0.8663922671426721
1,1,-1.0332194770227252,1.149733583692626,-1.1527815348891313,1.5570806370540542,-0.9273303426829395,-0.5576345601932422,-1.0432383162437582,0.8717742656015355,-1.246702148508443,-1.0021602136608294,1.490001685172687,-1.3506883116609452,2.699450936095087,-1.2287226540263136,-0.12201752370929649,-1.0977868666539612,-1.1143773937978703,-0.8557495179601476,1.2529713196246413,-0.1854513864489359,0.3161699151624739,-0.035093939704338876,0.1825342280801656,-0.712772868129567,-0.27927732563449464,0.7316740002668884,-0.4213600146587884,-1.85918743523294,-1.5157053009518873
1,1,-0.41729150786741753,0.3259785401909141,-0.40847474894573815,0.2868185914463395,-0.29096738506727843,0.23688078451264769,-0.07003906558991883,0.10699814880690205,-0.14347290050273653,-0.605903912921103,0.5400988205191383,-0.41170702866614567,0.18689993455940843,-0.8993321270187209,-1.3097201144402444,-0.5654125264513274,-0.27622928440180433,-0.1462509410658353,0.07246585515628715,-0.10156492610026131,0.24048110447718907,0.5747253833825534,-0.023236369232649746,0.8773079721850474,-0.29583367321458715,-0.8443125194656542,0.5174749282591002,0.2642283973327987,1.1272888876926161
1,1,-1.927248292112168,1.843305772368796,-2.113162816796521,2.3093630944694037,-1.7059923668970602,-1.1104411992181826,-2.304566561275634,0.06155573098995523,-1.8916859856711983,-1.834456924002005,2.1878585892983797,-1.7350031178767054,0.8579092558037472,-1.659835713331305,-0.3885589609673966,-1.502518474191965,-1.409272651151444,-1.4753031037351811,0.4215402309386844,0.8844010245096655,-1.0125126235507123,0.9464922950326565,1.0894058220126093,-1.603071417906023,-0.3335907985550638,1.3771235694819781,3.1430210655223108,-3.614043999221432,1.5549758516073011
1,1,-0.21101538357102742,0.8871036231625052,-0.9563059661647422,1.329306675066113,0.4984794615056576,-1.4746318505941518,-0.24820130344984145,0.1310160008328298,-1.3477418500430656,-0.8997555726587572,0.9730983799068841,-1.091698653024908,0.06472956182362796,-1.5694193231166864,0.3339330255985332,-0.4356143285518897,-0.2489606546791581,0.1920351961909453,-0.5372289038611723,0.4791440047398725,0.1414538814197057,-0.4328039754534388,-0.19882967935559648,-1.126657012434359,-0.41787035656830085,0.6752357683558361,0.7258525990280043,0.760171035358617,-0.3304351084331375
1,1,-0.22779882324935904,-0.05074823497065955,-0.24224335294581742,-0.6128294043800054,0.0132233552044383,-0.14903620383206861,-0.09067059940022398,-0.07300402602786758,-0.48005829609808376,-0.35543125886941773,0.06463637062555082,-0.5062692989743877,1.1553698805744876,-0.7813178129197261,-0.06525040901155375,-0.7198693600775242,-0.3806579571530821,0.1505647036269281,-0.9128435428375908,-0.3198269632588626,-0.09778640085454807,-0.5043287428285973,-0.06778094848840276,0.7043761889216471,-0.42010080287960494,1.0956023240190462,0.14986468758501414,0.30043706649854296,1.2635775618347735
1,1,-0.3048477494497436,0.22272713466446903,-0.07790100885810228,0.14922804596008168,-0.1163704269346151,-0.23219317413299043,-0.14940231275668647,-0.005864451311016746,-0.3590322272276404,-0.30735527311726946,0.6559781879326949,-0.5557082753789658,-1.0755144483945693,-0.4646200539181796,0.5430422194982281,-0.5516265856439113,-0.6102667886347736,-0.16388307165743013,0.8675845875610224,0.03219371249835096,0.2358958174353311,0.11673876638151282,-0.051915805191415906,0.0011044007344247415,-0.1964319760020336,-0.7600930663358265,0.058959838393953044,0.060883010231871086,-0.7176648241955006
1,1,-0.508179051820882,1.24461911347695,-1.322259681743847,1.767960145591298,-0.30722736066017153,-1.4642394213698884,-1.1877859822061452,0.4112149190415532,-1.7806026543555313,-1.8045910563594574,2.555897981372234,-1.9848615060672181,-0.3388402588833876,-2.094692357888397,-0.9940923121523841,-1.7903947118736092,-1.736120235783497,-1.6417506953278522,-0.4986441461597223,1.3875644261144429,0.4903781851882632,-0.2569100883703339,-0.5907471343301002,-1.7829731899032324,2.70996466094618,1.4299628066885954,3.0616301712359086,2.595156010637858,0.7219373479689398
1,1,-1.4534438056101193,1.2476895807787793,-1.614456920237638,1.6565673559915404,-1.735971424259788,-2.2205726451901318,-1.935181804996909,1.5994876003431144,-1.2727550016260816,-1.9743940673199962,1.8208415633820574,-1.8438011349242847,0.4327425119409891,-1.767595271901744,0.027400637335009338,-1.9890643225571523,-1.8886790625800476,-1.8268363937875143,2.7524472955773662,-0.4297083168037189,0.7568610341092501,0.25281871120564836,-0.824291194957745,0.965840781782906,-0.2673862150957247,0.1560202577763088,-0.8092148091199532,-0.5475845491732786,-1.663460374615283
1,1,-0.22434796555052344,1.0026755036471355,-1.0688165852419884,1.4602796695996838,0.21394338525572115,-1.1143013854275146,-0.38878433751874747,0.3185289466085732,-1.3280205960971216,-0.725400023992396,1.1745452559612803,-0.9151638908606224,0.8456190424704716,-1.4927388729938458,0.648090019541695,-0.3555049018509341,-0.03609016159764542,0.6386830933103591,0.4375889111753794,0.6092698232109302,0.11664841613657874,-0.4606307407556098,0.08886779565107229,-1.5046654957660035,-0.035122615573344396,1.1335210080273412,0.3895909284436317,0.06280320194900903,-0.4406166120593252
1,1,-2.144779797099485,2.5597899233537027,-2.0711063691607485,1.1671933650205666,-2.5142015971734457,-2.5058696757014753,-2.1762923153923124,3.6868985115781863,-1.1784164390325889,-1.2908714162627482,1.3729630469715923,-1.2086123229262256,0.24419889689308247,-1.1431734967718261,-0.028146738073354743,-1.371218825066258,-1.567039253426979,-1.5175922183037465,0.8987461356571638,1.4797878967772093,0.5193253410880236,-1.1102615716416981,-0.661963838821141,0.31634859448532104,2.080366284658465,-0.5213768958103893,2.1955365123176342,1.1191738958420514,0.5575894974093017
1,1,-2.5246446833599436,3.550329271302639,-2.4940461650103387,1.755328291723045,-2.9118592713258593,-0.34019087473145126,-3.7765633558417258,-2.2315371155657466,-2.739648625133685,-2.8007636768676156,1.021284273967795,-1.441927524716243,-0.6261753619841254,-0.4189443852866031,-2.1607032561765993,-1.3305562089032774,-1.4528413429949207,-1.6470752157242747,-0.6339968694890796,2.71454123394016,-3.921702090159054,3.4733548986362206,0.861062196833294,0.5928522490660172,-1.247701275665407,-2.588097548067922,-5.046059116015947,-3.400556520593619,0.7856631459926657
1,1,-0.5716013327923927,0.027418700914622656,-0.8352713371099096,0.10927081376529922,-0.708370529734136,1.1842350294983617,0.3033998503890137,0.22574089103356185,-0.43637219296674906,-0.9157818162927727,0.48662063292807606,-0.8849624419153994,-1.036452070296698,-0.9230384118962189,-0.010237176965297114,-0.9542142295376767,-0.673764346479172,-1.1398861900846975,-0.6484934349779055,-0.06615226191806495,0.21484811943831722,0.5255110060022932,0.7250344704261388,-0.9204077900262492,-2.641785122213321,0.2792266561030403,1.4139373391196723,0.7323929796678322,-0.7942261874584275
1,1,-2.1939108823917794,2.6355224399105075,-2.1097797710295088,1.175789161700033,-2.5835940310850827,-2.5493247848290874,-2.2214338092061907,3.862988741384794,-1.1668546964413264,-1.2779069763079538,1.3381819051722772,-1.1838350603260706,0.34315575715965746,-1.1048592651463716,-0.038272709498896364,-1.3479614725281774,-1.548042968789046,-1.5121972157879469,0.8575703403001779,1.491388174004362,0.5209825042296435,-1.1673558188251367,-0.7352504912420554,0.329831602207658,2.186653531386256,-0.5212160075232619,2.145741770068622,1.0972027863129175,-1.6795139153317333
1,1,0.25259436030838933,0.7322397349376353,-0.8320099750158788,1.207687727802691,0.952819779156036,-1.2821558959084955,0.057128662245683,-0.08933549311143775,-0.8109527482040109,-0.8012417225182241,1.4202710580538833,-1.2419651796306201,1.0277163350361884,-1.3158244788445743,-1.1494553832897352,-0.14427793007578646,0.15975692240520326,0.940155198817064,-1.56883578341153,0.3990168720483408,0.031225440740539623,-0.5160687566881539,-0.592053677591999,-0.9987648532465218,2.603326697957285,1.1473585621630416,0.659426776032197,1.0809567186812323,-0.2124891852046611
1,1,-1.2309278212009163,0.35772671708817183,-1.0387240691916297,0.9667808106426712,-0.6562580475032841,-0.9195264983220361,-1.255189135122404,0.20865428750824652,-1.171293746113687,-1.2072051329183828,1.385405970500033,-1.25131529132233,-1.1141721371639906,-1.2875833949717916,-0.031186250840686134,-1.3593080979135999,-1.4402322337968851,-1.3124540815600454,1.4621652031730716,0.03197993569901118,-0.012363996158218617,0.19084540351861404,-0.36173313438589794,-0.7102056324858631,-0.32114433538581066,0.3939705879657586,1.549583233546604,0.41664417809742765,-0.5919036100270192
1,1,-0.48771333269278266,-1.4644072075285273,0.45459449877873187,0.1407966166788914,9.190501676773021,-3.409804860212026,-1.324198867377633,-0.18398857262600476,1.5404042237547424,1.6148390766262872,-0.14262057018211535,0.05331887772738984,-0.5010076618072417,3.6823363146949615,-0.7573263651696496,-0.19285747970606973,0.9094320335458121,-0.3295106253712327,-1.177996578802879,-1.10972257790789,0.3109422512236642,-0.8974265278179192,-9.24738756159743,-0.9621200725517425,-4.739307675888,-1.277062826358783,0.5223470916894707,1.0392131737394923,1.3046452660396903
1,1,-0.3382544680849726,0.03228639338301784,0.17323308523563524,0.21428556164508705,-0.5609712939566116,0.4956889024484614,0.39741207462247324,5.362351603950919e-4,-0.1844127822093488,-0.23233330344436987,0.2702332002441205,-0.2450852109784733,0.448600187536647,-0.3320708852208149,2.115062384973097,-0.3235257691358504,-0.21495327906297285,-0.268216564047451,-0.06933154854460437,-0.18950059387884868,0.09657020649374785,0.6054817302267218,0.21187514622667236,1.0428130671911262,-0.3782357422889982,-0.5184201059724327,0.23875679391526972,-0.008079057924772218,0.5382729237450529
1,1,-0.5982493789232782,0.06334513549259635,-0.7204073436721432,0.2884500630380152,-0.3096175555327774,-0.8793570697141927,-0.29364438361356565,0.21057085992250535,-0.5347117424578268,-0.7908040962889925,0.5942336056769016,-0.8723794342126499,-0.6214330959531129,-0.93873601240446225,-0.0878146598869247,-0.7781837401925569,-0.7974270301159008,-0.6072299279288881,0.6212809877566445,0.3651001320394366,0.17767536796410827,-0.15220161474363,-0.2503001052258766,-0.6523652636735451,-0.3163622063771597,0.6923186282482185,1.1076656319097864,-0.0818250379852832,0.44505483104704036
1,1,0.14864738342245506,0.5842143953564215,-0.7612611784111407,1.0578281688430515,1.0628038493985859,-0.9872427389193206,0.1649307609002241,0.015077196681674362,-1.0112040266387519,-0.5076146667223218,1.031589684351443,-0.7200033996720916,-1.1376933472932347,-1.2644577475575736,-0.5252134504570177,0.6804632342434248,0.5765725551705533,1.8791353896065355,-1.3262687230620493,0.1649159822490132,0.016087899198115298,-0.5369611793818089,-0.07838506323530924,-0.7172347225550504,-0.6530495831532345,0.17629175053702958,0.3991665697617222,0.6692427730988446,1.0473060636015745
1,1,-0.5303966086763954,0.494705178961506,-0.8460532045238929,0.5589570848093494,-0.14548233756638893,-0.6381054974670786,0.44823335988181906,-0.05434763703116288,-0.36092380731642787,-0.7984316522330068,0.6849608890711895,-0.9062086290980418,-1.0341579344745244,-1.3566137923829469,0.6761157268354009,-0.4556498561222663,0.039330656520023655,0.3720566467358011,0.29738245254932366,-0.5055322686145806,-0.08233514477933337,-0.34843500904296754,0.13698290009229674,-1.047111627861561,0.610108880236803,-0.8260856165641709,0.3093074634819275,-0.8635332962865417,-1.042607674058111
1,1,-0.1255949259344031,0.42512579884135326,-0.5938198112498496,1.0335206628111508,0.053908213321231684,-0.5847826743455784,-0.3508890453778978,0.1458717563440833,-0.9377990161782992,-0.6131513302586891,0.7053645435921265,-0.8767166593567781,-0.19175996526338335,-1.1342165203526495,-1.4579455557082623,-0.5354768203032136,-0.7519931680012643,-0.6358357561039985,-1.1725466962292308,0.17341777317999685,0.1092620400531996,-0.5437690106306983,-0.14048842911323592,-0.5916646269894146,0.35940279216990073,-0.1383071127784298,0.6691510231995702,0.6215461180966676,-0.5849633060957334
1,1,-0.061363655819050324,-1.3216326841259765,0.22378912546739824,-0.0073578100841731175,1.1031566668383375,0.5282434269801801,0.17428088955707047,-0.17551875469812667,0.3851525166334427,1.4934935636728055,-0.008132032020539156,0.37591478236082454,-0.21058964164857596,0.17606692392319767,0.3656047049558323,1.0140247296807576,0.6612627685323059,0.1395191861706064,0.43067980963673763,-1.2335571197072746,-0.10927093535226842,1.120730310045276,0.11030117974644872,0.1996427943104337,-0.6148160640139123,0.39700422421420567,-0.4376123190928483,0.6176361235981919,-1.630529177511379
1,1,-0.6187607602628865,0.26319236663898,-0.5243638180465239,0.6689191870695016,-0.7176642128586536,-0.3734193735418072,-0.6258811297685314,0.17195994332872358,-0.5754401800145712,-0.7608402920652688,0.6389252203852966,-1.074427415142371,0.09777626566640701,-0.9739443740724177,-0.2938472365438603,-1.4412546198145444,-1.4278073279208108,-1.5005319108549782,1.8180024869103752,0.1067492991265244,0.28974986191366314,0.40234014074388846,0.37084790254370914,0.6380382345989841,-0.8994632918189914,-0.8968707235546872,0.5834486847801451,1.8997022669738188,-1.3052462164194658
1,1,-1.9661509296323534,1.9558174141448574,-2.1410575574497477,2.3053360232513196,-1.768308390068391,-1.1570107859271748,-2.349423324266514,0.18170754254574267,-1.8844320176631486,-1.8231557094725535,2.163282050494912,-1.721160427215465,0.9248476962073637,-1.635719074425372,-0.414190102355748,-1.4871195801026103,-1.391951118543995,-1.4702036431291512,0.39237633989490306,0.8806677315370305,-1.0100116763000888,0.9131407818861385,1.14364232970381,-1.6085176311397844,-0.20948846260822596,1.3926213513832397,3.118532097475595,-3.629192332908592,0.5983912171913023
1,1,-2.3829500968741923,3.525865696391977,-2.100048970127313,1.7515989189314394,-2.638951763964298,1.3613859021699743,-3.8346459962556225,-3.5367995877544396,-2.990496549197845,-2.600687232859876,0.8105815112462251,-1.495124851931593,-1.4648534325318496,0.3107918604011123,-2.6147565841213174,-1.4970032157051503,-1.9111790809797298,-2.03891437012335,-0.9772959672609121,5.108581979532958,-5.328552829361946,5.600196637816815,2.4358832740402048,1.0560915260359205,-1.694020356959677,-1.2629260904624109,-3.6453348058807418,-1.002732028127693,0.8254416251531742
1,1,-1.7513728059606373,1.5896741714248497,-1.6299169325738694,1.141367967607992,-1.9873268377455584,-2.355133591535093,-2.0242863536066826,2.2404483171015066,-1.9810559684440165,-2.010348378041008,1.5159115316603686,-1.5800983482384077,1.2889300403038495,-1.593702292406934,0.39897210295113833,-1.779078645459215,-2.10770370279686,-2.105661844915853,1.3943060425744571,-0.8364599373384899,0.7374331577487284,-0.5863457662826091,-0.13073482434154002,0.938795521177066,0.6808551376068939,0.44689557100141536,-0.9462272539887555,-1.2797579256638034,-1.0133275855354404
1,1,-1.9219721977068698,1.6766380288794576,-1.9747152451695809,2.2220659930623774,-1.4884138916396452,-0.9994384419469626,-2.190036089211002,-0.1719422099036323,-2.0574743959494257,-1.918216270015158,2.2365037694375967,-1.7771984153919007,0.5828830970742448,-1.707037382294389,-0.39261064476394825,-1.5323701227211544,-1.4467487676891932,-1.489925938743593,0.3851661304455476,0.9649707056099988,-1.0392788569321252,0.730588024157977,0.10276918732795687,-1.542910944920357,0.9464219363132574,1.585672031341181,3.3017688599242607,-3.2162271028395923,0.37917208830414606
1,1,-0.8282366135163367,0.6456853444865004,-1.0177546250662328,1.5263956613072904,-0.029046686382412257,-0.8782742280186739,-0.43064068534666383,-0.10594347780230258,-0.2718158149739516,-0.151619942868129,1.0379111572600206,-1.2689412423336937,-1.154786166799343,-1.6488836534836613,1.4270390346748776,-0.9169646495207636,-0.6961683582925331,-0.36985393743153155,0.7750005433002041,-0.4016478537830854,0.11837887877339773,0.6009579971416493,0.3954646135297587,-0.9634169027954959,-0.6976762418709099,0.8141544510729891,-2.480913502295923,0.9538094883799016,1.2761515030514334
1,1,-0.940454530083751,1.1266926757208442,-0.8853103225427034,0.9754345945110184,-0.9183529752852736,-0.6815671889330573,-0.9467024560013321,0.7786205775993443,-1.613723255593149,-1.1269873544695017,0.8097778763058004,-1.1497125672727102,1.6024978712233093,-1.1080040962231863,-0.02329365297485197,-1.2911569155840499,-1.4669397862746767,-1.5240795403276124,1.1870622339123331,0.1066897877449549,0.33885808761487146,-0.7141747751370997,0.15142601963488939,-0.27755059873427934,-0.6428847039665949,-0.6513001675804172,0.016060427170116926,0.891850608142553,0.6212382616930575
1,1,0.9488275806851187,-0.17849338575463553,0.6477877948539806,0.4752947335589626,0.31433285077920625,0.2998117818470785,0.46035880972447313,-0.13321260504496316,1.0427579796265962,0.38696195289259044,-0.11475562550948189,-0.32171634278994427,1.3773959791567765,0.6358025508426789,-1.0512860464302267,0.6965627468955164,1.3554763045671523,0.17407257282112132,-1.56458183165546,-0.4546481475600541,-0.22614501629465358,-0.64811723743221,0.07166549571996467,0.3554539425337479,0.3825179999168217,-0.26414788052871097,-0.2122167414259673,0.03478863616963949,-0.06999420786112355
1,1,-1.7926832032921243,1.937714943677027,-1.8215346694365329,1.3188157285208142,-1.981570916560266,-2.1381614003107208,-2.1772144924720265,1.2922145693766727,-1.0888185886271984,-1.9568638714220494,1.7127289297267596,-1.7354766657125065,0.34859076734741196,-1.4898750760145199,-1.27381165528645,-1.7460478888075617,-1.6973121605250414,-1.6218124867820565,1.3703633604460934,0.7727173247179566,0.1655441622154572,0.4099063063415164,-0.6398602990555965,0.5843825437915725,-0.9422044744665286,-1.0489735946114407,0.20596752226146747,0.858866872733174,0.5398455748138803
1,1,-0.8462677345238986,1.6433373092193095,-1.4948465539054592,1.8410904372086883,-0.6261301150458377,-1.649666179518514,-1.3983060942041803,0.8961025566990847,-1.8103758589816934,-1.769424456221676,2.461269922617666,-1.9475426776120761,0.019748745813923222,-2.0242427540102548,-0.9199272594429948,-1.774645574487241,-1.6577505095707112,-1.5727146962665182,0.05535129604434515,1.286386011127801,0.5573653824192208,-0.034681381799376645,-0.061615585455139225,-1.8231606698272003,0.6590972547890905,1.3088075803630523,2.3856915513952,1.895659987736435,-1.0316427205800753
1,1,-0.9184925454837738,-1.2637657925597254,-0.006650395841102435,0.22953607156027214,0.858226646935197,-1.1803522332675385,-0.566854347621932,0.20310784766918913,0.005328012979592303,-0.4787192042160746,0.4946222151609,-0.24660758844427122,0.5000411669755759,-0.6594138997663361,-1.5949045602879905,-0.49712027776012885,-0.5717270711039747,-0.2903667220040999,0.15913977381384578,1.0200252068338378,0.20523857470067028,-0.12707299651038806,-0.5358925447482382,-0.035622515008106016,0.2639103195176316,-0.23818854338597453,0.46627403987536076,-0.7993415078388988,0.5123459831112781
1,1,-0.2734010173893347,-0.22621885131677388,-0.21478334948166528,-0.10868399484017918,-0.07721566972714779,-0.45764373036488426,-0.22965616226818478,-0.10022103755204059,0.23687131344366014,-0.30765895298455975,0.44545491563070483,-0.6646297449589301,0.11949004054933804,-0.6326169077680991,0.062743615070935,-0.9853056806126288,-1.0284192002263957,-0.8787130411489074,1.0725805200883614,0.11033390513577118,0.15751848235170468,0.8457803340646025,0.25690201101805477,-0.31111223843116836,-0.35052224874672233,-0.5726984792734174,0.12437996197766397,-0.48328250776617654,-1.5052897579211872
1,1,-2.04944453470887,2.7639186405574665,-2.012316561086511,2.1639348687686026,-2.3502447220705043,0.15068643203165716,-3.210152980598076,-1.6557279724011797,-2.4199570863088335,-2.3023400526459277,1.2542675803110956,-1.671228997057505,-0.6200035238370752,-0.9565055476553279,-2.324157242471604,-1.5940064711344695,-1.8017896628876084,-1.9610677255245326,0.39077929255172433,2.6405044187362323,-2.675965185153168,1.8386952697749577,1.8338317700925935,0.6700375220651336,-2.7868615945325073,-1.2250278104547723,-2.9421036309740947,-1.398146458833399,-0.7019252323060988
1,1,-0.28674501031044913,-0.7731113558518653,0.10261798622000941,-0.12867121012835492,-0.6084329093656305,0.8788218875070856,1.695305719762566,-0.16034465113918728,0.3999881058561321,-0.210675865412994,0.11977090919728885,0.042340697533419236,-0.5682938031415066,-0.18850046882847657,1.1366632284299865,-0.3124825799131989,0.4669550280121582,0.15396854309799146,0.9706511019387353,1.3260391802232463,0.04926789490934006,0.03973747888091817,1.2834121340481184,0.4216447287342102,0.019993519595888493,0.07127304501164589,-0.30373371816405137,-0.5238032600850857,0.33359863704436277
1,1,-1.1465634618836502,0.9656927425436367,-1.152688072487375,1.5849596499880727,-1.4544313434683784,-0.9043938181242657,-1.39215028272287,0.9090451923567987,-1.4384703390765048,-1.4544082456992624,1.4759198404186746,-1.7962913279599657,0.08850874533397013,-1.311294401079289,-1.3763259534865278,-1.8935461328178678,-2.1271423828801495,-2.2114847271678872,1.4616649049816772,-0.30474495765968806,0.5057168870402788,-0.33680177513189247,0.2326286716178897,1.2629018929624078,-1.0166140467312563,-0.6502756939687663,0.9542998057582933,0.5501404438490701,-0.09129185676272153
1,1,0.9114362397033334,0.4006435500492954,-0.508507320272542,0.8524233794596264,1.9033368299260778,-0.750836939697072,1.2822071394879215,-0.20073180194193574,-0.7296553034041342,-0.03263158485918906,0.7434324257617853,-0.08100149324662081,-1.3091625147098074,-0.9215854816358289,-0.1922330966285544,2.9438428669752246,4.284578805062416,3.3302476702017607,-2.7543176499882573,-0.2357985975514593,-0.12037978610148371,-0.27078304826802185,-0.4809437760429779,-0.7352751861241662,2.081090193024472,1.1238359141687706,-0.21027588775596012,0.30576151593172823,-1.713917474295824
1,1,0.7055535024024493,-0.030797707788203867,-0.5770564179899366,0.4703947520534771,0.06971652007308389,-0.04212460384647146,-0.22709788543770826,0.04258781479141912,0.2154002602490038,-0.5875297448548837,0.7992141138148426,-0.4592577286167387,-0.3521700550960588,-1.0955299934514942,-1.4798811937695808,-0.465364998946911,-0.20575142917347408,0.32675419556647023,-0.027606206005508675,0.2961834981425523,0.13442665379763555,0.5156896622146998,-0.2346793719115376,0.7377910151694441,0.7633715969824423,-0.6034391581600449,0.6356193725601523,0.718136538027446,-1.6480056622170922
1,1,0.9524188021923203,0.27613353528298135,-0.6606796750557414,1.0017865846705898,0.6496098802248018,-0.3350561687277245,0.058869427834003465,-0.023108589512432855,-0.6532135837473604,-0.26355029404195984,0.7814641970928281,-0.6602544990348564,-1.7336563000713834,-1.0032114189316,-1.2924926990174752,0.15881569103067494,0.01890973940650624,0.5794807256340574,-1.3414385977473078,-0.017966242767401167,0.020824915066338812,-0.3406893671943115,-0.08128551772107423,0.13785531995991698,0.5244560479323868,0.3674503984902651,0.3690911201539212,0.5814613997791194,-0.431888543974012
1,1,-0.10208774156532166,-0.8225676859326494,-0.38274779723921765,0.6517509287911373,-0.058791293518454885,0.35904912054183385,0.5907626400222449,-0.05497753927099973,-0.18318279636940793,-0.1004045912320341,0.10538931712493169,-0.14881421133841888,0.26431010929343024,-0.4669295245738748,-0.15237477013215997,0.21417720398419007,0.07557505401131329,0.11575250010009744,-1.58162239002398,1.518303058720559,0.17198224493231287,-0.11887874679726242,0.21660387943115653,-0.8362199179615069,-0.3460496359926593,-0.21477575938720847,-0.005616102888742203,0.35870986102600544,-0.674823890504475
1,1,-1.0595459228747077,0.8134559315567856,-0.9649800936167205,0.7168911797625547,-0.9767575409178201,-1.0925379954503522,-0.8801752028511847,0.7291216842409525,-0.7556371071901121,-0.895753637281631,0.7830154004932813,-1.0763914655834952,0.06027684856415291,-1.0797589860299883,1.4238060504837198,-1.1252387270025446,-1.1626515219143998,-1.0558065242354613,1.0093149901049503,0.3286287451225071,0.29434944224419857,-0.12528761241255626,-0.16744672062362193,0.24343574805286752,0.4361672147117026,-0.479466717442963,0.4108568687786852,1.2462610930335092,-1.0480945111975042
1,1,-1.302823052904986,1.3099319063092503,-1.3077179963492516,0.7218645118895819,-1.3002135684299454,-1.5791915003406432,-1.0930248369386535,1.3614178970294697,-0.6622707797114142,-0.8841985857932053,0.6424196280776925,-1.0125322808126682,-0.4550498037610896,-0.998835365110235,1.1209652240214625,-0.9545281046532185,-0.9539770629239666,-0.8932866253721772,0.5422779703683517,0.6103583583492567,0.2567866856877723,-0.5158134282417213,0.10545622254733748,0.04322706871953053,0.6667980072442723,-0.5743023870083575,1.1829917733305708,0.6573883729389949,-1.0179234475314038
1,1,-1.1507904351665308,0.9205337339484501,-1.1289404656220217,1.3935408644201877,-1.3881916300874184,-1.4269762650003566,-1.55083558356184,0.9546492153626533,-1.9887843625949393,-1.6529213309889832,1.600342118709711,-1.7029998236135593,0.5731602659239715,-1.5874932951634317,-0.3207315097692,-2.0223844136218094,-2.42451797996794,-2.421268383185134,1.4286080448625644,0.429988345749122,0.6538150100106644,0.08413461889645568,0.18680498610414492,1.283576663374867,1.1277709167469965,0.22836690877787086,1.8291531302307698,0.01939527716059375,0.17148185801027943
1,1,0.12759207181804996,0.05632457164901999,-0.1698915365533577,0.13817062836852742,-0.15967092089631346,-0.553728341017498,-0.1364382316141194,0.0036069241418824993,-0.26411631154114623,-0.37925560311766754,0.5725197616779071,-0.5145974621336127,-0.3852558712900732,-0.5381119453828577,1.0573920493732907,-0.6188478293862638,-0.5268076523325372,-0.669798551321777,0.0493630400474976,0.12358547879745231,0.08835168374235143,-0.05989323012453441,-0.04938538177619072,0.6430212125385428,0.5302640821614197,0.4975673957368543,0.41919342385879915,0.6129317998214688,-1.3627700716421873
1,1,-0.7716048494589589,1.5930319179658714,-1.5073296817848332,1.8974865486627315,-0.6204087988254235,-1.6346204972804599,-1.3994667384719786,0.8531186714954022,-1.7770840519607487,-1.742964229654723,2.473830309914211,-1.948601859186259,0.058239152300478526,-2.0299302236005774,-0.7574731535897662,-1.7928218777057616,-1.653054972582138,-1.5670045276855644,0.3099568470730547,1.3179242295700404,0.5596152516949512,0.05368771236460152,0.03131946760206791,-1.819511800206803,0.09507934329457651,1.316243023322144,2.494079229217616,1.8878272826174063,-0.5094033814524203
1,1,-2.0800404416481872,2.1934242543068123,-1.948709966386445,1.3897399380764264,-2.422198001101534,-0.8969305592132403,-2.8335129492302196,-0.41073503251189497,-2.1802766447782407,-2.349816434069633,1.2400471803181432,-1.5319087492704828,0.38469209944451443,-1.0723325253673888,-1.1606906315597174,-1.6738173037863493,-1.9445446837155582,-2.0450827924453994,0.935061007843851,0.9213308653652207,-1.1736703935589017,1.1088006489529765,0.5635682191952739,1.021002837834737,-1.2490685537108663,-1.133910407217342,-2.829041929786815,-1.989923637345048,0.5457568242565063
1,1,-1.2536741630587653,0.20320901697625413,-0.9474289201276738,1.169061462041867,-0.856371461486496,-0.23728439066637844,-1.2310101601438757,0.4273528098246459,-1.1950315548486805,-1.154175682813761,1.2644016937272187,-1.257687180558526,-1.384058909079714,-1.1762780330830518,-0.08861538595671953,-1.4344342670598154,-1.4850542466243284,-1.42783816932515,1.9770393105029935,-0.6261162610407773,0.09528942882651538,0.18429210706388366,0.2887805856192966,-0.7565451269627461,0.5320017044840715,0.3461291926300277,0.36123098458386094,-0.07782687434470477,0.18836387479810845
1,1,-0.5934808165144984,0.28708283972723647,-0.45894592792509326,0.4345461033116487,-0.5951178900896167,-0.40895671589084165,-0.48247235143501926,-0.1145496957044387,-0.3090395884041022,-0.6563580067918788,0.7224956951563213,-1.0787227393563759,-0.31243308807935527,-1.0654621738424834,0.11275986901254113,-1.3029349587952863,-1.33031145429148,-1.3495715335943659,1.2534028036437592,0.1944647007540812,0.3699136666329606,0.027731447223652016,0.2638354008384016,0.5287006700209402,-0.6759350489958921,-0.3815021529043023,0.17958400201792496,0.6401561008725616,-0.6669184846233727
1,1,-1.494713651090027,1.3312883700874394,-1.554935181808397,1.4418304077790938,-1.7940582242704635,-2.201349049953245,-1.9292758391527423,1.7232944648367297,-1.7596949294993807,-1.8765566272314766,1.720659876061466,-1.6926218057444116,1.0818707511100902,-1.6685193584500275,1.6421389279825847,-1.9221218844541048,-2.079710807392237,-2.046185139077216,2.5986412210668828,-0.159692198520338,0.7020014528584503,-0.272932074845124,-0.09380102141288434,0.965262184353324,-0.3416467424491831,0.7015648003456371,-0.21321760825835856,-0.7372781376759663,0.6070756812728588
1,1,-1.1163010501158155,0.64060717181301,-0.794837441346145,0.05541856318245891,-0.4740654103938822,-0.778442896401707,-0.4853992397151255,-0.04370082640505083,-0.18337049851635745,-0.6217000282300441,0.7432813627379574,-0.9392689976017721,0.01556546319232867,-1.1364499377729482,0.8708500277013645,-0.8417920497627428,-0.8963501292817824,-0.8289382669614327,0.06151239665426673,-1.1164037690580044,0.4896773022410649,-0.07960216741338277,0.1884838707515959,1.5785481863780504,-0.04343271071591754,0.3848031991660412,-1.9071332520708408,2.8089902463135554,0.26223923142961847
1,1,-0.24841308342694596,0.10153213763395379,-0.23353479406043898,0.9637551108114225,0.04072201888730716,1.0752811570725516,0.6862342556286903,-0.13188142838331968,-0.5385857601533208,0.2748209376955746,0.39714137471594313,-0.4595905565761771,-0.25733758578623556,-0.6376152732779125,0.009100851081333398,-0.138094225048124,-0.06171741453996834,0.2343261800056776,1.344334067986045,-0.35319240106422956,-0.17878300507970799,-0.5165317464587522,0.4471069936346463,0.027861216691973282,-0.8680849507213126,0.24260004691832945,-0.4169600912984374,-1.7583787893293465,-0.813532586855133
1,1,0.925929716637517,-0.04844975129415012,0.00631081268170876,0.14790718448281426,0.6358592432022235,-0.21725717075648832,0.627480264962426,-0.15029245188639348,0.4668187474710817,-0.09057154251673778,-0.008203667142757283,0.6567702786756137,0.46909034220698337,-0.6139497832894419,0.30239778969966236,1.021824530145737,2.604015175088214,1.1244253435599696,-1.1896749881337403,-0.2097389727743199,-0.20918863805397706,-0.6026549074980114,-0.1275027021599879,-0.20650125510516426,0.9986455930874548,-0.7678834125917248,-0.09439556085840203,0.2353972965653408,-0.31148044800007
1,1,-0.8596168678255759,0.5020577702309694,-0.7725180804143141,1.261828082797604,0.39567373965463604,-0.8230078306312205,-0.15241668577944228,-0.2889825659716472,-0.4449977343412803,-0.3792001606092279,1.059882700732325,-1.3186121789014116,-1.5400122994396208,-1.6967335924986202,0.49052797863032027,-0.8526841645016517,-0.8022099321113495,-0.4434269795276302,-0.30695535308471966,-0.4950842282190238,0.09412557095269085,0.36511163295313925,-0.1337096529715613,-0.9627313444837395,0.925318324017959,0.63708687950430265,-2.4706406782292936,1.238156454306767,0.08832902284612083
1,1,0.1988162329112315,-0.1206049972972152,1.4375175300253187,0.158397782516263,0.32816895950708863,0.3482126028171399,0.5478595423691005,-0.12199953787770683,0.9285574089329035,0.4463213096204958,-0.37793834372294516,-0.4074779949976431,1.250119051224343,1.34540263945858,-0.6872744329899007,0.9950043685316083,0.6294201597906098,0.3596171746964197,-2.051667838577034,-0.52977174509541,-0.09156854481507948,0.05411504683804609,-0.062072632874699954,0.32335809497911044,-0.26277793653138765,-0.27637409328575424,-0.3029708339506985,0.02767348309489972,-0.24020825039283905
1,1,-0.7420844939087894,0.26173987236898943,-0.7490046032986624,0.5730541672022251,-0.8332632636930044,0.24057658435027324,-0.4968445999454652,0.44035983487165675,-0.9158662858005747,-0.7969205482669933,0.7439953653059882,-0.8684345953390604,0.46590785499717763,-0.6952322164528055,-0.5956988504569561,-1.1555128998979152,-1.2750593393281515,-1.068260724406035,1.9485812606069774,-0.34309870065061404,0.2754018320604477,0.43970236030455967,0.3307273478990682,-0.7537674151460712,0.33759421279938595,-0.2976925541134969,0.7394751699755537,-0.7424174806239678,-0.9795897143620363
1,1,-0.22876066178813603,0.020295911196203366,-0.09444133850809262,0.2918563302981457,-0.5400718317109485,0.3407588310129289,0.30973550242625075,0.004908650822222765,-0.17521854573849366,-0.29040661683217606,0.2930300514731236,-0.3135640592043332,0.6156143948704593,-0.45413445766262456,2.2206741768399634,-0.4223057743922054,-0.21487721973787396,-0.20995908949749986,0.3469527125886404,0.0769359288727016,0.13389127269047665,0.712512415976052,0.35800240280448453,1.2960879266116208,-0.5053029574281445,-0.23444663123337245,0.209603251746542,-0.0424115281682154,1.3685164107426053
1,1,-0.47706346021517126,0.13258660542637418,-0.07066846786481085,0.36277167749114314,0.5841431025422,-0.41549377368641216,-0.7400229870050298,-0.6142406341384523,-0.05080153409362877,-0.39949961931148464,0.10051145430103021,-0.3593199368916275,-0.28161945722931275,-0.5881489782356215,-0.2593009879947562,-0.7097637412877398,-0.318560094430568,-0.5550612772123503,0.34325978057129136,0.4910087893879282,-0.1841900235784177,0.44828669520649683,-2.432309476828414,1.3656533904778572,-1.4342400798693213,-0.7861545568680989,0.6034248691637809,0.4494670282939367,-0.9363432634360729
1,1,-0.9636841311723763,-0.08860746635941863,-0.738938772046517,0.19256208794847668,0.03175322503537028,0.33623296795904406,-0.6818766076187279,-0.5476817380630878,-0.8177736931886206,-0.765840190883273,0.2489483086539867,-0.7795183952669974,-0.7988544256295955,-0.245691350354331,0.21611405672794048,-1.0533100838755662,-0.8311945801917424,-1.3719745546087398,-0.3534546955551617,0.0785056123889932,-0.4298513574302457,1.5175864878226497,-0.08971826864408687,-0.4019530917500435,1.076928551354226,1.6729321652855573,0.7958520703477382,-2.1724357769582956,-1.1725519656536583
1,1,0.2862612583810152,-0.7801795535052727,0.010278463664065988,0.549576647156853,0.2823047575155951,0.307819268399763,1.1196482595209376,-0.20605705099711788,0.41432088227575947,0.4441309303779864,-0.17456895116616136,-0.22030345274508922,0.9906879053564853,0.4659562044985297,-0.5499741569523239,1.281022001662607,1.011031467668012,0.9092749499457463,-1.2837533583744971,0.9280804996261652,-0.030266548506620243,-0.5048085264422459,0.14648648499392414,-0.4238242046976795,-0.50427742327263,0.13083783677182503,-0.45391729364119987,-0.04821849956997031,0.317591607265253
1,1,-0.3236317902140889,0.26373553945869566,0.00589120559882414,0.24520187500984267,-0.08606371110884287,-0.1555870814815838,-0.12051303785145691,-0.19237239027312217,-0.29751783184885877,-0.2443579304980817,0.6547164833311001,-0.562877609964799,-0.8824183879201285,-0.5746128116051081,0.359383324724115,-0.593826289307529,-0.5781943089607109,-0.25032452002758393,0.7652259911851732,0.03487436608987218,0.36254734090880014,-0.006532694580638755,-0.06057949198298825,0.37531481820067675,-0.26496735397396565,-0.6444733369024513,-0.11208367387318499,-0.4027425868293085,-0.6026636246873979
1,1,-0.7393012303610234,0.16187329628672564,-0.2938828214576796,-0.7394066158276851,-0.050862169108198615,-0.36172205245450356,-0.19627371778197356,-0.29935613467809913,0.48170713467943105,-0.4977813109353075,0.3984908704559551,-0.47507753439975314,-0.9405822084795374,-0.6210166199940501,0.9047835578826815,-0.6210224652036894,-0.43827465505285507,-0.3572028288449622,0.30628971885555484,-0.5094850411389763,0.0423190418604389,0.10998303636283668,-0.673676331678453,0.13181217084597874,0.061074677615072834,-2.111244393182191,-0.7964096916198339,-0.05217017758957139,-0.9021649918247254
1,1,-0.46819914554562636,0.5229419140148964,-0.5474770014375766,0.6451256144463656,-0.3386966231807914,-0.20245452554682786,-0.6250077582544747,0.22523651343935586,-0.8991605080323798,-0.867244973741173,1.0176741727610716,-1.015102977875414,-0.16103365305959788,-1.092916016556479,0.1527548750082948,-1.2125950199789155,-1.1193818930089647,-0.8809759925137104,2.0922882094001367,0.6076276165396166,0.3171766968897145,0.01165290701167438,-0.3371145960958565,-1.0728040486518835,0.18920321024806333,-0.013184415010459133,1.0896689635093877,1.0497090610474706,-0.07800717028482596
1,1,-0.7112871720682507,1.5304888040436293,-1.4978023046768139,1.898003003546142,-0.612582205610008,-1.6175112862193097,-1.3956792733956789,0.7933823469000201,-1.739460976472726,-1.7333637531529957,2.4919396673727525,-1.9480990775095146,0.01750255914354589,-2.0342025733062608,-0.723468144507927,-1.7905360485755044,-1.6634486381150853,-1.5900371467569014,0.16789044715686116,1.3689821746638222,0.5410378647845842,-0.05682951290723107,-0.07928922841200373,-1.806902024960751,0.9650375361974152,1.4008565485012239,2.641510105133915,2.1907843203378596,-1.6778714978568952
1,1,-0.5044746109207242,0.03409217614550954,-0.2558949193932456,0.028940727470556548,0.3833603117654512,-0.9389943140738637,0.21788524259176276,-0.25188302461033035,0.3783799247307721,0.0018020470064509407,0.39473322020380125,-0.45079314465864706,0.2014090017158893,-0.7594049285971886,0.10351962899385046,-0.4641068036475803,-0.47782397977554963,-0.5495919328840492,-0.5782627780015277,-0.2660320417219064,-0.07027553714203523,-0.48759765327302473,0.19256806337482082,0.2212032954979251,-0.6203236810475903,-3.014338579072557,-0.8873065776863338,1.5751766773874278,-1.148789237073011
1,1,-0.7096500136683965,1.4110989581981799,-1.3429174647291635,1.7201379231480654,-0.3666322391390772,-1.5209690251610235,-1.2179533418097475,0.5679360557883474,-1.8464503494891193,-1.8305026505886774,2.5153346410553805,-1.9795609522919817,-0.29159357193913943,-2.0769439153182576,-1.1658480681187824,-1.7732522568655444,-1.7209882116361788,-1.6170639115714502,-0.5489723452562718,1.3182826247146833,0.5122294707654735,-0.21151840601857289,-0.5084514909096902,-1.8044641739109282,2.1512676836603144,1.3317854157096112,2.791017742045701,2.2475551570871573,-1.609369607955011
1,1,-0.7955121164175751,-0.36911844408042455,-0.5668311749023986,0.5002288174458748,-0.26987318006862016,-1.1000297302289925,-0.3812218154423919,0.24876559327105668,-0.4687413111923491,-0.6424095546019363,0.8251889015205914,-0.7842926886898955,-1.1939207798295615,-0.8024982482883908,0.8333427805118758,-0.6423907700895939,-0.6869493256311482,-0.330499739359696,0.590126138416641,0.6858620027169314,0.18498306970497239,-0.2041127407607181,-0.4123355186014051,0.4021781727907016,-0.4268823071253901,-0.007286776844190693,1.3948128767738983,-0.4899653830441563,-1.5311919896194996
1,1,0.39263411924730035,0.18054006015494375,-0.35459357720665047,0.6263399567590667,0.08776424479036676,-0.30062219001265394,-0.10513972366801048,0.009545619244548706,-0.5639582038238005,-0.30276775813685636,0.7874974519298814,-0.584249440355277,-0.7591305392251042,-0.7533154045383614,-0.07970411548281353,-0.2468643729486406,-0.4447468901359882,-0.028127456104718132,-0.07079006713556174,0.17363735325580396,0.03577134134338893,-0.4467137595045467,-0.1457295569322128,-0.34451699275593667,0.8615364808115091,0.06775237440305296,0.45422117653848926,0.6075550916628792,1.6459236291763781
1,1,0.11265960750613106,0.30050773211578985,-0.5430881386219628,0.9456303234323126,-0.24620272069698115,-0.0960694413237375,-0.572756714650442,0.14200602451309302,-0.7668692310640256,-0.708379162765459,0.8959406808925963,-0.9761629427826862,0.008402826632587507,-1.187613147755316,-1.2195770128034689,-0.9170111196681334,-1.107150887240173,-0.9043172916871228,0.31590143799749626,0.5436231468497799,0.14562762490500808,-0.4654445973382538,-0.200023509003753,-1.0689517824503407,1.1313787667827175,0.27090013588276324,1.1934042194335064,1.167519729956199,-0.08247948760347863
1,1,-0.6477613848178635,0.25128760561070995,-0.6219990061682639,0.6163207186053399,-0.7529397234051738,-0.5073851158772399,-0.5593100318790917,0.303274209418314,-0.5952202049612316,-0.7806854154143998,0.8938263444369923,-0.9301806636154204,-0.5751468418252969,-0.938877900225156,0.5876000354285991,-0.9882670410807859,-1.054786390477614,-0.9059033851633363,0.8703685020374219,0.21831303536231747,0.22454880969036203,-0.3252076389419537,-0.32607161893524417,0.5136166183130044,0.5060291915234346,-0.8338529495602036,0.12464430392075945,1.0580163909907343,-1.2427907483718537
1,1,-0.22074246963168068,0.10528554344584513,-0.527662933923466,-0.40210476118041477,0.29974396214223636,-0.8893367769659611,0.06104274714502296,-0.034439969294596355,-0.5166165032955563,-0.3970960977822294,0.3562268140992096,-0.5969236621589566,1.2132914085749222,-0.6022428982286042,-0.8736531049030731,-0.7904943605926706,-0.24183104862073015,0.13123337652704842,-0.30952938359913623,-0.24671494966771287,0.03183173285545437,-0.13135251041114726,-0.30345046106192375,0.5458834296668643,0.7369269121932738,1.0604636520517627,-0.2065487388643508,0.040828563220028875,0.33425996443467393
1,1,-0.9326454492404186,0.6110477757682893,-0.6184536840837942,0.8399567201637875,-0.575757895631195,-0.3317567339440219,-0.6439947346863865,-0.03249820534007425,-0.811614789614666,-0.4365467107896484,0.7043833149680141,-1.0241862511858666,-0.26181184515308786,-0.9069983522830495,-0.2730674524525522,-1.0541840190992473,-1.2701431678588482,-1.2416605057395014,0.23149171905529448,-0.47616466514965106,0.5976880729493672,-0.3141793498229578,-0.27750561031953785,0.3196395332018363,-0.11126419536568491,-0.4460618523715411,-1.5773486394195981,-2.7201915799745544,0.8759626773725587
1,1,0.9338158626507244,-0.05699460592800446,-0.010549471997199905,0.1389304376798169,0.6556761851055106,-0.17084020564422533,0.616528192554507,-0.14394037543192817,0.5020484696744194,-0.08819761349074998,-0.08464962996170534,0.5189041135740139,0.15802073738623987,-0.6044632348295386,0.3552570549304832,1.0719399914378969,2.5818907507662496,1.2088062352868594,-1.1371980613962769,-0.22859077716014242,-0.21410318784031585,-0.6447656292899909,-0.13956490578390898,-0.4642796827505395,1.0112494023546634,-0.7426992092250072,-0.09725544437465446,0.23013789096922377,0.7944493527496548
1,1,0.900763154311586,-0.07277598878511135,0.007213472483789769,0.1250856776931019,0.6286966419133982,-0.08114193254066598,0.5796116459280433,-0.11870819034173351,0.41376320537616496,-0.05772575515478453,0.39676960489187596,0.776639652832333,-0.19843686173103978,-0.5711020154002445,-0.15891270015562925,1.1718493071514717,2.506483975145373,1.5536128626258534,-0.9933261395958541,-0.24424111711362442,-0.19798283531420915,-0.5780745431990628,-0.12859551365085048,-0.29551318828980744,0.9278742639720763,-0.7949366177675422,-0.10240109032230792,0.21462279647474483,0.9887982113607418
1,1,0.6869390926697082,-0.6839356633229587,-0.24297474920727669,-0.24161916128900626,0.0868625809373803,-0.3846199997445438,0.5776587006614016,-0.1709583233856389,0.8554766587764132,-0.07861158393734594,-0.41055464712603557,0.3803256470944492,0.47440702123340656,-0.23156993020091088,0.8274990226719713,0.40679378093294827,0.6063723878046188,0.6869838638353826,-0.41651719617772487,0.5577467420487779,0.00788994937149082,-0.15720902865011802,-0.08432832184449378,-0.370772906180945,-0.12008881962934308,-0.9727071867111243,-0.165660011885153,0.13032280439007943,1.2718841245504378
1,1,0.24385601159763043,0.5656063029359172,-0.769968014129302,1.055944848205879,1.0607520516756501,-0.9510183633576234,0.16190571236944437,0.005360004716755513,-0.981937873643938,-0.4997755985344198,1.0337380458766154,-0.7262547119225979,-1.2278584176465115,-1.2661930390288663,-0.5184016456203904,0.7049308285384774,0.5596592697861537,1.8610910489204389,-1.4006548121509403,0.15286600892276608,0.008035897948745513,-0.5767833587521739,-0.07722860900890273,-0.5998259412624469,-0.4892609312423198,0.17482728623087865,0.39741387401787315,0.6775872433020353,-0.865489664264907
1,1,1.6050985785544896,-0.009079568744988555,-0.25053308109782396,0.8161759768852634,0.8697635816820307,-0.08169226288826402,0.63978348030676635,-0.14273659534591918,0.020556535431269236,0.3774870610878844,-0.3090063063647928,0.0770457165522992,-1.2027597904974932,-0.5302888813968012,-1.3104413854239123,2.260635165743254,2.051235650392149,1.9125467178191795,-1.9509265297117748,-0.4623092418461585,-0.1320775430486463,-0.22534843987923045,-0.03633058206924679,-0.6819031764788902,0.18970581491301836,0.354906412750123,-0.19909393223191182,0.030590736666898596,0.8672535043555403
1,1,-2.309313339754921,2.823379901288503,-2.202614730180525,1.1961144524480012,-2.7559697515945185,-2.637724778367486,-2.3263243682899764,4.301893380839635,-1.1400072171846305,-1.2468246570619985,1.2503125730284055,-1.121094874168979,0.5878453900071066,-1.0066281505706025,-0.06447204287950074,-1.2888165877837885,-1.500734675747657,-1.4978759123938643,0.7562530535448992,1.522220170679159,0.5248666504986916,-1.3004248036216197,-0.8602115021309499,0.35666805387260025,2.479146151597788,-0.5169610730136632,2.0185948817976525,1.0373948595703248,-0.8192054677438886
1,1,-1.7503693443235158,1.5766884373921173,-1.6230348473579381,1.4779225026633387,-2.1498158976622874,-1.181132283040614,-1.8308434600619599,2.278338830823168,-2.0745644613073266,-1.7878822943138544,1.2340203393286087,-1.4484982706940228,1.4047419283006335,-1.3358772107477708,0.06809186046210916,-1.5576032007950373,-1.9406797661976436,-1.8883347871244405,0.9691062209681485,-1.6842651062685654,0.7364780897392164,-0.12518094433763197,-0.28239658329529355,0.9256586029478636,0.9662566237056684,0.059465071168757995,-1.503552448972519,-2.3769333182430623,-1.552607369331241
1,1,-0.9424727407568043,-0.510044924890219,-0.6539898937769703,0.41197880569655526,1.0663938787605864,-1.133038480221309,-0.8297309982638182,-0.20737867027139026,-0.8076380031640339,-0.5821429453264994,0.6615129120642623,-0.5320840408234633,1.218459901071759,-0.5087744311654303,-0.48205079967651554,-0.8595536954272697,-1.025994621205078,-0.8124414601479376,1.026789883884409,0.14651453070550657,-0.13688139814132966,0.2913496165651375,-0.6318726507649793,0.2527273080193655,0.3245483021381194,-1.3438690946788205,0.6536007794400063,0.08146958725284785,-0.8352938916633444
1,1,-0.08165203634193595,0.8661844294491846,-0.9189986460593348,1.3080382192770443,0.4523472804274806,-1.556562311878136,-0.23875813878589563,0.04750727438874317,-0.9950250200568619,-0.9873571501129461,1.735177734647304,-1.4084477060988514,-0.23121662101596188,-1.4260701240792817,-1.3462163631627682,-0.5278046352732022,-0.2908654738818048,0.3567652691453873,-1.3514150558693303,0.45656916736533887,0.12596925112854657,-0.4704280306828808,-0.5210762316325933,-0.3833470894846914,2.340288868350815,1.0921970715250804,0.8629306180259887,1.2210527102367457,0.5802911952318675
1,1,1.6213067805455352,-0.09181394909441326,-0.11721979970645809,0.722441986211186,0.7690577497918207,0.2635596842189847,0.534339039585794,-0.12922218392916238,-0.00996030240815787,0.6000710422205888,-0.5004033825235336,0.24195804030144122,-0.10488170400056991,-0.2911919152779263,-0.6756246880382738,2.226991014006414,1.1922046433791749,1.554693305294437,-2.1021160515219774,-0.394961578219628,-0.04214904096641726,0.3253731690179099,-0.022560921823907443,0.3937199006670093,0.1298001153590194,0.4470287200045446,-0.20533155071084594,-0.012493995337266499,-0.8083538846756206
1,1,-0.3511822843482138,0.033607006052607497,-0.21144836711566406,8.06305290731275e-4,-0.37941213934621854,0.2086415439666949,-0.11293429815913254,-0.13725632939411694,-0.31800538765549424,-0.5214268421840509,0.5741757129041871,-0.43877664974655667,-0.3770183066407811,-0.4356278366573416,0.5104122722323928,-0.5502461069631246,-0.6004982921275235,-0.13509810437982786,1.185387901802612,0.8099729986183078,-0.039544593280560605,0.03696842305017986,0.07720120782917697,-0.5638290161200291,-0.2009311298278959,-1.1700743470127375,0.41583546228310825,0.46124080075181473,1.2918097008004892
1,1,0.48900757572482045,0.34344552914773085,-0.4806287548136083,1.0885202255097983,0.37140122320453217,-0.10326110440536071,-0.06388377487073044,-0.3467663912716312,-0.8259769651644069,-0.17369950317427893,0.44187333250189936,-0.542522724877409,-0.31548316398963655,-0.7908914232293344,-0.8159984792199534,-0.24476697176419485,-0.1233050957848485,0.02941217838652405,-0.2417464916467782,0.5308476244141048,-0.13871516470855333,0.3861502309954261,-0.1767624833441628,-0.49492780283383714,0.6821674566751633,0.9934939943643628,0.5348919049589862,0.9642690812244666,0.3395389558228267
1,1,0.7552720355402264,0.40454359897803666,-0.7505278694822489,1.147642091423904,0.33863356673094436,-1.1181757901196854,-0.06253880633641733,-0.048657680477879134,-0.7668552174816402,-0.49380276809871776,0.5989046514026146,-0.9426826716058637,-1.8947293094049151,-1.1767855596141248,-0.642153587506007,-0.3353753629415743,-0.24469524172305637,-0.21129743658234088,-1.5804925776054142,0.07679644692943234,0.06813582197752562,-0.36342105726683227,-0.08692353252334803,-0.20369430558093593,0.6470663246711994,0.48641045905445074,0.6250286444892229,0.808843655416232,-1.672300359643572
1,1,-0.042484946847867217,0.9410280846557918,-1.0195637284106782,1.517187047789734,0.23526612946943615,-1.3492666053763334,-0.3634009767916507,0.16966569948105031,-1.3352190897136502,-0.8464766830184907,1.0441132147965997,-1.1442091722846321,-0.10704611429089456,-1.5898564608628547,1.247395391209109,-0.604628806064586,-0.25758013252251954,0.16551806951606582,0.45737887435949454,0.7020078172350493,0.13781600908674208,-0.4723640558200685,-0.03151873608107253,-1.165724275139483,-0.34431892108520107,1.1178215648313667,0.7551966759004335,0.595879317006722,-1.2513662024440184
1,1,0.8699367803382572,-0.22309617541669316,0.5402934755280423,0.3856661598535877,0.2444231305213433,0.3598960503351853,0.37832624662023606,-0.06380885187934106,0.24273067051305372,0.46578541869440004,0.1674063598407695,0.4784923368558186,-1.4347314486134481,-0.016300888673204266,-0.5283869539066094,1.4123089325148506,1.065832585233844,1.204403477749792,-1.2396869859339594,-0.4125521255667371,-0.08527645433661249,-0.013054614208421916,-0.0903211468536081,0.33501080959311974,0.6047779037972674,0.28990799696864195,-0.17321351977921345,0.07888971072221729,-1.009257878518142
1,1,1.6282875017868814,0.12424217640620568,-0.42214670611230953,0.7960520044149894,1.2793472238217478,-0.44079581509219695,0.9301148695306443,-0.1897433742314726,-0.37851976319741454,0.3489618337300962,0.35493831186917846,0.24983905065471287,-0.6872549854667018,-0.5727258501411003,-1.3489927266095716,2.579312499080394,2.261194865218726,2.3919102466581075,-1.936897607194705,-0.3819618130068736,-0.12943298725938313,-0.2934601292217675,-0.09577797156448667,-0.6108999923285329,0.469728482032625,0.33448512685551224,-0.23822484635339797,0.03393883334267116,-1.305352319495274
1,1,-0.03444818133199699,0.930681794101717,-1.0249330052882777,1.438064247365156,0.39051370106249667,-0.9022570891380822,-0.3221379697541004,0.22827252166214848,-1.353321505520953,-0.7169277230590189,1.3352214323007208,-0.9030092571616837,0.8265030045594165,-1.5124407070993193,0.3897110239333404,-0.36379688539720934,-0.09156186083762338,0.770509676285781,0.5512207557955809,0.678816585160789,0.11445449770001208,-0.4149140411174189,-0.018090505609511465,-1.7370940993680846,-0.12806374038113588,1.1343043563137991,0.4993816698299762,0.23020476363489414,0.231219343157053
1,1,-0.8143354504261311,-1.0534239950066815,-0.41321457461904443,-0.10994225888357365,0.160001548217317,0.1564019508580154,-0.11914616666833558,0.19866128308777922,-0.10234085689481119,-0.4524445400659411,0.1271962053533191,-0.2788833060433856,0.24596876713964358,-0.20612452816311147,-0.030365084597108374,-0.6530723090366733,-0.5362386042810964,-0.6764027229585858,0.23097516900643617,0.10234040988983228,0.21059856163857965,0.5864208666701349,-0.6731733704076808,-1.2166233709126186,-0.6081469330650231,-0.03337272791002506,0.5278213706536703,-0.9883489657276002,0.7564470100088387
1,1,-1.2056329381491724,0.5620985114389552,-1.1809444080765878,0.9825378435234341,-0.8372067833978654,-1.463268582980078,-1.0555533818070835,0.8762481163677011,-1.3788559979503534,-1.2152893042851347,1.4750164760528894,-1.2411204760396872,0.3448701565584994,-1.4374365619777336,-0.4079230066490497,-1.1109581758361018,-1.3956028354601562,-1.1510698913710953,0.5886760950295,0.40575788529277484,0.3077773523741584,-0.48109146931590163,0.02252978923045118,-0.5318497116833798,0.4556559964178059,2.0780776582570004,1.7446078513746082,-0.7553315876388011,-1.5386599019962424
1,1,0.3705756231571039,0.6816086400904288,-0.7552082704006742,1.1653382206153395,1.0608952081620582,-1.3739913106399644,0.24722354971390167,-0.13820488420304095,-0.684342341864266,-0.6831334320075497,1.2714372524566613,-1.1433361049990656,1.051546493689589,-1.2152855542628995,-1.0088945418830986,0.1354868949218741,0.7327392545452786,1.2861089879430838,-1.9364865534703224,0.2675704969304482,-0.012513371973582425,-0.4982155526633731,-0.5484226307980428,-0.47844900456904155,2.486429553065181,1.096809415256172,0.4536152383122845,0.9306138175475884,1.203649672538262
1,1,1.1993656078241457,-0.10204301528372459,-0.05119285046272933,0.45758504717710513,0.5872168146318795,-0.027590736120891215,0.5203653208232057,-0.1168456571482637,0.5158078060078727,0.1132083548300723,-0.5197468056080706,0.07425083590127186,-1.454732302908102,-0.522583833982139,-0.3282511782851001,1.4843766575221633,2.2868685096381123,1.4523534050792302,-1.4734860694337084,-0.4173157696551422,-0.18302075689669345,-0.5028323296977799,-0.06453913456045318,-0.6135577237857667,0.5087108858440123,-0.24044575301610924,-0.13608700518327216,0.13617595387141354,0.12556248165402592
1,1,-1.810821867469993,1.8273596041970108,-1.9621691829017653,1.3693377222519607,-2.1426273792278008,-2.8439298288900794,-2.015984923820061,2.501699118405912,-1.1131777632621769,-1.876592906384726,1.7375080542375836,-1.740177093873982,0.935143015976548,-1.4456289281775776,-0.7768243220314938,-1.6877553677735944,-1.7118967554436912,-1.6446369356531094,1.0426718347220998,-0.6053451872188613,0.7519235735251014,-0.07552919418623429,-0.6408003397504138,0.6698442444787394,0.34262158388810493,-0.2247521164577217,-1.174972707000616,-0.7700944467390762,-0.8536119336415632
1,1,-0.9055880965965373,0.4541631094840991,-0.5954268375564865,0.8073453086912269,-0.3852874676485649,-0.3995548277916642,-0.6917912520727035,-0.008175671714802647,-0.44117017933192704,-0.6975671985545978,1.0227225075825095,-1.2834811408447522,-0.29594343374161286,-0.9990924129089893,0.6316316745150092,-1.3223283455932853,-1.1489805538932822,-1.3753059614802188,0.6576272385298791,-0.4273800468678644,0.48191502096304184,-0.07024193943533728,-0.0062858550386722355,-0.20426201474681258,-0.2635405683681561,-0.29480682331389163,-0.9004177954419593,0.8447932475954406,-0.39779457343659436
1,1,0.925191698277531,-0.1945767599548241,0.32259929365240586,0.20160501359525237,0.42336790595893714,0.2570674719774173,0.4855605738318936,-0.09636972255843854,0.14846919184474222,0.43867182775481955,0.023342550076217005,0.36883086367338647,-1.030323734535091,0.11173856714552165,0.8075692354613351,1.3561023977171036,0.927834898105909,0.9664129683762912,-1.34105312134451,-0.39057574633022213,-0.0840476681015184,-0.08322571371511629,-0.1005917473916672,-0.43974515876494413,0.6778143935522392,-0.0027151628542030734,-0.18250008176923666,0.06132536870108848,-0.06306262473058936
1,1,-1.4178978874163808,1.4944771905386869,-1.4297297311006243,0.7312379534085186,-1.439295548798954,-1.7665881725582264,-1.1936042343882647,1.6508707882576241,-0.6244699386032303,-0.8707799803953807,0.5716637866450034,-0.9746567666992197,-0.5459832708464833,-0.9484271617543171,1.0291212195857704,-0.882117922042716,-0.8736991793780078,-0.8396565893667262,0.3726594385610469,0.7043454061914053,0.2474596226407926,-0.6721082838308521,0.07652650502393882,-2.4284179509535573e-4,0.7688973342821104,-0.6081302062672236,1.3985781075872292,0.4798465880815955,-0.6194947701375108
1,1,0.8707824810987447,-0.23498835707785448,0.5127758005634935,0.38346474414046317,0.23095182907272335,0.3372344666530108,0.36935330902728497,-0.05517335565580696,0.27978062857136105,0.4755873692694962,0.13391269522435775,0.27367193795194633,-2.2229045877334546,0.029597910066457567,-0.36432282008831396,1.4665439804322729,1.0874454660819153,1.2925839496940073,-1.2672214720562938,-0.4687098080997301,-0.08803733554891327,-0.07489708387343887,-0.07896727628446366,0.266116241636282,0.5537076165643473,0.2861384512789877,-0.18083381359905287,0.07470168713725517,0.49540001378460574
1,1,-2.5246446833599436,3.550329271302639,-2.4940461650103387,1.755328291723045,-2.9118592713258593,-0.34019087473145126,-3.7765633558417258,-2.2315371155657466,-2.739648625133685,-2.8007636768676156,1.021284273967795,-1.441927524716243,-0.6261753619841254,-0.4189443852866031,-2.1607032561765993,-1.3305562089032774,-1.4528413429949207,-1.6470752157242747,-0.6339968694890796,2.71454123394016,-3.921702090159054,3.4733548986362206,0.861062196833294,0.5928522490660172,-1.247701275665407,-2.588097548067922,-5.046059116015947,-3.400556520593619,-0.8796667793530245
1,1,-0.5949619186024747,0.22539713414014415,-0.642425991548195,0.34950052794095254,-1.1069773933208629,0.833108865624132,0.2659353418564845,0.16394957328674284,-0.7995238176498922,-0.7804830561919941,1.2470026554114517,-0.8180048903480215,0.7238711632016744,-0.7597115542794881,0.6599286165718592,-0.9194366782053703,-0.8905176046482933,-1.021471628845621,1.0733655760255352,0.26823204467823863,0.1089643265644697,-0.5020257763510552,0.6064737990298394,0.00955936849742005,-0.8393527563936275,1.0073913234668332,0.36824214707158787,-0.5813931965290821,-1.418417501236576
1,1,-1.412618363891035,1.314414809101929,-1.3771966803947737,1.6269395727933273,-1.6739066980113178,-1.5269755315322038,-1.8032425665641194,1.4693965876965238,-1.8505908790486385,-1.8241401863633155,1.6894581466033916,-1.7516223240820612,0.7821654377039731,-1.7022649195962245,0.7509776587744161,-1.973588835525594,-2.125017232669698,-2.029546747920663,2.471476167970842,0.08391217152708608,0.7464417408783819,0.46874979099456,-0.23984355776973096,1.0520420935950092,0.4893572588297664,0.7814413823861529,0.4283827780655285,0.021715274609931647,1.2877559819179016
1,1,-0.19830810311028998,-0.8542033197458203,0.3225199836949653,0.6217956782527613,2.4619255388304517,-0.38877214738857696,0.3332056228642428,-0.11153220342767728,-0.2700416977346791,1.2534361601539634,-1.9752243188997463,0.4974312565180387,0.47450858813111996,0.927638976813739,-1.3074279074487212,0.5143667335775616,0.2501177986498109,-0.02280090134627949,-0.8746386391036458,0.24129227720709367,0.028536993383931515,0.19617399832275834,0.5383828472829745,1.0284615298457718,-1.6362991747337856,-0.4193204156371582,-0.11688221366764263,0.44641195484387186,1.2505981033831748
1,1,0.35368815572204787,0.1405086270177302,-0.23019345787129983,0.6262803612087099,-0.0013013347564247288,-0.25448174386635036,-0.1273714206922101,0.00415798742491282,-0.5500569341843949,-0.27391296112929087,0.671924807617423,-0.5906289297767634,-0.6012160030497252,-0.6886132276246755,0.18884048090121577,-0.30501355192731144,-0.5232918882039677,-0.370726842163077,-0.5297865948424827,0.14589691885248413,0.027384613810956138,-0.5281137500570058,-0.0988829841105918,-0.19079521141995703,0.8876575495924826,0.007769530739171053,0.5054158322936756,0.703746867122976,-0.2569274788999763
1,1,1.3599823659501682,-0.14241213992825838,-0.060848136999743695,0.5892097521390524,1.0530581831351524,0.7337848096955644,0.6494434160890271,-0.12275105777753434,-0.1258641346352025,0.8456380848271414,-0.6091052587120387,0.6429082527531735,0.5644621360688898,0.010326238796494778,-1.7681585864044016,1.5405778118851055,0.5959024726821833,1.001367840010973,-1.283129166697691,-0.3439140799332732,-0.05605967327577928,0.28037028019812915,-0.1552374869108265,-0.4704653500817583,0.5191177724153403,0.45823983816390673,-0.28276484405766544,-0.2455213939023162,-1.0482020677401045
1,1,-0.22720176906590914,0.5107315563027415,-0.869802710681402,0.5669503606126806,-0.4194628424092037,-0.389399405087395,-0.444204760193136,0.02378274752440343,-0.49016895683484146,-0.6340003831108705,0.5056196192001414,-0.8331927561854386,-1.4654754534108494,-0.7610901131347635,0.01158371556748153,-0.9341711892025817,-0.6906562291815983,-0.6207199529208897,1.0539029356092595,0.18888732292598479,0.08916595335816214,0.7535114065689336,0.44378399587016937,0.3912634750493845,-1.9479692499354764,-1.0237216310283535,0.46322461940258297,0.5361062863672763,1.3213717618807868
1,1,-1.6539804425369962,1.4621675775099516,-1.4856528854602993,1.7724676021072063,-1.9123585467195878,-1.253260312530463,-2.043865318874744,1.4237293524743837,-2.0148377358944067,-1.7924789945293516,1.4119104134028342,-1.7680040782204316,0.6869069421082974,-1.2329118653225664,-1.2607130545510679,-1.8947366112198984,-2.230085881379425,-2.313780550966453,1.3786024216407957,-0.5742116709761732,0.4823601367581748,-0.23691960118298894,0.014433742267740222,1.42975669887109,-0.45835394258477824,-0.48498477787132177,-1.1608223875320571,-0.9085686375373938,0.445406570010678
