y,Intercept,PC1,PC2,PC3,PC4,PC5,PC6,PC7,PC8,PC9,PC10,PC11,PC12,PC13,PC14,PC15,PC16,PC17,PC18,PC19,PC20,PC21,PC22,PC23,PC24,PC25,PC26,PC27,PC28,PC29,PC30,PC31,PC32,PC33,PC34,PC35,PC36,PC37,PC38,PC39,PC40,PC41,PC42,PC43,PC44,PC45,PC46,PC47,PC48,PC49,PC50,PC51,PC52,PC53,PC54,PC55,PC56,PC57,PC58,PC59,PC60
0,1,-1.242274588413499,2.263890773397756,1.8665353137078555,0.3758196421949956,-0.27917318528890384,-1.4852804653147629,0.35083904145006484,-0.9563053015535161,0.00781547294687724,-0.1918312341392289,0.2733153770658461,-0.46122629218679284,0.5534284273874461,-1.064451953705823,0.03603800478243622,-0.24757076570822495,0.5486529490834756,-0.20917401213160394,0.16505827771085738,-0.04392943249135411,0.5187699556631138,-1.2713846883937254,0.856366335300101,-0.04093632718167846,0.735541478293797,0.1428082141554983,-0.15813829410184366,-1.2206964411866015,0.4283428728284544,-1.5566498236631192,-0.38719619523062876,0.7386796062029853,-0.09310591081248681,0.5711658232332627,-0.7983691147721734,1.6502130692012174,-1.064119126159269,1.116399223726505,-1.0095230721504669,0.23271678215080127,-0.8214787500557273,0.032564087665420086,-0.1426898565788754,0.8485208596452586,-0.2746673670912167,0.43673972065405553,-0.11238276866594313,0.42836127148424724,2.466743092454732,-0.8717403492306901,0.2222114608656392,-0.2408567479578588,-0.23896648430374495,0.9140453847923365,-1.106443868039564,1.1345397212634358,0.35676295572123856,-0.8700732028695074,-0.2683933361303475,1.8417217468460383
0,1,-0.3658778139900798,0.017379895019344824,-1.6095806960156156,0.06472195698218408,0.8893169910968014,-1.1413182136507969,0.7380808138556985,0.8163419950377605,-1.2103183122502597,1.7647903385293229,-0.7737940655485045,0.3456866474978216,-0.10350042198884961,2.1309336626246385,0.45936209873915956,0.11870293693960904,1.2143627508448798,0.18972788082147002,-0.910735561324702,-1.804126406692959,-2.371658453542054,0.31896191936724294,-3.4262186257960403,-0.953451368442118,1.6334684225138365,-0.16218948421981855,-1.2547448220847497,0.5169519042634739,2.155674485533957,-0.3441841478119605,0.0424051893647372,-0.5081505831068028,-1.1837280380880781,-1.9451497499569765,1.2030890033937949,0.3398026939346763,-0.3354695817761797,1.782469712082956,1.4099550225140616,1.525582926537733,-0.13997696524268535,1.4738936210128601,0.0906002967742336,-2.1250642859095814,0.9249699441046052,-0.547527530567991,-0.9975996595712098,2.127034251351426,2.390400001979369,0.42499844521855595,-1.8985920779162528,1.670024449655922,1.750094966763836,-2.036920860069201,-1.6451754230529445,-0.9611218164681902,1.194992427362667,0.9001413218920092,-0.010548167828655154,-2.0991417653644278
0,1,-1.5211951269467971,-0.45802508933881214,0.5146868107130934,-1.4858500547729205,-0.8547370571414271,-0.7173248372649139,-0.9473435648440764,2.282831095595978,-1.5743266748002946,0.8080086067424589,-1.1078042385534481,0.5224112252906461,-2.4205186016947358,1.0533620770650092,-0.07485055358796375,0.46373918939840514,0.2942081870526494,1.5645967190766432,-2.1479915403776166,-0.07355832345136624,0.09929800005277972,1.6173062213292937,-0.7409664473823584,-1.8788082504733334,-2.2621442794807516,0.4631934394289239,-2.9114308557015716,1.1046423241623582,-0.641163653941964,-0.21049969001402155,-0.9898167034342119,-0.10580342333140445,1.3049163856917687,0.6516201477483936,-1.7145683353831915,0.7092777050857705,-1.5429084108772717,0.3050044536248018,-2.4288181293952245,2.1749307752212563,1.9433905397133175,0.45608006224148023,-0.5279439143624546,-1.133026175332675,-2.2055749442702,-0.4196483720997704,0.23327443097072903,2.26993600220589,0.7011350907042475,1.5531711110745792,0.35449277604324825,0.17139087380382326,1.5178736292666712,2.0340740881945054,2.4832778137712714,-0.2815700665630444,-1.8633211474200926,-2.717897694876474,-0.6170433077920694,1.256458281132996
0,1,-1.0631052898396345,-0.21895013444649095,1.538509901434285,-1.1677814435854366,-0.036336269237303,-0.9546525958988435,0.21964955558347116,1.0331571823222605,-0.8449342150063458,0.814128688403066,0.0673528693348075,1.5063294807532377,-0.8503997587247593,-0.6839651509952779,0.7549132092543014,-0.9539721444880472,-0.5295026447307292,1.3059009460423028,0.772203236427762,-0.7250720212309238,0.2179484036330732,-0.7778249135808228,-0.03366230038242413,-1.8334769536366637,-0.132206238507829,-1.0181734851411677,0.022154671391211033,-0.46034060545581323,-1.6598785486061511,-0.8103148761012271,0.4647433689507153,1.2579073360143997,-0.15496792330711334,-0.12178350798134813,0.20020411470404295,-0.29988301438835535,0.8353831408389085,0.8640974177032167,-0.9787489070633718,0.7335440884330495,1.7426418167700626,1.0428267527821604,0.2260754628596543,1.0924293574875854,-0.7874475215821023,-0.11517056004628909,-0.06844511353709627,-0.8231103000628543,-0.19215906066659927,-0.12156458551660379,-0.06138723914015584,-0.6367575064239553,-0.11957311331403896,-1.5163733700191384,0.1818224531625543,-0.7612655587725908,1.3211058723263032,0.7753385183180009,-0.14890892380153922,0.3346881030620312
1,1,-0.39211082797789726,-1.2178946751346726,0.4169626625349514,0.546710531195904,-0.9229884507331807,0.06373550768202141,0.28667678824603804,-0.59131706147713,-0.23266982730364072,-1.820481337452765,0.3387410424862046,0.4847589468354652,0.4085257954584148,0.8613706010533392,-0.09319842391781515,-1.7535893706310002,0.10797736995241326,0.008040519618331538,-0.5139839080168137,0.451453280549207,-0.8242687491441442,-0.11121095590110525,-0.31496481004880084,-1.0705249011968847,0.14735877941733572,-1.521738914914058,-0.3131660807967358,-0.31984489986369197,-0.24066431300961444,-0.556679958134326,0.9400857078403854,-0.6669844719846412,0.7612672895357367,-0.599633237899752,1.7065348382014627,-1.1586592417983028,0.6686718641712908,0.5888553560860325,0.4326586676752105,-0.9013059101929954,0.9129199073239214,0.3267645032191096,-0.003959755990574595,1.1719506180853412,0.25606801582782845,1.3070349359447804,0.8937187021539138,-0.40281074310534126,-0.04798151892844282,0.027700759981239238,0.1245274660904039,0.13063904839831184,1.4989052229237783,0.7586423237620483,1.0510810833289341,-0.41097076068854893,0.28232619003984144,-0.647251219238542,0.6849552729570177,-0.06859079081824171
0,1,-0.41465373600482325,0.5627854612904661,1.5776688013623763,-0.45904962120073545,0.1408906864861718,-0.8942766385886947,-0.8911079480174083,-0.7375484680388668,0.2712129833202744,0.9012975952031489,1.1595251795726442,-0.9883154424444748,-0.4774655457810207,1.0961982625416107,-0.840288912487627,-0.08805862167189128,-0.21189754363776048,1.045252014214161,-0.447005898217272,1.2571976116427317,-0.23889568851305207,0.7204617479425015,-0.3665925726536376,-1.181320178757649,-0.9846530665402426,-0.694353368143464,0.1022893923359468,0.45446562120959166,1.8139987682761383,-0.3176036429136198,-0.8902246101155168,-0.1085902826141525,-0.4100962095157567,-0.547280290324391,0.5889436406447791,1.0621896517437126,-1.2861511028481156,-0.8286556364418916,-1.4210238815082497,0.7368005894662709,-0.358516250696457,-1.4394357543625198,-0.024166794613125958,0.48074992634182434,-1.1281885207868252,0.985112779825382,1.5591370109353768,-0.6913658430952615,-0.7671317390780761,0.06657885112503285,-0.02361492553698667,-0.023703169079706116,1.1977317882638197,-0.17283648690188508,0.708198810697837,-0.9154895091108656,-0.8016088301325571,-1.8406360991524924,0.10796938366686623,1.5527272213888237
0,1,0.9181186462546168,1.7707088338577364,0.49853269115387794,0.9602655289276598,-0.46355957811184306,0.20634148992070875,-1.0095678839044928,-1.3792020970005299,0.7187125587051784,-3.2882121089162384,1.1804750770529144,0.3152819271038511,-1.7299083510511697,0.3004915305581501,-0.0336667206612055,1.6857561242583428,-1.0626588597674453,-1.544384323035211,-0.7354363512477228,0.1863750188097541,0.527123481495647,0.12090985373527915,-1.2694669333783737,0.9236968313158694,-0.7537682444142457,-1.0667565662231748,1.0286879959789095,1.2949422336705307,-1.0144281232629693,1.463387034706326,0.030154810422960084,0.14193785046812765,0.02886203203696189,1.0472912660008618,-0.24993936719351223,-1.7712520886363055,-0.5024417289678548,-0.5406826070193695,0.9748456333248717,-2.049673253969867,1.53083076415188,0.5816364272368931,0.1264496624884783,-0.003758009976669331,-1.258956068284803,-0.3196539484708721,-0.0864392025511257,1.056446538333766,1.1810160012591007,1.564592006196566,0.14411354525246856,2.021061059089572,1.7379554032721451,0.9411826906582271,-0.2317611405730864,-1.4175350133091067,-0.8772487326462988,0.23626116651364995,-0.27448464098877434,1.0572680039490974
0,1,0.34809327044843597,0.7719771240364914,1.5089036003465985,0.039071556296094025,0.6954570898862135,-1.1574094862542061,-0.2664551919983948,-2.383352542695388,0.5566871960720311,-0.6670985039057623,1.0448564753948115,-0.3609133120189655,-0.5435570231780491,-0.3504388541899828,-0.6119465575116854,2.37296798796466,-0.5838221611791066,-0.12398689413911058,-0.6652516768695178,-1.4195390056775046,0.005215637506434297,0.671900149720187,-1.3166314882384345,0.7843899161698085,-1.2897984176005712,1.245612701202426,-1.8063391343171074,-0.2728316775050144,2.5463221597081005,-1.3683837299694284,-1.6666818336769023,-2.2711613562533075,-0.008167473045882216,0.5119788098282906,1.194192110518858,-3.356958442236307,-0.35116168207768184,-2.3629698117413676,0.4262791450598281,-0.10748556039354652,0.4788266139974808,-0.7973531383743803,0.0784953743872534,-1.5717299671822254,-0.3731720110335098,-0.5208469149823656,0.18735050844471718,-2.805309245701486,-0.5199876082061722,0.48669963052957355,-1.133264561234984,-1.4492368378047025,-1.6394497541902502,-1.2468926604778194,0.8788035810637231,-0.10518650324408045,-0.14865526103114918,-0.33874401348483585,0.8202551816439438,-2.5924412534434578
1,1,0.08585216648383891,-1.666830040088993,-0.8277128250430175,0.04635856470867102,0.5891399904206952,-1.140547862260779,-2.7927263509086395,-0.3857239569390558,-0.4133779895078269,-1.6392967763995783,-0.3578899080056468,1.0060109946408433,1.0756328101926107,-0.11635750795437283,0.13815287092429465,-0.1191490315876173,0.39599233883984236,0.5543137425370223,0.5785443045454431,-1.7325909927925933,0.8536194340052883,-0.62741220960573,-0.48779871938003067,-0.1506448124593021,-1.0718614790099006,0.3758659142449037,-0.3096568316416609,0.9114806017547683,-0.09138170186080259,-2.694870322441968,-0.32060961491821727,-0.09313664097582663,-0.8192974987319843,-0.1497791297415826,-0.6631403077555169,0.29345918518819264,0.9967959310972525,-2.5936671847023107,-2.5686547872750425,-1.067880229156704,-0.33507932018325476,2.508192943577982,0.9597664848653374,3.694561642990304,1.4628006798136113,-1.6380467589379692,1.4050192518736948,-0.4026748893860022,-1.4706847975601598,-1.1861941805669851,-0.804016886464091,1.7820662612447291,-2.9314327371002307,-1.2269714406294046,1.2553938645495386,-0.8601090382852048,1.69264575954202,-1.5369692544483182,-2.4504098142184225,1.138839234097824
0,1,-0.6042237850467,0.0631055157406625,2.2166353019897462,-0.9897837040969134,0.15182907264277412,-0.2996194663477533,-0.8976999608171083,-0.3142083951334151,-0.7019361991200865,-0.9955206725809833,1.1852470727314146,-1.015506209665093,-1.8582886330060717,0.6977987548718015,1.9388855111202303,0.16002482279545788,-0.6828891735798345,0.9453395783580097,-1.967828323946461,-0.5412852900252733,0.9573123036539174,0.12291312711105677,-2.2525988463239184,-0.5279554737487552,-1.853337810130963,1.5277734980297004,-2.7231406030594507,-0.6006853671448665,-0.3608109690878744,-0.07794932708847994,-0.6387431938590925,-0.2831085114263321,2.2240716283523407,0.653065793301036,0.1921062866134897,0.2865775537927113,0.21768134048477955,-2.310690425249276,2.516642692262404,0.9196217815478929,1.7786893211101455,-1.1692223431870623,1.7477199845531342,0.7870641326778892,0.6511742897796393,-1.5152372669342924,-0.47344690883517726,-2.0465621895703783,-1.1135673520182312,1.562399684900447,-1.6979093963989647,-0.15887727620152575,0.127144656131478,-1.992149489196538,2.1982390095058055,-0.613023509281528,2.278077089433765,0.04956767343792027,1.0626339226948482,-3.118347364901555
1,1,-0.3997699805888417,-0.3589110910555654,0.5367113922250109,1.1254026932110825,-0.5428381129622262,0.4315647997197842,0.2555202591693186,-1.0353119152509405,0.17560545669412148,-0.08585842182837827,-0.8757267821800382,-0.960028673857223,0.46067203699260073,-0.10970782652376443,0.41367821418240963,-1.1929902191335537,-0.9768491844490229,-0.07065576783079436,0.04988586264545789,2.1264513274596224,-0.17296819734042898,2.507509753228868,0.2913888108839366,-0.9530472791559996,0.3165783014422984,0.8973406421729214,-0.3737055517803435,0.5520362981964204,-0.7529879482854573,0.6693277798751569,-0.5345644186326945,-0.21065104554199304,-0.2002294764031423,-0.27585932044297595,-0.13041676383499287,0.08307422039711204,1.2071491413294635,0.4473326029261578,0.5649341111425469,-0.9562822904017024,-0.5162136543189593,-0.5840210838845628,-0.8770072003112748,-0.27641278347201,0.09913076728559467,-0.39772347905988165,1.491960222742708,-0.5015558365405656,-0.5942231242377104,0.07912408361625661,-0.28038590590161594,1.634561894088708,-0.46483464907119326,-0.5035243329353165,0.030665866660080733,0.6937878241127238,-0.2888404259414584,1.226079354648634,-0.04237277465176553,-0.5115694647363486
0,1,1.9167057566854202,0.9908162456571737,-0.33260252208233393,0.01250153036527715,-0.5092025084461788,0.8937133449597439,-0.6054056555117324,0.9629951695473714,0.27776317875855655,1.4100287461747754,-1.4223630844621438,0.2769954735198503,-0.38891855921596336,-0.4931278903402229,0.1266884982484985,0.14773066008972338,-0.14830051106233436,-0.1308745247501191,0.8988747407151274,-0.013019860203321021,-0.08695861226145943,-0.21949392917749994,0.038123028992596675,0.06804303521480781,-0.9298149387013508,-0.22645767725450155,0.4007605426453055,-0.4586546130514647,0.9968909577733829,-0.9223163880133476,0.11793300783229076,-0.4247894261105031,0.25159284053402925,-0.33453624378018987,0.598716815068036,-0.2255847821536134,-0.10594894631802897,0.03743857417060574,-0.836378160701222,0.0494773403825777,-0.5298672606864937,-0.17435743250088764,0.09498931051068975,-1.2258755032932063,-0.15228784875353177,0.8023198357410418,0.7766141367523897,0.16019013937405974,-0.21194948401863423,0.13614862005023323,-0.42636800818769516,0.08143649125220177,-0.4046606981451769,0.4138423092373631,0.12141416634723934,-0.4578493672158134,0.6850128097779388,0.5832767134081276,-0.6256183364773223,-0.6195199394849825
0,1,0.08023649723493494,0.27913986375676864,1.4236970005051899,-0.24591809575254242,1.246144582574668,-0.004553672127516674,-0.5029886755392844,-0.25418437594629023,0.547302786791044,1.7091259951668838,-0.7322591986146446,-0.15535606330916507,0.5894864468136257,-0.49220953369437154,0.24592573143803576,0.97640539783173,-0.05043441325092341,-0.47422976209021683,0.062496345578714474,0.1466478340766331,-1.161335894362187,0.042522805462585044,0.05177573349744951,0.5770880344964427,0.03585890632637453,-0.9404461580766016,-0.5999545338731572,0.3540291270477883,-0.5638053247725248,0.09390929492571716,0.44282682059780176,-1.0756564489852585,-0.23351420591038047,-0.17313783709886627,0.5708147712008954,0.4492563264914496,-0.2224722288678385,0.8363962813990232,-0.49774108464755085,-0.6229341359028753,0.4328856676486968,0.20340702871875993,0.865208640294308,-0.5424371328670006,-0.5658937000239931,1.2594350034589337,-0.7456338455881415,0.09018325092016234,-0.5659470120094755,-0.1732540816967969,-0.3280804300209158,0.2061788366450292,0.4210472653776089,1.171228775857336,-0.0013624783491120033,0.3911548544370096,0.4525705748948342,-0.10255399819061485,-0.7157023317667845,0.5472677191774975
1,1,-1.8098861273328457,1.7025130256270702,-0.02205772791005044,2.0834023562535195,-2.064988398625976,-0.03907804932924247,0.9794130378236077,-0.45959785929699964,-1.9105640197689515,0.7199219363215011,2.0362863034024095,-1.5301044410900386,-1.4316429360854634,0.5902090726066272,-0.225880412738009,1.650641863607057,0.9215194124486961,0.5582790899466064,-0.6493014734318016,-0.6381335519620518,0.8636836825230254,-2.8358739716135903,0.5704360556175332,2.0503573370154413,1.3514894501584407,0.8605755661709216,-1.2174989629053719,-0.6450436907190383,-0.4376958339752158,-2.1459657014549487,0.23774749039696508,2.3573511268472678,1.0137795319846776,-0.6542696246840889,-0.4994516337834213,1.4927943863858366,-1.0467436121212481,0.41905191064176067,1.985159596091882,1.9336131935068268,-2.97739612180869,1.1280586272900148,-1.3419080211387602,0.320691787872818,-0.5014158533039396,1.9687533956174443,-0.21547389083494004,1.6698627063676004,-0.2419816314121496,0.3888637402030535,-0.3875480599323675,0.9992986284397555,-1.4089007393230002,0.30525141706864173,-0.6566733982966309,-0.29741851140513215,0.5676511475041132,0.9804904788841627,1.3366745866091632,1.2320997223304242
1,1,-1.0395897513381689,-0.8635877725355184,0.3209359070745116,0.5051255992393249,-1.8676986617432643,0.6684196862136329,0.4280480269512021,0.37162412967319086,-0.32527139117463794,0.22357155567876782,0.772525690644654,-1.3810786183409247,-0.3652058276383674,0.5985217981099001,-0.6625477241766119,0.08253562156374346,0.3068555979077236,-2.2837447134475153,-1.656777337677926,-1.031636071031736,-1.2318852249871086,-0.6213914147619929,0.944506442178872,-3.3181627338065915,0.5113971878064039,-1.6529389964526775,1.7164278099529615,0.1519628770036617,-0.0458668017960694,0.5455622433539011,0.642070716142051,-0.20790041799049142,0.5865500885523856,-0.09288510697110264,-0.9751067620449594,-2.048399324452928,-0.02713326697324207,-1.335658154409788,-2.650500096295915,1.0654785169431582,-1.9961445233658368,-0.7559672061195197,0.23694515527018312,-0.9069515137791555,2.8157586956821503,1.2104435250977004,0.06482633178424121,0.7393803971372758,1.8129175765761492,0.19117587663069127,-1.006604174548173,0.6507789948617462,-0.2742215201911531,-1.3518492429630529,-1.077887052315901,0.5852098304504701,-0.03409859331229407,0.5990623645499767,1.0447826849340656,0.9744608081466052
1,1,0.2390618563054025,-1.0952137304832639,0.391682156209926,1.0820465633918133,-0.3974700268306408,0.33291511982578,0.5666357522026795,-0.8501057475457611,0.6688600056745437,-1.37441586091749,-0.3550198841339242,0.9281427986082027,-0.322800340048618,0.2702789537817674,0.2803866063349702,-2.123771495096714,-0.47903387087436244,-0.11663449869436864,-0.450611056260605,-1.0308565363444788,-0.4762652842273846,-0.9890542914921767,0.27326549640934383,0.14729364436212544,-1.2731620322188495,0.28067807037171255,1.0170555298501243,-0.21970672470042535,0.6676643303277173,0.5664753880622069,0.13231297539549006,-0.6747211283044718,-0.042894088261093886,0.8899686579745542,0.7334430473188943,-0.8063074944183122,0.32251866585587396,-0.523229147105897,-0.9420284298308138,0.7046418830020028,-0.18234097662373724,0.3018281118684788,-0.0321222076420923,0.16602167223921946,0.1375410120037332,-0.07904461773334014,0.14125344402409645,0.08765287855857389,-0.4857908948458152,-0.14473966136749705,0.2708058991913295,0.04977749779175546,0.06849499874881308,-0.06505633557982879,-0.08418415219279499,-0.3231555146744221,0.5121160703209187,0.5759401791558069,-0.9544272493664481,0.4734341552167143
0,1,0.061204703313762446,-0.03698849729912555,-0.9825581331290093,0.5338614536586757,1.383198089156462,-0.18396729543602258,1.0995104728186225,2.320804997222265,0.254244906103138,-0.5058422637935434,-0.06060726266938649,0.3864552949527551,1.2825613798239317,2.459963824608571,0.10252438040173315,0.3368274017568461,0.2296532979515228,-0.5869390521149332,-0.08011398783427955,-0.02981142327669468,0.32827747570316856,-0.605381965880284,0.4863528086456933,-1.7852010816904404,1.62153063051804,-1.7729029426732419,-1.1551944516234056,-1.2089279431871809,1.3934029317711656,-0.5112631295906832,-1.2288297142014677,1.0839158047876218,0.36938161448302814,-0.32896224589723877,0.2661896194212755,-1.525402785563292,0.005261803429550747,0.5088556870960105,-0.7990599690766254,-0.44270864329601367,-0.10188241406149234,-0.9375146542469731,-0.6904576862053752,-0.465948840616457,0.40385852219533463,0.05075825282895697,-1.0655049244374175,-0.9372534029916828,0.21371683060604107,1.456428724580998,0.7576325018581671,-1.0829996832433142,0.619260373388584,0.5837423798613072,0.19753935988523832,0.44869546354621365,0.910487907799206,0.7362167063745049,0.09990463110323097,-0.3854548515572703
0,1,1.8430697911018592,0.5642350730216416,0.0034225771247338413,-0.46403530669649595,-0.5654582543537812,0.8304556650013192,-0.9449247179379509,0.42457624770923685,0.9490223395356808,-1.307518919271298,0.03196696010229949,-0.5012599501982848,-0.470799159879393,0.595757612850434,0.6810614354542959,0.28461945475215483,0.12052520030402494,0.6095723137453377,0.09906682311800817,0.3049968824475455,0.0400678135250309,-0.2873802560341162,0.04482788892596628,0.4048998038028528,-0.13163356963331327,-0.45408736622916385,-0.08915397736964356,0.7333559562411364,-0.8521886727424217,-0.40307648668379037,-0.18324688014222124,-0.3966688330938717,-0.3060279177738858,-0.04832424540066917,-0.2184704464741577,1.8641127361054228,-1.6079692119134674,0.34641305617253837,-0.3491130266169166,-0.6066542248760569,0.15076201084579177,0.9300104036021705,0.1368414648755261,0.003989833411393561,-0.0905391808914952,-0.1845367995424431,-0.13658825050866055,0.17625003874265313,0.6694632510905837,2.127435924008584,-0.2808309638385847,-0.08247486235380826,0.3618157565101136,-0.6500618748332802,0.44929659157407037,-0.01235307755134949,-0.6246970852792672,-0.11645380358305371,0.4091094767384083,0.401661895103062
0,1,1.8446333319227495,0.48892598145454147,-0.3604981209268029,-0.3543156664984035,-0.05766570159086584,-0.4500978612779831,0.6973917386399359,-1.4655117098801285,-1.2993638280606294,0.43276108603156344,-0.22902781907478928,-0.15644377485706454,0.018103010579512854,-0.4327084783508307,0.32786601090398626,0.24200098300123624,-0.7201670631962168,0.4762065953084261,-0.24413143390365422,0.35178047512020727,0.23347399228603657,-0.45306538413268843,-0.07344556626670316,0.4432531586686971,-0.1388354011616646,-0.24904891144959876,-0.5154777371107886,1.440585449872939,0.10058054064449368,0.4118415833217505,0.9547845126561848,-0.06899651446920203,1.4169703429654539,0.6567913394580461,0.592098254809332,0.475715745182287,-0.802519391405828,-0.41109334056616414,-1.3665926009263498,0.013120972893603536,-0.15486127752859008,0.06400239147617774,-0.1278224027893705,0.31175756555492107,0.8703852801565668,-0.03143267916771998,-0.7669975770168064,0.1526362043509881,0.2618318910743062,1.73990108563603,0.19394135535228554,-0.11252105565455633,0.32023181481522517,-1.234607407955845,-0.37139890959001703,-0.4133119848847603,-0.002560936754446997,-0.24274502894876637,0.833772727780134,1.4424381879047534
0,1,-0.6101495710595225,-0.058743658313077776,1.309147936263333,-1.2571353954256044,0.43289008068549917,-0.9876901292484408,-0.3149373704693737,-0.11476138276077442,0.10528466639367418,0.11232231269115212,0.1040400260215321,0.41848802665619733,-0.8349891403785523,-0.07189469294302177,-0.10066714283514734,-1.2503833879321613,0.2890573455257052,-0.20750508651190527,0.5052221874915327,0.856824361740548,-0.13803093926964094,-0.8316762327344522,0.38643697081392514,0.19479115403019961,0.7806469869518566,0.18703188286654934,0.37424170697684866,0.020992903657578634,-0.08556586407129863,0.18747410987603394,-0.3377358839860792,0.989053864976723,-0.5167817689533538,-0.10820832045778074,1.2004567634332466,-0.2688768319285358,1.266210991418108,-0.6475775193465749,1.8431251008496956,-0.222593284681073,-0.7039775374869316,0.9135717611965768,-0.9643212175919581,0.6816035969736313,0.48715761551168313,-0.45276380689851686,-1.9518554974680626,1.7933667294994355,1.1515321255637943,0.20144347975812332,-0.33345719876458735,-0.5879323645876627,-0.36617739231170443,-1.1718561268123853,-0.047972433180121406,-0.2697670692711446,0.9458589126789523,-0.5109252205630298,1.4640228478031065,0.9040932427335006
1,1,0.3010989612410019,-2.8234637641688374,-0.4977665597396245,-0.47266911140717466,-1.6306096971029755,-2.5210896971095567,-0.07031832590829573,0.9219531098734056,2.799019867221122,-1.3245146358356603,2.4783446917595553,1.6590209478545166,-1.3719997085354636,-0.546860811115382,0.13247624694562715,2.0737050210966226,-0.058018050428353445,-0.7712329029581395,-0.22870503923003013,-0.2448656942380123,0.26066619844851063,-1.198911608227179,-0.4637529101174217,0.14595218051220618,0.6344063379412275,-0.37408732251581256,-0.5947430283533626,1.3588660954255976,0.022437865953104333,-0.5322724193585942,0.7719049640336786,0.16945137285593723,-0.30522294987790155,-2.144747514824306,0.014071849783666955,1.508012376975192,-2.390852657374796,1.0491631297788415,0.767556688714552,-0.706494276112456,-0.712133564521857,0.2806378430384041,-1.8210849162572078,0.40186800165236686,-0.2381087016383621,1.2340289393365487,0.08868703595725222,-0.72295211653236,-1.041733823711856,-1.0520090197385374,0.4317698360007308,-1.8878294828087723,0.62595292323843,1.280913779360643,-1.593574356248446,-0.951562746875357,3.0047786360819275,-1.5496608540476398,2.2343770052156264,-0.11322044833299878
0,1,0.7709720653057661,0.14333241397856303,-1.1898576855603387,-0.8505309944921645,-0.9889201298669859,-2.1775897173349135,-0.45134063109595196,-0.0053029004999688555,-0.254112835150168,0.9587164379373273,2.108053588350668,1.2786218605727997,0.9042561112512604,2.588406892840804,-2.5098452186015785,-1.7080729571818476,-1.9023161080696338,-1.4723043047683528,0.23640220468127374,0.9769638613738175,-1.205636648564045,1.351302007100993,-1.8349795228784067,0.5167197309053908,2.468876456784062,0.5461721171485081,-1.099852570591397,-1.449844441172777,2.2104967461964367,0.25720701529180046,1.0866938216433129,-2.9339561924938606,2.089211869367418,-0.9549595691738062,-1.0819332239599726,1.8459062948865785,2.208793316117752,-1.4511051998229423,3.7823759098300367,4.577351774060202,2.714949937139868,-0.17080595223984052,2.248152059847167,1.7785395988304442,-0.23788379138776988,1.151785922858343,-0.2170558042979042,-0.37095511742112575,1.2505593623534377,-1.3667384623814383,0.2078943161839385,1.3828966310477369,-0.8680135475556224,0.42115781839212973,-0.556206481185497,0.8818667572748458,-4.303264980996885,-0.4392623810513123,0.09890872067139879,0.8759811033399433
0,1,-0.07261119402439681,-0.14439278985837287,-0.5627390973617012,0.2623528569651911,2.0540396703050203,0.833167744920461,-0.32431836656281493,1.137854833056872,-1.983386827705311,-1.4723551930408045,0.15357740585265925,-1.3182069087818566,-0.919255310386345,0.4988013135065796,1.300653187788933,-0.6264272130546461,0.7078648860247422,0.592262243695929,-0.43539174764175165,0.2313223830754751,0.36692319851063226,1.889107147410568,-2.9248539774347786,1.6377788428984512,-1.2502872076474316,2.2718135556642416,1.0163565711310938,-0.4239737258892656,-0.0518554649665629,-1.2580334942625286,-0.3654558137879159,1.513177369933698,0.10795229447275667,1.1619354483091535,-2.1150273133765776,-1.2627322041745765,0.4284107648586049,0.7928751618664298,1.2238705306172117,-3.0074489154830957,-0.26623272410729315,-0.4158991027756149,1.2185128327197292,0.5285583679363564,2.7718136478839925,0.8615417268765926,1.0253309124182046,-0.040258239469619865,-1.0443406473741068,-0.5010779054904755,2.0590994232522357,-0.7624645280780797,-2.8841308612257777,-0.7195056290374552,-1.982139133342741,-0.13359370592735123,-1.2536416819929455,2.2134566402972635,0.9277109187238747,1.8709032162536516
1,1,-1.4985279154055895,-0.045881159250184544,0.07608152194737712,1.2050697390207057,-2.8770830421311113,-1.7642756851484647,1.5496964940674263,1.2042766217982124,0.33663494967247287,-1.4088552431375312,-0.45367550381271265,0.7030256252146433,0.14390929047255402,-0.2677211454998598,-0.5774085474351486,0.6991811777913342,0.6427404732772445,-1.8183132237495938,-1.1449533635801912,-0.43696954582502745,0.1672587486949714,0.7681013771533138,-0.19087848315171077,0.13377997070084996,-3.4519946148892937,-3.091693810847523,0.9476614894849672,-2.068123856191881,0.30779916796962387,2.288456058737965,1.6312298750054766,-1.5965708379917491,0.7909186790342231,0.6892933068058883,0.6001485212688612,-2.673538264100188,-0.3174011382931945,-0.4125343847646964,-0.3218225010589657,0.5404966690365545,-1.238272493516153,-1.227803559629167,0.7925221106746204,0.49834839825834426,-0.7956555846409018,-0.32028045040951036,-1.039484311060824,3.0036264506918697,-0.9387374954215763,1.5249843021196907,-0.16915423804343896,-0.8726588678867566,1.0445377291936933,-1.711379326849945,0.5957011620244147,0.7907094343262668,-0.02334888488701439,0.971870594380283,-0.4139381975404612,1.1097030086186526
0,1,2.183168371046567,-0.25416345670679913,-0.3728102774166507,-1.8102764220830272,-1.414430293633346,-0.4257864038456368,0.04279247789546551,1.1359888193769272,-0.16228924133217162,0.09093476262897277,-1.4363598489493943,-0.8153577939008668,0.6112225767561723,-0.08303060891030696,-0.15789321042732546,-0.20636980922130818,0.2016704377432938,-0.7232865590412207,0.429693832819942,0.22465026438316818,-0.09432370636776334,-0.9618018632434037,0.45194223973138814,0.22736293184376438,-0.019809975856736602,1.5581679211718285,0.23384049191012476,-0.37282641674296013,2.1030323418124506,-1.2099119864395924,0.040555407293488735,0.1679155528950578,0.5432883174946531,-0.5871855561522878,-0.7584268106502517,0.7070464057443029,1.4465850354803287,0.09721584597082775,0.47636605000270765,-1.019377556451722,-1.1602995128645497,0.5870564448261101,0.398950477401123,-0.00948903860520953,-0.27382919494226604,0.18370088471796642,-0.8723834013618474,-1.1628700359186006,0.3122870321499824,-0.6537526467415301,1.344367230105814,-0.8867431719878938,-0.5015241557359094,-0.09818194911719558,0.9563366403261719,0.6897529806679911,-1.9097166528350153,0.5690262330123513,0.6661023833161118,-0.6627781614194685
0,1,0.7013293078920474,0.010212573919510989,-0.036734675849798185,0.4834140564390341,2.5413299510230214,1.569972076136486,0.7217375104444087,0.5213863397257981,0.6125396811799504,-0.1955672457062801,-0.7400119081050792,-1.7510302586477615,-0.2581318508455584,0.08176925963797498,-0.3770673281225641,1.5282813987184347,-1.4901961129696137,1.0104071317225525,-0.6295788042438978,-0.11413899524030337,0.7801887643781318,-0.8666843249702404,0.009221044964941081,9.004780982588631e-4,1.0160203099428498,-0.6214556362525356,0.34854291508756696,1.5732056953814137,-0.24641748216124795,-0.996841602134224,0.21562671513540307,-0.5470200368507103,0.18547314191801856,-0.5169985706876727,0.026868548089245426,-0.5953406672763101,-0.5404870639567187,-0.7547078629407579,0.3681070229181252,0.5030312932013081,-1.1027956024201302,-0.3166338714989151,1.1078785189921532,-0.4064422308130498,0.04747243237806627,-0.0752926716714304,-0.5200030984926491,-0.10561529264981354,-0.5926307716898717,-0.4006262466465069,-1.6269186394821618,0.31222289038225876,-0.8006437969755368,0.24280302122347025,0.7086868208991299,-0.5497232736468193,0.26766544833047995,0.9441424901682082,0.7912603753306325,1.002703032443512
0,1,-1.1711965037593384,0.46125330616581045,-1.1484269260798832,-1.6587532672116825,-0.4363361448423716,1.1253473091183255,0.5476456614172994,-1.0992120933610414,1.1611266156117666,-0.7859092271464259,-0.2037538734419938,0.2892746299034615,0.2011311608551677,0.9838138153845065,-0.17015858017971788,-0.045079158505499116,-2.4037182137286095,-0.7036105044484461,1.1706798370338067,-0.8181412819039465,0.7327494895429649,0.8013849874449152,0.21072119297416042,-1.0527238972542396,0.04421751545572097,-1.0360147129600836,0.4510740899961939,1.2578326369576827,-0.8711126041535797,-1.5364103878319788,0.12025069978680977,-0.736754437238844,0.6346638471447356,-0.6194759669473594,-0.05452911607303222,0.15207706552564937,1.4281389451625575,0.534338240626644,-0.2875346192053463,-0.6960035593746456,0.6652296121266055,-0.2115721077238671,0.013354798321899888,-1.0173775283816118,-0.27365555956821574,0.31193072418686396,1.393757419216957,-0.03276001288279375,-0.4128242670955713,1.574033520434945,0.054031701405888075,-1.3985999991848987,0.34279427035375115,0.5768577946398036,0.1686013845908263,-1.1190529330745065,0.4556707885019843,-0.1310462411400542,-0.10288144794704283,0.18333694847969406
1,1,-0.32844402348270585,-0.9850783169019957,0.44780872227900814,0.33786002934973086,-1.0701329852636745,0.23037677512838595,1.3179488527295622,-0.07354275758192397,-1.3380404551954743,0.48282330682680874,0.15257295922246134,-1.2406488706504968,-0.48278060563704617,-0.20492300173589273,0.5140858983479438,0.2017664616894156,0.6269713458362118,-1.274981705974711,1.0317850483071687,-0.37097373951415863,2.1619399393222376,2.165021246388812,-1.330978648960615,1.6600136607911553,0.5590135927238106,-0.8678949353704133,1.2791711410178899,0.36899226382218103,0.2541444792782519,-0.14437471620117978,-0.9520947293519681,-0.9264580668436001,-1.7654877193699348,1.2748053253672003,-1.3809619354368903,-0.2925572125955916,1.1876365612052602,-0.05515476606206442,0.4257487127664633,-0.036307541772667845,-0.2433574402328482,-1.1252505954943428,-1.1433981747237565,-0.750732000989824,0.6703218792398926,-0.32217272327984664,-0.26887082662968276,-0.08142038638167635,-1.3594937342209878,-0.1637449588632157,-1.1923452379050046,0.9215358201054843,-1.001294258513336,0.3100022346922627,-0.9088964498627513,-2.1166622276814597,-1.1975319676916594,-0.9304584712036164,-1.8567836268939968,0.5942472607009968
1,1,-0.634800237998186,-0.4623959112855369,-0.9692155855262873,0.16298491999294273,0.48640825079053995,-0.8083525505511924,-2.92397853682989,-1.0458489452465554,-1.1247243516632865,0.1353597741226567,-0.38080393486847863,-1.8546318956226293,1.3022325119465374,0.37108691159333596,-0.05857945965102514,-1.2065577209897242,1.0456771463756005,-1.3040878811611227,-0.9837911700606999,2.0676340690743253,1.8879546801001137,0.8496256479584369,-0.3175344110847601,-0.3877138796735461,-1.0102230295810366,1.0287469134999019,-0.04823636908173187,0.31522245647615577,-0.40845404050533785,0.15238635820752547,0.7917552374896634,-1.2153452276283503,0.041244787853960685,0.5394752775218775,0.740839540133365,0.15860603610650936,0.7355939503891723,2.0140767374573683,0.39513381210677595,0.24601596227985736,-1.3181395336594028,-0.8170955038600427,-0.9795322061675648,-2.0903882045833235,0.9890517532103449,-0.41570215755435663,-2.1690389612148384,-1.3635570686195206,0.42825078823579954,-0.5243881556503006,0.8935910163301974,-0.7561582260548655,1.8465350295311436,2.745518703706219,0.10509425173813532,-0.4927614078972077,-1.2093886299341898,-1.3904847014926796,3.0414269775853713,-1.3100216726125313
1,1,-0.8020314376383622,-1.3564405638171124,-0.3979122869733562,-0.7352296432683463,0.12047501172055633,0.38659407827943715,-4.667638368655836,0.16355290372400166,-0.5765379413446466,-1.051565134243301,2.970962949463145,-4.995552070621857,0.459114777918899,-0.47411263321672226,1.0907823206094975,-0.8632886133447162,0.5208174596807271,-4.097140031807279,-3.5098514994722967,1.3075393737607381,2.9385564560200357,1.571705320599376,2.3175655623913936,-1.5853831416583564,0.22603028713146583,0.6750544216366244,0.3556046227458489,0.2500664556536059,-1.3061202502537286,-0.3958604475383872,1.3142556733820319,-3.235023148938668,1.9866389934005981,-0.411848453204663,0.325737734601659,-0.34140080326592714,-2.825645603799942,1.3625984860187506,-2.0198302451334373,0.14970729161431337,-3.0568966980110397,-1.267012412189759,2.810303887594306,-0.00787131377805804,-3.53210359406096,-0.8073959334144976,-3.4537022141503706,1.1068741753483249,-0.4868971393950507,-2.7380376164497,-0.21183528908414653,-0.33080735698295766,2.7805459843339206,-3.0653640826375694,3.085447762873099,3.4134104556664306,1.8065907088900068,2.2928130507795146,2.9971560484537423,-3.4950816679184906
1,1,-0.5525925032261905,-0.6476067723661698,-0.0058084585126745745,0.9519629795541311,-1.0625001598748385,0.2939435035216087,0.493162408522328,1.041098361270057,-0.6855490381620892,2.2290938135873892,0.4864165118783116,0.2639382850162151,-0.15071559413473926,-0.003509849378900979,-0.01498569765941103,1.686587573013602,-1.2025962185963162,-0.2307685399246296,1.0162765774945786,0.7131488187100611,-0.15183118666401074,-0.3963351126346502,-0.13253672600796346,1.3009310673880807,0.535160050866133,-0.23109642874532643,-0.9815021234766387,-0.5358765194535448,-0.9518264792465063,0.7173233370853243,-0.07172032425593847,-0.17337098137949564,1.4452157960752638,-0.3801539339216899,0.6360872728488138,0.7246759677306724,-1.005801318576451,-0.7071357772035051,0.1214521967846097,0.7704148852460834,-0.7347236551950319,2.3446108152557175,-0.9267118181210222,-0.8057159968444256,-0.33637068037643864,0.7197187902611861,1.846229718618956,-1.2640776839480357,0.4290586642564592,0.033332884252436315,0.19572716946648178,-1.0036706567001643,0.04533730793634278,0.9990255190361714,-0.3473023546549657,-1.1935516587719635,-0.4341096990915246,0.7892663215642531,-0.20826848121247157,-0.47283102035867974
1,1,0.2819868004604186,-2.6354786014963794,-0.16374964647378284,-0.2599917952654479,-0.7347802467058004,-0.3449183121954067,0.2025230968636419,-0.05389225080780633,0.48754291504971853,-1.6574457262703872,0.1741411126668693,2.4208014849117268,-1.012102981276615,-0.9551391386321769,1.116647776299255,0.32699804516534176,-1.5639723834345283,-0.5899043219113284,-2.13338738831551,-1.2875163262320695,0.07233005965749936,-1.4635623102336242,1.0904831286520715,0.714662806502622,-0.0019917200662861565,1.3493429922989468,-1.7825978428583151,-0.39322439205539933,-1.3464278707070887,-0.9283747841414417,-0.02984708626504972,-0.5839887937483534,2.4059424204592594,-0.28629990053250143,0.18395759545990886,2.2697430570118335,-0.3102585308555023,1.9123265488719474,0.8215661085220758,-0.38286455545328796,0.309446935648013,0.7858194497423923,0.2510271643516068,-1.6736315582352597,1.5336062343559609,-1.221203581120567,0.9920609590196866,-0.7706970507227635,-1.0047780882770925,0.09124361811729122,2.0511726991117305,0.9839317779280429,1.4476524815703657,-0.5287976212500539,-3.4717855581533366,0.12878541649892508,0.9598714981617791,-0.1579397064263222,-0.7909741268019643,-1.9090111689982556
0,1,1.8050995765406623,0.14008486729483705,-0.8009530511920746,-0.034112050207019295,0.16566159851766357,-1.2155681879472253,0.1656560685125688,-1.5918228986186387,-0.444545709051367,1.401413942043106,-0.5931193886250298,-0.23367326689332885,-1.4982305090413195,0.47758922824524946,-0.5564308781173797,0.20389168144060477,-0.7500056177289248,-0.7959466452636126,-0.01884935536547684,-0.20026029762171965,0.09696842691182239,-0.6402053834019232,-0.4381601271702929,0.5589850197857769,-0.23276729783928768,-0.5427621406936772,0.8126806980745281,0.18996785844514422,0.19457662462485878,0.038690693815556614,0.5114861513674883,-0.3395550125667154,0.2953039062370199,0.7457800622020629,-2.132450544193732,0.5451889928297364,-0.3083760004041119,-0.04857120821412849,-0.9349741571095663,0.8362658992976242,0.588562168402397,0.5288406289551187,1.2015530267398298,-0.4791386157998579,-0.698590012982694,-0.5009342475600503,-0.5451079746287327,0.31461569750518836,-0.017863035732225772,1.6716015781942912,-0.4110076297771962,-0.03896573066036656,-0.3984051042206113,0.28645054960846283,-0.46124648347248287,0.8232605752694891,-0.6440832211098896,0.36709972589675033,0.3745614244154528,0.23262547311688098
1,1,-0.60876797446418085,1.605179794711462,0.2672076725117776,2.3844939120499515,-0.6390045336030743,-0.042828571804001264,0.42118151613038324,-1.660696919893509,0.577043167170586,1.1630968077855708,-2.1116574905079153,-1.0502351400897074,-0.8944382645656513,-1.103626457589965,0.2725613677764046,-0.2643147176810409,-1.4729470057304612,-0.26084981173483374,-0.0012937044670105733,0.013630724884579778,0.23646150411510247,0.8936878128708748,-0.5601631478668748,-1.2905713757203023,1.1060009362092884,-0.35920275145711067,-0.4631328613567284,0.07738292861454368,-0.19676921752756896,0.1454983267631423,0.41746433503151914,0.24751038796684746,0.6055278621351633,-0.6088529787993526,-0.9708952296145174,1.5031743872161765,-0.13955291266903522,0.9329791695552361,0.7105906830454812,-0.668716624595619,0.5185271500545219,-1.0917441249782747,0.19782014899216943,0.8736738230570519,-0.3802190815268616,0.8627290644249436,1.3313406864779753,-0.4632294235913822,0.6831211539893941,0.3425663563754893,-1.7041546760680886,-0.03706549822050117,-0.5121391027053129,0.3219882992197842,0.5535940667569943,-0.4830668195572831,0.13338529980858366,0.5921503943180288,-0.2331304825284831,-0.8801604106159088
0,1,-0.5897237643069068,0.8257186487058913,1.6902496275227934,-0.2465312160269058,0.3671297167586424,-0.45697522568250104,-0.7455905629709295,-0.6559171551679067,-0.21425662867506656,-0.13373187418853835,0.16161313412244172,-0.6148562968098845,-0.24904350147796644,1.4191813813435494,-0.8117777771960977,-0.23614540538140033,-0.7491716175460827,0.5141762714225084,0.25899397228750604,0.7461983219548628,-0.32155033578387293,-0.388014151989106,0.5057051019746559,0.2450380322283419,-0.2198095618120422,-0.8488037763093719,-0.030727312668125853,0.3391432425650306,-0.21370850365880315,-0.10544138931131712,-0.6520188008353673,0.2755246133040935,1.0464082528128003,0.488088691313011,1.2154947443349973,0.6075833951468167,0.7857248769985399,-1.3036225288805015,1.3997013029857337,-0.6015976603432212,-0.26772852779060796,1.3622388832695038,0.1461949531223336,-0.7528732081920958,0.8770049940320268,-0.07723971728649659,0.002190467132143322,0.3017326378857064,0.2897815496262796,1.2303241848052529,-0.36060904059757887,-0.41996138102944036,-0.11920121553116061,-0.8471920299050054,1.2138187243776108,-0.8987811879118839,0.24585612094861273,-1.2969337272003738,1.228403139363946,0.9468647872030362
1,1,-0.43289117201590666,-1.3204572291688608,0.1428335018924836,0.5386922175387393,-1.46613553966711,-0.6481294328887528,0.8915733573442107,0.18020568295974837,-0.8676039989348842,-0.3556059303461675,0.6688904090048251,0.6172778622212354,-1.1566292061326713,-0.6270740407183077,0.6529454221188893,0.7249851859570066,-1.3801393435546383,0.03139278056762078,1.8514117822202563,-0.9929013185301757,-0.2026180092465664,-0.8293094768758104,0.46117099570322756,-1.226135315868619,-0.3506906869241203,-0.9410183357190728,-2.1873306989894576,1.0194799061580506,-1.1711410772274102,-0.37184477082307577,-1.1369794797125505,-0.6734713817474022,1.481919734224856,0.6694998353830803,0.9996856666407473,0.4348726832525974,1.058785755004729,-0.22233500955215446,-1.254581523558114,0.14767481010210318,1.142455531934912,1.481402037549684,0.1545049210843041,-1.1388748062514495,-1.2179225796315152,-2.0475570011625766,0.9705653077665224,-1.095514655987483,0.2462009742774924,-1.6068488327052342,-0.08483349585688457,0.4152301995052412,0.5487352442125428,1.6928499745279029,-0.5375673250075057,-0.40497240718602556,0.9481615598019641,1.2120093944674526,-0.8970951208593506,-0.05758013784177874
0,1,1.5206416913823853,0.21529961358030306,0.3723903816236361,-0.682089750689346,-0.34565765981764496,0.7093675765391944,-0.122611097544373,-0.42940030955294056,-0.8359868377246414,-2.8236401085343243,0.7276099113446859,-0.9289224637697615,1.0071439737222088,-0.635658448535432,0.06230115312546669,0.16535715342739318,0.6092563682611073,-0.16894952553060705,-0.5556501842382867,0.12885636199990236,0.13706870149468642,-0.45155679438848895,-0.8608250702033726,-0.2557389697312763,0.4512246479919021,-0.25934688148690316,0.7139158626264047,-0.5141636681567633,-1.9265358232430025,0.7504005310522822,-0.0665017850642281,0.2496711917436345,-0.502437085438321,1.0246838306612311,-0.28235642535671335,-0.6774246428389933,-0.500323372128492,-0.11670598733173781,-0.0637485406500442,-2.1403483781034964,2.2310978395784793,0.23310453181304577,-0.30525452412891924,0.523122233181481,-2.3883362666855543,0.4256370256983668,0.47525969452277594,1.032444944880046,2.0427371649234973,2.017091972123947,0.2925918098554456,0.8865523641179868,0.968412937137947,1.1595460587745294,0.5028705816102149,-1.4038524872135523,-0.35070209525902524,1.117297562815628,0.5974122866804492,0.20806770788163642
0,1,0.6058949212435695,0.15007199193329226,0.14468129082691666,0.8761374040027499,2.149864989018877,1.0905128707258747,0.742730950195559,1.1693513287059252,1.6598488700332916,-0.688564744531632,-1.0945214655507052,-1.1794657247933376,2.2521085774240337,-0.4161768270025544,0.9069273613425821,0.369752145187172,0.36371320909477206,-2.838954104426359,-1.0397773255270926,2.742544222673005,-0.9044656261345274,-1.4815232273572585,0.3154722096541421,-3.2015414373069815,-1.4667392632886644,1.073471367841949,0.42098987075993316,0.19931752614163126,0.6900108636112443,-0.49290088441845387,-2.936608543639213,0.7877131146681856,0.4607540804192025,2.6467433899371207,-2.31601211028961,-0.19622984331680243,-0.10383843584029791,0.6363841010325788,1.1637291519180681,3.063478398625929,1.6165002243539308,0.6023039340316227,-1.7166615311568587,-1.4289125982874114,-0.8615638465189434,0.5473481994589449,0.12050717673550675,-1.1336725230167948,0.01735089832546854,-0.1985704905383276,0.9208009232525708,1.05779180546447,-0.13373669119067844,2.6095444567147876e-4,-1.3719382286720472,1.2289402614511797,1.0764360265032888,-1.5297198677106096,0.1672985188886548,-0.05373874457464147
1,1,-0.5516911833404969,-0.03573974784408975,0.5111250407495831,1.7501607226745441,-0.9813048057387121,1.7904909540251621,0.7239386385818504,0.9025778105097586,0.8745665938039258,-0.2817796407434988,-0.5296184219025539,0.6780032533167867,-0.042102927664370036,-0.21575579602349684,0.872697355342137,0.19395302315421212,0.25850634029785946,-0.044460308499334196,1.0645941358779365,-1.147532570755345,1.034108942938167,1.477562228521869,-0.4904979610657007,1.088592858611562,-0.1577790579141411,-1.2843389874437825,-1.2243771809576707,0.0239298429818249,0.17608159893657468,0.25979297910052257,-0.5603100066314476,0.16410177703494797,-0.17683974543456712,1.8035339399157186,1.2430009174210308,-0.1330948502846115,-0.7086655530358584,-0.47517617292430486,-0.2551351577788743,0.9844890415238079,-2.202221112909422,0.757837015147373,0.35782416537672795,-0.93127434777466,-1.1344190280495816,-0.8386078329091301,-2.31505898277131,1.1289629962188303,-0.43510090218277153,0.9509007226487575,-0.7125937373805348,0.21750842742418014,0.48343708261446017,0.3255570456620738,-0.9325960172490689,-0.43736563342802814,-0.561364286196139,-1.7050453390631881,-1.9862183865478282,0.9358531059348895
1,1,-1.1495363767695974,1.336359078072609,0.11151937941114963,2.243333239878912,-1.1123242182234927,-0.7070010693372556,0.5084942227442851,-0.4654060598585993,0.5731847374439243,-0.5499031343888678,-1.1476168201702155,-0.34594213750786446,-0.24424900968502783,-1.1405110788058617,-0.11087803941001163,-1.7773385899259952,-0.5304626405963558,-0.16762945826545084,1.243792613263375,-0.8887361126000399,-0.4312780482133218,-1.2391670733185192,2.8489524762620513,-1.2521189552724148,0.45767347734458996,0.8775498955503943,-2.17930522183751,0.42882981709034396,0.9797832513935357,-0.8009837602841401,-2.5310478702120793,1.328607360704644,1.7737596698617637,0.9448835474533288,0.01581256014815253,2.308105538292919,-0.17641879550801481,1.1801588846684046,0.6998027869154297,0.8093014321064954,-1.9077746254953627,-0.4385038807212008,-0.24512685944674542,1.3785037153607387,-2.905427412397467,-1.2034661748787567,0.5021291938863649,0.31453741231565713,0.6598658519204813,0.6415686694454713,0.22493763207285672,0.44065464469445337,-0.33863705895246,1.2063537598101521,0.5371731224691475,1.4090462796457432,-0.4330434747329806,0.2454815075812448,-0.9781173230456391,-0.08832330787118743
0,1,2.364846930643248,-0.08722181228472939,-0.11564400932758705,-0.8440001678939321,-0.2990365388694567,0.8479635245408997,-0.6404848624713708,0.6159392861077784,0.11869948283022905,0.16362838303875013,-0.6074147944326963,-0.43167285551012347,-0.07021413687339169,0.5644765384143191,0.15220074668089256,-0.11079287120329255,-0.28822400971641243,-0.5803914568695049,-0.02135470398916773,0.1790385119726189,-1.008854893895593,-0.45151066229653153,-0.15881115099176754,0.5285451386424816,0.48668727217712504,-0.17408444666959103,-0.07832921321326032,-0.7783737049726246,0.37185343374971447,-1.3133620570409719,-0.1634647688674006,-0.37447694105238605,0.12083531308693274,-0.4112352727897167,-1.1399748744471794,0.4861049214213599,1.0225248625783365,-0.33192163043465106,0.9778837536849754,0.3914440181553696,0.1717336603482179,-0.8167486882916107,-0.03422230233986689,-0.4747879902087833,-0.6123923671254803,0.281668788738171,0.569953829129168,0.20432432638746736,0.6593485002871134,-1.0095474720760758,-0.5084199926758468,-0.8483561284240922,0.5113807874276751,0.02255114758908616,0.15363720375146245,-0.9174571851796299,-0.7436982820541832,-0.022843948249244427,-0.6642420383592587,-0.3466258735557314
0,1,-0.47514157772589644,0.7632253304182204,2.3820713610293756,-0.8668031560389065,0.461164364989188,-0.23421714906576005,0.09956297522123195,-0.10291735054727918,-0.37103664225770533,-0.5368160525960626,0.03186938494963587,0.31879909851703114,1.164365320438093,-0.740958279182664,0.380776464787579,0.9107457970226764,0.426711422837517,-0.8849627506911487,0.35916180909891826,-1.2363359894940578,-0.8752003417117105,-0.18912627555620967,-0.08535710558515001,0.9856481107275058,0.8262807710615684,0.22785949527928104,-0.6644401415183684,0.09896136786420573,-0.6305461546629167,-0.3749169353584052,-0.022441748020210404,-1.1486187871531721,-1.4641273723739165,-0.2616590200996171,-0.2140845096114682,-0.5138309937831363,-1.1164970546119617,1.7700634564166573,-0.8413205414653386,0.09814589335687102,-1.0186827756880943,0.33498351716486435,0.775306630100087,-0.4996588441682923,-0.7246012093310911,0.9137150907035761,0.06906137964251509,-0.021198057405399262,-0.9282978040403218,-0.973184749704215,-0.338474493097841,1.5109777678521912,-0.2981706707103193,1.3316496654943486,-1.6555442742828337,1.0510004202104741,-0.09629557019931011,0.21456474508581164,-0.27814534204213337,-0.27426496323601995
0,1,-0.13977886562574368,0.13752067652261946,1.523135126310988,-0.530754389214957,1.2605096953515,0.6014464834480504,-0.7198256350841902,-0.13871372348581812,0.26451516556473703,0.08182073591333437,0.501197783588361,0.597707894536806,0.04855834437346089,0.514093630067758,0.19034171673186812,-0.6984572738683062,0.30447769898899424,0.3808308087833092,0.7911118731795537,0.13642727036353922,0.5816425736046434,-0.7975764856204398,0.2955386819646307,0.0026480958641620696,0.6230231219436234,-0.3742261826434698,0.354356416504683,-1.6050545492388095,-0.19175588227679558,1.148974628110755,0.27275263140437067,0.4066240852180706,0.38763547677586807,1.288783576279351,0.7855894709066815,0.013261205785701906,0.15749993424263678,-0.35641037858986874,0.6843650495415645,-1.043058832410221,-0.24829160383726048,-0.17291115285167621,-0.43538723901471904,-0.09251301830285416,0.440604870947899,-0.6467773423797342,-0.14758649371073468,-0.026435322905068562,1.3455112960075541,0.34069584427095345,-0.389998617280812,-0.9955836703840901,-0.35660435611502256,-0.5903247373087143,-0.5696399687170026,0.14213404522714448,0.501800976121206,-0.1221092306993531,-0.405407247092998,0.8118046094699212
0,1,1.5330186931859369,1.465735642251584,0.0042532264381038515,-0.22497281776567732,-1.4046379259691735,0.20994056726103213,-0.26299981521633764,0.8038508004243953,0.28455489454324706,-0.5161566632317381,-0.44806746604832676,-1.425720262316767,-0.25681992883762006,0.42433478945229564,1.1316750810167375,-0.06400316281137046,1.5411061747193318,1.0085504418641755,0.656664182098445,-0.4556789325375167,-0.635098742919465,-0.5148611045686362,0.9333838480366476,-0.9866776550092279,-0.08090619806158734,0.4575201731547256,0.7373739808247253,-1.26523796490896,0.05339535074990447,0.15801232411856317,0.08776298452195988,0.2687307968602474,-0.3726506240178186,-0.04252702445896608,0.16147481137482642,0.5755816733541177,-0.5921834756170526,0.08040446925451301,-0.489039602573364,-0.6938795363027771,-0.12123092570850058,-0.05802637989909454,0.5261427677620798,0.12731736679869954,-0.3334921963360793,-0.2954168407670813,-0.05586487881716297,-0.8411666803071064,-0.10101829848709927,0.4196727844935103,0.5293021987214882,-0.9473236024117755,-0.6241388974596221,0.0026562767463714815,-0.17635506471043286,-0.7762972100747568,-1.1396239885945925,0.3561819984083902,0.6588529309661215,-0.09185277458663192
0,1,1.9501351228755788,1.0728901024647561,-0.019528905169125643,-0.38412595377910885,-0.9117724900774655,0.7541052571029737,-0.47774377255410494,0.9999878373034297,0.37588790576777714,0.09799428611809224,-0.9149903426404383,-0.5748488586997269,-1.0377107859630512,-0.5187328289167343,1.5131334680584598,0.21118809603921135,0.932432666602177,0.839862807445982,0.8086535647483912,-0.1060527469272688,-0.6178217006051979,-0.10667613837429124,0.1148681496713931,0.14297971645618845,-0.92036802391267,0.36113177664472407,0.3440395515762589,-0.47426765491137585,-0.32743453482062257,0.03079167467493959,-0.06380932502687274,-0.41994716538983345,-0.3800669958540158,-0.7238733459488184,0.8646962806809517,-0.5413092407304368,-0.7542700031145169,0.23150427569855594,-0.17203856947277052,0.39459971458062676,-0.37128142351738047,-1.071046251229812,-0.7539792302391674,-1.0254830176418033,-0.4169422884621643,0.5096233810856747,1.2014145112601526,0.7218550474958172,-0.4239427014902579,-0.788972009036453,-0.5805415163650197,-0.21138744057653833,-0.1617506801590196,0.5586813607841108,-0.31099890328139906,0.21927974447479387,0.9308477778416004,-0.18961711510051915,-0.24794847255139285,-0.6924059447326436
1,1,-0.079381066803126,-1.6407078387186875,-0.16909550847950267,0.42851641958448444,-0.5316514901065829,-0.23226592246560082,0.27316662072800424,-0.5122473078246782,-0.831939500359662,0.953720730457543,0.38477009683113184,0.07207552360800092,-0.64991088594587,0.7413886152258489,-0.48315298142925406,0.3621174943024588,0.1265555614450959,1.216094534905209,-1.6103812060701401,0.5173784064506225,-1.0881120700072506,-1.136128344510087,1.2544937064267536,0.702019738644045,-0.28175492150524,0.5433871689025548,-1.6111294201738915,0.09534440782299845,-1.358186869873521,0.2667619804771472,0.2546024557796038,-0.021267890323069222,1.184512886624125,0.5833213098525061,1.4832610887343127,-0.27168097407088,1.2495231141722758,0.3426698594718322,-0.9740485647758353,-0.4532372767898283,-0.3044347816522826,1.1307048765285208,-0.12529595838306032,-0.6448708337698822,0.8392356074403602,0.11078185124034388,1.37866217957669,-1.0964204218188722,-0.2435552646112585,-0.42094495471890625,0.8293513131014578,1.0774968854893745,-0.048198075380165926,-0.27952950741517396,-0.6919293574070424,-0.5217825699696638,-0.589042003912412,-0.8414270975660967,-0.681957230459996,0.5252968697722118
0,1,-0.5232432024559298,2.201502807840482,2.1414821958700827,0.39796941996923013,0.027971394229782565,-0.5595885388987599,-0.5814455775480479,-2.141709812133131,-0.20881751472808177,-2.3799971528086683,1.0066784509130084,0.18869292519282535,-0.7949090219780899,-1.6899447331858166,-0.42591938805527924,3.634020038705029,-1.2056580011428943,-2.012901797209471,-2.2891163450142655,-1.5504334762023526,-0.10527962116300832,0.7298121114452553,-2.032191523098258,1.2200530156864855,-0.761855865326819,1.1960540599411094,-2.3991038835701035,0.3580104767644504,3.1907687949735823,-0.22398533022684733,-0.852750346761301,-2.835315515188561,1.0410072891580127,1.1012570525384535,0.22973351678296833,-4.781261995765614,0.029794133491965753,-2.674573693393177,2.082162874154521,-2.0802791091285346,0.4698797682488441,-1.2487520404192602,-1.2868604869683322,-1.2470967941598403,0.1445170254098198,-1.1485408607382162,-0.7541322699689219,-2.8465291676614832,-0.667949935840979,1.4242797173185633,-1.3067347611723363,0.03749464041000422,-1.3900040147565698,-0.9963918040402409,0.7124831785901848,-0.12437745642178612,1.5256754980512213,0.14298305406549597,-0.822430604667553,-3.325492389709067
0,1,-1.7113551946799137,0.551010424091388,-1.3003595223958677,-2.236284404360984,-0.6054463974365923,2.0111372081529293,0.8514890741307652,0.023278690006853512,0.878111325435735,-0.7345301818678063,-1.357175580254107,0.8763334555177533,0.6919506255222195,-0.6201511133257446,-0.5289349839617907,1.0313718442400237,1.6675525911043267,-0.043183397436071864,-0.6712836109371964,0.008164550547508703,0.2629157967040802,-0.09759221347986123,0.4311642615334092,-0.2987310764856613,-0.19479282922253927,-0.5175218305913761,-1.0746393929065192,2.809215694652486,-0.9035830326076641,-0.6866163307422353,0.4626095971839723,0.8393538846779742,-1.6592797494717972,-0.35624942687035754,-1.59972354550889,-1.1581835867395684,0.22415046250002252,-1.283257204156028,-0.9070733701541851,0.03933400991757445,0.42984876238093633,-0.23877183797937387,0.8912881328324366,-0.4323941347418631,-0.744147632569141,-0.7222947400832276,1.2452087854528064,0.5897451791861189,0.41770296657817163,0.11152356607272754,-0.1917567747967,-0.36006413777179863,-1.3564306834466446,0.004260980312117281,1.2698078961719563,-0.2143781597725564,2.264810133061877,-0.2521641995757561,1.2700956264386563,-0.7711936242633199
1,1,-0.485979146275085,-1.4499399753409545,-0.3050870861280544,0.5760869251308043,-1.1195724095564747,-0.5659400900546059,-0.38275214083500214,0.6470909380016454,0.37167697559628576,1.2711683601161619,1.0767061616526434,-0.04327444083324444,0.27169753550007225,0.2345284111385406,0.365373070717909,-0.12108300988601142,0.04769935472048727,0.3455831218819039,-1.1869493659192107,1.0511639829338288,-2.221553901136831,-1.483032115308608,1.254968901295482,0.12927580985245563,-0.02563330669150375,-1.2367483855789048,0.21284540392630089,-1.4049772191784735,1.6770060266682927,-0.5020993946644311,-0.625151314205899,-0.3809225823475,0.8866458688224772,0.07100136711340915,-1.5314253819319592,-2.250462333208244,1.2931782517958461,-0.5244212129587178,1.4590561675758777,-0.9154306191733496,-0.882371908030365,-0.12233329993751575,3.0192352118613055,-0.3794576560869583,-0.10682557674632195,3.1291170504678143,1.0898097132212758,1.9664520592255028,1.0971340841173218,0.01155637057803711,-0.4517094889807825,-0.4859353677249865,0.25223674046180233,0.8419504499033256,-2.129328993685842,-1.8272399963118038,-0.8922523926391035,-0.07862327057961684,0.28142443122318744,-1.3647658970921384
0,1,-0.19241813173109806,-0.326127288808266,-0.7752160590648205,0.10895134049438926,1.407173840890583,-0.296799718920715,0.23166482581482167,1.5330676969544808,0.047419777811203684,-1.2218845171625563,1.2126800600890895,-1.4313134639142895,-2.5141846074599035,-0.9289952600449213,-1.2106426445004173,-0.4349918610726682,-1.3872250376495057,-0.13169246245416436,-0.4991830715712247,0.38991664439134543,-0.873362390386983,0.11779531673975888,1.664044709751823,-0.011240871873566021,-0.7127530691827666,0.2594048708202101,-0.7292189190814954,-1.3268915607855374,-2.4817963706764288,1.6598954949284512,-0.4636437824065522,-0.0816099709852312,-0.7148179220411027,-0.23047988224762708,1.3560211293620459,-0.05996344409366491,-0.29800366216120067,-0.049459591443843286,-0.5902761969881999,0.42370226009419604,1.1612379829058,-0.6078864332402082,-0.4581354201174408,1.8236526015768901,-0.6720037910529388,0.22303597731506256,-0.21247318587505787,0.45857231372914886,1.2603931355521816,0.5897510187674083,-0.31494896556821983,0.0436218405816999,0.2461483752613581,2.1563081241277398,2.321250024332563,1.0809474948987283,0.07416866582024192,-1.6697415193733374,-2.3116397949806133,-0.5029516191582991
1,1,-0.059323497122759083,-1.811086684528202,0.20826743610558576,0.15470277185429848,-0.8795966636875325,0.96375691764885,1.143941700999683,0.27239992921654926,-0.3320777481721233,-0.2990659950374792,0.4502583759912211,1.0568824122921114,-0.33783259165122237,0.5249159872180876,-0.989864858818924,-1.152812471081557,-0.7655236064741301,-0.6962257951257907,1.0954137923549356,-1.483826932935918,0.5739820657277499,-1.2641221913680325,-0.9859116448950471,-0.014891942446813149,-0.1253843622569822,0.0393326027528726,0.41165646027171227,0.30246561947748074,0.4154070543281897,-2.400336286488219,-0.8060492361380244,0.5091847859700533,-1.9473923689923403,-0.1086860666407084,0.0020218653627529725,-0.16932001002994512,-1.0468080638022115,0.7655684810807722,-0.12220161444067677,0.8834307140929314,-0.5818524998448128,-0.6330690102174795,-1.2487149079452444,-1.0403537388671042,1.0420603709665577,0.1946867957130584,-0.9315240156574377,-0.7350758931195983,-1.2052566595560943,0.7377007547342178,-0.39605795836714947,-1.0256507102952586,1.0908628491256822,-0.7149014901789333,1.0953184583709976,1.112054928269206,-0.018723646464331976,-0.6412402508928418,0.09446366128938442,0.8751524894719627
0,1,-0.6562773847589431,0.5383553852630447,-0.5613643136707406,-0.48345942412379994,0.22707603350413774,-0.8083801308837004,1.6293170146111216,0.9026570967740114,-0.7235383185842318,-1.3228806438103506,-0.31147119902290005,-1.9096446293733635,-1.1943130252231373,-0.8285672688711159,-2.6747236063155793,1.339847680169481,-1.878191752781465,0.8366249844174432,-0.713719276189087,1.534474090546481,-0.4056064068916445,0.3377620622991571,1.477092312551054,-1.3152677408725244,-0.5475477515833513,-1.1565349374131686,0.23457563348838462,-0.25370417079759594,0.3327637000391722,0.803522775868288,0.2554782939621195,-0.8303397959655857,0.02736584479337178,-1.9477977269941424,2.7022756002490356,0.9814823045765878,0.9215590887226536,0.28875139408108635,0.0285630566995881,0.03445550032566044,-0.29900203763538,0.11867195078534433,0.9274869276985944,0.41706693479656576,0.21919200978377404,0.4555011944883426,-0.007535358334251402,-0.37922495121931704,0.4590851284506939,-0.2621355782996174,-0.9989435085098273,2.362888719116194,-0.7910423496290432,0.41241824762552126,-0.30896130898872626,-0.9194215271406284,-0.22815480903820753,0.7015117331310508,-0.0342293806002527,0.12743428203178156
1,1,-0.735363360659494,-0.6958411116344291,-0.53033704050147,0.11612173673222473,0.04891976393140031,0.14606809563417278,-2.7042022836523016,0.41965177688660166,-2.2529919493176336,-1.9766573498335978,-1.5690889396898,0.01779977980277742,2.184410101036561,0.8824764511586491,-0.5853721033560944,0.6066190040494219,0.4108338959143484,1.1985696714545697,1.1939835000664503,-1.1112808898575588,0.550426581110345,-0.5095199730257498,0.23799827863727677,0.3702783792774442,-1.690375930126753,-1.1582413618083154,0.9416592668558421,2.5319819699512474,-0.4401979975420543,0.523078076910428,0.17469617845138977,-1.4595188541697806,-0.8559463731113267,-0.555494599797785,-2.406650972919023,-0.42595757040834553,1.1943147819948394,0.022891713670971568,1.0754265632105913,-0.14444519331016895,0.6378566958385935,0.02345996487876644,-1.0270657113234583,0.9509529889977387,0.3186938505121501,0.24897335845339447,-0.8761708839982122,-2.0245404512010325,2.6077467312231675,0.6444921031748894,1.6343405387160324,-4.072022420289461,1.627371707983073,0.668037685402001,-3.1584048254294044,3.369734395701563,0.1935178168426684,1.5135512514265006,1.0717540422873781,-0.04671285171585332
0,1,-0.44414210247173663,0.4359566898583268,2.145021432464077,-0.9975375186054962,0.12212944499055252,-0.5545227046177357,-0.1945787082229658,0.3863986784159387,0.04251015385427009,0.012394123844178359,0.25411286308875186,0.6118002663618602,-1.2310695918211088,0.4180186156532097,0.5036914174011116,0.8040807435889069,0.5250975392028558,1.6479936851576764,0.45501393767541426,-0.47264873272849245,0.8539012219639537,0.8338180216532816,-0.9351462140362438,-0.46044785096957175,-1.0858838439724037,0.1342004074398915,0.19019194823918578,-1.5627048497428861,-0.42285781108763204,-0.014127036680812772,-0.21918556935457295,0.2706831428742297,-1.0891159751222599,0.4973893333184349,-0.949670763134089,0.30453534814252087,-1.3167328479171452,0.22301593596488692,-2.7119197644683464,1.4124113267612042,-0.44116211006959233,-0.4779338647557796,1.6587526774196095,0.550226911306782,-1.2803680859656146,-0.41880358312192,1.105847940335933,0.6871977179487718,0.25214772958140524,-0.6303894005262479,0.2856342926210678,-0.28359937488347275,0.7553469086669734,0.868615909976751,-0.477104661920861,0.1917211070694155,0.04744715629195765,1.0049432310406439,-0.7505769891612767,-1.1529330264038613
0,1,-1.9580632755159828,0.5819761499967951,-1.3794335436749046,-1.8423189475485373,-1.3655405417349966,1.1780504816865844,-0.05272814947591376,0.3711956514609141,1.347802823256446,-1.1583890391291203,0.27287413574049185,0.636120345111928,0.5502150615069052,-0.2330555862607532,1.5775782451301135,0.8200981212497619,-0.4936001257776529,-0.09196753291155622,-0.28563071336020246,0.3994063777666294,1.2374838728324797,0.16079469633157226,-1.1477336690937736,-0.8518952986357339,0.6523312928838028,0.13491541994850348,0.18182604997031857,0.7839426346000273,0.9035190942806001,-0.9977264834772552,2.684401814825636,0.47605736374489344,-1.1813936924786614,0.8682439643421278,1.6690958388188977,-1.4830351263113701,0.35639538531987713,1.3567601656553796,-2.641438805460893,0.6075275081088659,0.9547769329408007,0.05529655229158861,-0.4668002272455307,-0.03591238071657024,-0.2997705914795612,0.41848019975198625,1.476026173241162,-0.548031701505537,0.3771874640955021,0.6185535134335098,-0.17687173068312956,-0.8847559280387195,0.3500620221697864,-0.6257358104762036,0.3555680079278336,2.3773015466796843,0.22354087508993808,-2.5561939238721134,0.5286803512504366,0.8516201802366221
1,1,-1.516312413818713,0.5145062392026442,-0.6478576738948524,0.881369858259606,-0.6518381395238362,-0.4529437885215313,-3.2595415075382212,1.4449983269071909,-1.2766177278878987,-1.8810534247926207,-0.565635467382974,0.8863981515853865,2.9404777337001766,-1.3244888193300908,-0.7845750393532386,1.7168418739137217,-0.9417349492506376,1.2699850050201758,1.461979576737736,-0.06481135964130215,-0.6965489118272288,-0.13751011586056533,1.228467763623225,-1.44918674938291,-0.07023162924803848,-4.6321647063763525,0.3705158296674272,-2.2789211361407973,1.2253409054283597,-0.3608408844137079,0.8297785244123083,1.3244964476675987,-0.6388674888903262,0.2689215218923549,-1.5246641117268374,0.171425099703017,0.7535556230915444,-2.8496268937133613,-0.8086660090305787,-2.8476579641367046,0.9451039221928905,-2.3968277738464603,0.7815482876403546,-1.2761687510952637,2.191005800880973,-0.08653777928963578,-0.9554419885829262,-1.2809953125749631,0.32860837461601416,-0.021173478533502522,-2.0289414386244284,0.5181629767354512,-2.3651689660351467,-0.7230814713051815,-1.5966028988730447,0.8510690034482098,-2.565441926621134,2.727765987888285,3.0571034867199085,0.7079659777746954
1,1,-0.361312317993046,-1.3279476868246194,0.27639780565572253,0.6603240324212564,-1.290324194959353,0.44685390173623296,1.2842520444525078,0.16376279381510314,-0.9037423096158895,-0.4077155336619858,-1.0147734871972984,0.1667478374892599,0.1386406638456467,0.2694116865616596,-0.891590159411786,-0.73730036603853355,0.490444791672007,-1.2337582368291016,-1.3273945063328094,-0.9919913221010562,-0.2694550667115052,0.2710258710610027,0.8961072287526604,1.775393007717056,-1.1968389613039854,-0.9729260999365248,0.8608785578900621,-1.8935784966747269,1.4166264814779321,0.674773681258071,-0.42708066564180835,-0.0929214318301038,0.7158945452416117,0.8039005965261897,0.09528205156029866,-0.38439455642294007,-0.7863236923009306,0.528662492481039,-1.3065350032269163,0.18317390226156172,-0.4253456883192442,1.3858836622763073,0.6378178825219,-0.8102760823719565,0.569105173120143,-0.4265342425722774,-1.481339089011989,0.7874122555726379,0.9345641651033127,0.6109368203981747,-0.1846264586436556,-1.304896554193901,0.2725120862570419,-1.7898412329111673,0.4535082246204372,-0.5898013845598368,0.9001898754845745,0.1704495493412011,-0.04428639206340026,0.6951104047119695
0,1,-0.5796238375771141,0.04560393922600724,-1.3321239892952261,-1.2314695946107481,0.6049112822145656,1.4350448825326347,-0.08433683477073839,-1.4456050704485528,0.5928716999912375,0.9926365573171315,0.5698510749022179,-0.3984611221159366,0.6247356306802803,0.9517646470080804,-0.1973723348101104,0.42174360890848844,-1.964675359607969,0.5320353596980059,0.7677134352255983,-0.6800846563301466,-0.5742936366461261,0.026977674127750446,0.7483318732454334,0.4103910374616009,0.3693717864377131,0.3968197475081037,0.27715699543556427,-1.5686056784710143,0.8173296783843237,-0.9051311317219061,-0.4351262104457901,0.07508216158246278,-0.36000322399635826,1.333897383873206,-0.758843476774634,0.41076328491197384,0.4397644177363113,-0.7180748456507443,-1.1207493759601126,-0.3693418058877773,-0.6264823534210938,0.7014794264971546,-0.8777089434815883,0.8845707097660643,0.8160748785051637,0.8261467959173979,-0.6034476226538648,1.3742222314165053,-0.815793742571567,-0.3853115774886603,-0.31936960035567985,0.4218901572514478,-0.07362162129684587,0.4456926595100869,0.05309392953912994,-0.3717993177352368,-0.278184946135201,0.34215063871286155,-0.0247071226499325,0.08539519107049134
0,1,1.312708155347817,1.8537316287004475,0.058062835368319285,0.10579776672417789,-1.053023573629805,0.16600413109022513,-0.13604358810039063,-0.23425177457892568,-0.3691617495844708,-0.7234744577483276,-0.10385987746125792,-1.4302279882629352,-0.45759333411754527,-0.16038740778017624,1.1600402400569023,0.04225009497384611,0.7296658464680962,0.01843698418773213,0.9026606541254529,-0.36877211575784463,0.2664710259927153,-0.27299434166026537,0.43611108201469156,-0.6533640393731392,0.029167589277236495,0.8547189347661748,0.221007706948175,-1.4681095240471798,0.16038023473780103,-0.36479300163071654,0.23465159604988503,-0.3444508387135176,0.4144887131099539,0.08122652139638105,0.1774261177014277,0.7232038807045965,0.5578341495303648,0.3983678916396418,-0.23520216644318212,-0.6363842348537884,0.1583737731787528,0.44714812396559145,0.034762048852708644,-0.063928840716728,-0.8527238882166936,0.42250441465539584,0.37817888167681873,-0.8848361591683566,0.724357141918654,-0.19065301762158124,0.1804330784653469,-0.6751538676278162,0.35886535423335236,1.2908772441900573,-0.7981798558714233,-0.7482985679410504,-1.2669056616151937,0.7222764274569008,-0.4511649654606939,0.011579704023167107
1,1,0.012788675110223394,-0.3092046373517336,0.8260549834279887,0.9163982172100757,-0.8335381910968822,-0.37045110596054703,0.2399870760391626,-0.8650217689683974,2.1486321390563514,-1.8833625200517032,-1.1357350851422445,0.12494019293046583,0.23160219751267588,-0.6225033728125768,-0.3496670732240674,-0.06986525374927992,0.04830993094162952,0.6025869095161119,0.5150034686536054,0.38573245338740725,0.25069843034377126,2.489407097632233,-0.16820810692451646,-0.19729293830034045,0.3649227727817751,-0.5211522426442129,0.706290040908779,0.22504684062983213,0.7014883664382342,1.9450304623448533,0.576403605977979,0.1394589942550237,0.6536804530553124,-0.48485233786749293,-0.2126970398937075,-0.007739723252798781,0.19138552150621785,-0.33989893849157277,0.4405695880659295,0.4092451960005425,-0.25631266994024543,-1.2468058737509056,0.8843960260510599,-0.560548740844579,0.0742777603678899,0.21885885304284017,-0.9813564053813796,0.4960298011791346,0.8671657066461129,-0.4424469671382907,0.6726139860893033,1.0859244212706898,0.1284483939716967,-0.02012940318044265,1.9180846116078525,-1.356970979658659,-0.3729450807208612,-0.4447125884724943,-0.05797287173767662,-1.143510023754701
0,1,-0.327070697931951,0.07330562290577805,-1.2733877114893601,0.13657330143361052,0.6284919481654031,-2.6412263479631046,0.8345440574928766,0.7294665739691697,-0.4955348375559443,-1.0413612644121106,0.3459486416502733,0.32619789985956216,0.9199911810737633,2.511222602728524,0.304627386197101,0.6824011292860617,1.3739813148558102,0.15458540131933374,0.7711160971383878,-0.7565681900983682,0.2607837601401377,1.2516022274986203,-1.0749382550539925,-1.0031952928248007,0.5051390645570695,0.10153328614641487,-1.795215949108202,-0.36280490690225753,2.4674184266390586,-0.1878888202027042,-0.8751679052943595,1.11263959192904,-1.5821040091527672,-1.680415646064546,0.004048835556242894,-0.011976878654256234,0.5785024767037731,-0.7732570147738272,-0.589869464786614,0.42479356341307095,-0.9453162763895655,1.1482994308767493,-0.3292486860587315,-0.8719990366644846,0.11965927752822175,1.0716967237194983,-0.4555703047648848,1.3396049938869024,-0.7005801463360388,0.7378410772097844,-2.186231462492461,-0.18212816799238654,-0.17578015587500784,-0.04421761115947415,0.23090796372891592,-1.842150505214246,1.8535751759050831,0.7399701831021387,1.6854211013649518,0.9316258935114126
0,1,0.7393219014128115,-0.2507911325436921,-0.3248406194928085,0.10465825454751099,0.537349455898171,-0.1369329456502927,-0.7166581936220563,0.10040819835999436,1.5253918084785643,1.5594718116466009,2.0974926757796686,0.6056716441176743,1.0582343007735002,-0.8265364154739459,-1.2275381371447456,-0.20380664585096592,1.3599108804152378,1.2519684468795842,-3.7015663146279114,-2.643349138347774,0.7499334179209,-2.780856920649381,-2.7746985819498873,-1.322564606361927,2.251394745362632,-1.6821489652575745,2.7140324131423514,-0.13832445599637014,-2.5428677581182484,1.7774360298612006,-0.023751793009598912,-1.6245712740990916,-0.22711226654862188,2.10327996005202,0.6564472054559974,-0.5076376649651642,1.6934029875670873,0.14732058898621245,0.39120531083724214,-1.6229300173209482,0.32708159872137493,0.0777685082701082,-1.2086260681411896,-0.9955533060371319,-1.5220006081609068,0.7140874805029684,0.18238141687953174,-0.6344300288073159,2.0854896059025934,0.08193588785800177,0.7615106009232648,1.0429671461179555,-0.25467032577025667,1.5834970907291213,1.9387573119285708,-1.1009082532683034,-0.21305780969148125,-0.6584073327384288,0.28659417469066156,-0.22541411100002567
1,1,0.8558520381599665,-1.634480654025246,0.20359869294862096,0.4117075033388741,0.32098142648075617,0.11065568004657553,-0.015687661044915688,-1.2391910544273106,1.6788782565970946,-0.48348358988708595,-0.21614377597136666,0.09255309112853251,-0.20731285234600955,-0.36279744459718866,-0.3144574911872628,-0.3363135319376649,0.5410743356457457,0.04514041408630222,-0.3358898578900316,-0.08526905731371959,0.693289732235371,1.016814572180512,-0.6081110811640346,0.3026009010224564,0.1499359146500083,0.7536640567767404,-0.3122187139346522,-0.3058882286390382,0.24616523744301894,0.5645587637324073,0.24714123825951606,1.4047990021848973,-0.5328399721171041,-0.7715947610431237,-1.0305681743451687,0.5751760170710359,-0.24366967304876738,-0.6378024403616508,-0.08791091038245269,0.16467141965992968,-0.14426198793127262,0.11775797461793933,-0.25018229802638253,0.7992690576115747,1.0765072702944172,0.9678308057396441,-0.870346425278648,-0.17862113788584366,-0.035961109712643394,-0.4109653387629812,-0.2854845243948453,-0.8677501444784833,0.652997503382167,-0.6163632703829844,0.28923082670463796,-0.30276503518129577,0.4598468922470582,-1.162093984735358,0.03771189195850112,0.0692349140490634
0,1,0.14585035634476243,0.5134100352635689,-0.3146752852021421,0.3159550962710336,1.3024898051400438,-0.8819164174553701,2.3038250597783843,1.3099379768212482,-0.17191490489589295,-1.2683520850805012,-1.5705686351395205,-0.38255992987964327,-0.6842566511908815,-1.522092737882575,-1.9165633005525644,1.1682374831714584,0.6831346750942687,0.5107920173830285,0.5473519032728329,0.9756883608767,0.11966227844956318,-0.3990429239458484,-0.24297656237523005,-0.404277712137621,0.11015018299549341,0.8859292245636076,0.32300438013785016,-1.0947209127553659,1.4304442553660306,0.455834657126285,0.651993395574144,-1.0159542689333918,-0.4321448257870576,0.83692442319976,0.30354768131383847,-0.24031071117215924,0.43146167641700034,-0.5714551962905758,0.42232460852979264,2.1732590092054287,0.7801774408031015,0.5368190774170256,0.7266561681021312,1.045262614101854,0.8860837772400514,-0.4597185631343967,2.6591753054928144,1.2501152144280958,-1.8450396564068532,-0.8025161161345162,-0.03352674133680157,0.7408507087708465,-0.0827539701995015,-0.09346453541543479,-0.792849651124065,0.9074381386082946,0.8641521713200341,1.683786680330784,1.5211702569676924,0.7850245469421028
0,1,-0.8276508348408846,-0.3170749736555376,1.5791113291283727,-1.8928583042929006,-0.004138439123665352,-0.9779843529843495,0.10635696447135047,0.1602605188424771,-1.3621877677088283,-6.01588906721133e-4,-0.3177657691131743,0.06680006363468517,-0.2656984969046085,0.5291272019235267,-0.5848376050228292,-1.3593774654727468,-0.3784132751000237,-0.3505815131552,-0.3034944907189557,1.3218590266478025,0.7628085860441635,-0.31006355718905626,0.07154950648067272,0.05892636892077891,0.5443745015103932,-0.48983039831094233,1.1903382030841916,0.41112740961360966,-0.013164970664408873,0.18080779158476976,0.38189480751731225,1.5966822378282046,-0.04743839641935603,0.41849806071911944,0.38041862912602586,0.541780866680086,0.6235778438716192,-0.28129893097214603,1.751706272447539,-1.0193937980738799,-0.530273229087214,0.23583860329965917,-1.0051420172165018,-0.029859702528808894,1.0829758175289876,-0.5965971396643137,-0.04845091439747151,1.3176673510930077,0.4735182949325406,0.5711761153297028,-0.7801012868828431,-0.022079420367361106,-0.2649060840820623,-0.6492536932729019,-0.7352292462410719,0.42152323146498266,-0.06994037345383418,-0.3955694895885196,0.03217037683638955,-0.3139579245623956
0,1,-1.2299473832068653,0.21237814227714555,-1.7734980799893822,-1.887762692788601,-0.07576752769558481,1.431180409618963,0.2416470177973368,-1.4873659904272198,0.1713908017429316,0.27727284014274783,0.6524148129767721,0.25422127431249997,0.2646310530197942,0.873898561833218,-0.4397587249890694,-0.09678373211632393,-1.2869345451268708,0.2205243045458722,0.8108450663183319,-0.47154802954288827,-0.8595815785970008,-0.39329850301775343,0.023341295509639755,-0.31654763083180176,0.35217550975226014,0.7139315832440948,-0.23694694642699796,-0.32568374844072345,-0.20485185088618346,-0.5776184843649054,-1.1861973352926778,-1.0436280038329697,-0.4438829135575424,0.3844629817221795,-0.8312901124021861,0.6953871011820211,0.06093706763844694,0.7731424314483858,0.5774108284375459,0.12740498490144406,-0.32029130486814694,0.5535455934945962,-1.062327003868852,0.05619985791001187,1.019437212811069,-1.466066510924633,0.6370992792545358,-0.2411200700257202,-0.35575598974118217,0.09056836341044545,1.3204503715180131,0.5137848750641778,1.1482967565157804,0.09436938525146227,-0.21518778304473027,-0.2874846590203375,0.4832225420661571,1.9513419245847998,-0.8787888122717133,0.5432574336160942
1,1,0.16607446759311087,-0.026764723637420752,0.46324440452536053,0.9552268053738091,0.5068569649706995,1.1631252439084119,-1.1166223943475824,-1.3216830121782104,-0.34742725151293397,-0.6856846623179501,1.3447878777335314,-0.6272815654326387,0.125298160740144,1.4310704735783024,-0.6911551703006565,-0.9828897329619352,0.7255577219375248,-0.6131407307685878,-0.785008067526085,-1.3395402021670144,0.7481806303308787,0.11676179001211213,-0.26195626929004256,-0.756864147685972,1.6418840033278137,1.0885647423356857,-0.09356744878520074,0.4378319226620346,-0.4453059010189688,0.3116333960596729,1.064550431866299,-0.4272342407387613,-2.179305579490732,-0.7654974156232327,-0.28946742876391107,-0.37667658273307447,1.2937738932170666,-0.18806357923546554,0.14880159364503465,-0.24002363190587822,0.30166948176067626,0.17274967477943198,-0.36422068205919433,0.7329816735720618,-0.5591930924581848,0.5317903591522513,1.8037374058399325,1.1084146536965171,-0.7233348263976686,-1.5951304919203453,-0.408348451694407,-0.18535269249257527,-1.1833422924663912,0.06513103899168274,0.08641570590031798,0.7050535287892322,-0.5287875312063852,1.002664536041428,1.740739735127469,-0.8326041181508923
0,1,-0.6257599523089743,0.032057703237212645,2.143477160692072,-1.5536319251870405,0.2782594930084194,-0.3626552157031923,-0.5132876359555748,0.2430343564633777,-0.4558625346058041,-0.4939507500891343,0.27822516530563624,-0.25033841784325256,-0.7740881697065339,0.9728596256077959,-0.3132560073289284,-0.9270729550981063,-0.5217256225773739,-0.45909303473947194,0.2838303657956907,-0.06768272601270998,0.5502985370291351,-0.6830527132528563,-0.1886785073451103,0.20584084857166898,0.4127031785384568,0.8261039353671343,0.8332512820464294,0.16770914898375963,0.5118489510187494,0.13605912843834422,0.5357763137847783,0.9459081640372298,-0.2684341862355503,0.5415941952543389,0.44021284228783236,-0.5302738441161357,0.001432063296430301,-1.4375246156394623,1.2800851549619516,-0.47850287011639026,-0.47225168399196893,-0.5580962837641693,-1.3614947937642423,-0.7626970146693496,0.1272640855421214,-0.7696189481150935,-0.2831552242701655,0.1843850218846499,-0.718437138899944,0.02470954426255472,-1.3413874121379086,-0.03340951686901707,-0.2807526517746892,-0.9892660425922403,-1.4289836578939406,0.9675707235933658,0.06522229017985906,0.20293186269930724,0.2700477463085681,-1.8469628539703662
0,1,1.7743647786135057,0.6162864277254511,-0.5113468473977117,-0.7102763270394595,-0.88218477441623,-0.5577578986048379,0.1914691064794503,-0.6518193755750906,-1.001096308367542,-0.32954017767534266,-0.413238247472671,-0.5075118338606966,-1.0056296806281755,-0.540145484148841,0.4992101464976164,-0.17747560910879578,0.5439663999194039,-0.22018682272313278,-0.05273918422894061,0.29017524798307087,-0.4664317050437594,-0.298812708123588,-0.8448131731433444,-1.2330565415835477,-0.32120572030213074,0.14700766111026645,-0.10832543708491583,-1.2655420037468097,-0.25684613453869315,0.8314537457110334,0.010960355146613168,0.12362442270400803,-0.013762730301369215,-0.2561518070054845,0.36808738478115616,-0.49489761863427717,0.14929867382260098,-0.450882826834654,-0.9010410247330397,-0.70164753555914,0.48217387176690485,-0.357322944729284,-0.2938094989272765,0.8231729008604025,0.10707108479296033,-0.047933235290770745,-0.5166569777767159,0.5383305992031314,0.39919369503373325,1.3912694524680804,1.1348909816368005,0.3809547096983612,-0.13939873099464758,0.1814995492376363,0.5731536072585236,-1.1079253554389397,-0.6159503289724317,0.4752743285011338,1.0370885761758728,0.8659878840880387
1,1,-0.5613303181944111,0.3410282257906394,-0.6863352345860836,1.1181809235772695,0.6768172861071948,-0.4382891204094768,-2.167528365547279,-1.5315378740166141,-1.7708579099132558,-0.7481229154416759,-0.06216188379613696,-0.41712723905198795,0.23784550050825196,0.6074130429522921,-0.22776318084326033,0.8955010850630025,0.552857737062135,1.0721751723974031,1.4337446996611924,-0.774402180808116,1.1920686961841889,-1.1441429273264079,0.5478042780595718,-0.30397618140466515,-0.894540141228746,0.8575668506671315,0.7884624634428646,-0.0791792204013115,-0.6652341843230136,0.021862073151164153,0.419792141757684,0.879837638968777,-0.672655942330072,0.22287295865114645,1.2151569094563437,-0.5577380677169733,0.7855427247689458,-0.6017218538742789,-0.3941943860155308,1.747406182261508,-0.2245166079505761,-0.5689966005308347,0.32164066837796246,0.6087726147857293,0.35548009311736717,-0.6652440484590818,0.6753455172325875,1.4167057869932775,-1.193986331981209,0.4143369376894585,1.1758831212865992,1.0605603035987727,0.7380458386742333,0.8309291838519941,-0.18269253472934507,-0.06713082660988035,0.5671878743006247,-0.7965262662070728,-1.3176636928821792,1.238511504122119
0,1,1.7789599981137756,1.1241156015716844,-0.32044985509909724,-0.4532048317921504,-0.9017759921085912,0.7990906666243087,-0.5484912714115315,1.210302181904528,-1.0732032708175425,1.2573758521144247,-0.3796663505290166,0.25766515232797477,1.6355209771818149,-0.630965253908783,-0.24510356679454176,-1.4573604028231495,-0.2973280290538181,-0.3024752414536989,-0.028398570238133698,0.8334800174997812,-0.35803002653113475,0.32396925042017843,0.357048308520865,1.9340121837662427,-0.33595162433884157,-0.5521850684298694,0.3921021882233959,-0.3398815179832842,0.2527770674304351,-1.480284952594498,-2.109083290691471,-0.301017016169371,1.5294190935227019,-2.681327612260621,-0.4865975133060146,-2.4244317991598616,1.1802715851386814,0.5316233537201567,-0.3722469166557736,0.6385759447204837,-1.4312265452038526,-1.9452366235576761,-1.8228695452780308,0.9949695950937815,2.3329854931131013,-0.7952810154821421,1.7305133064450395,2.3041449358705735,-1.1711012539510828,-2.637390229699115,-3.657225278012722,-2.596578601453034,0.3890458376315522,0.054368627859798714,0.6214128754195578,0.22523190452819433,-0.38906511472701044,-0.7960392430885522,-1.9033194207153723,-0.06615330967121551
1,1,-0.11178127401566203,-0.08136380868879248,0.49258743613390155,1.5286505487749005,-0.10969375233040851,1.200258960859389,0.9233978869458797,-0.963180247263942,0.17943192273941333,0.5358756392651831,-0.2609730946026117,0.05513507969249967,0.07431783630692305,0.4094736159584347,0.7236508911173383,-1.5078434385966708,0.3921699822098359,0.7081451630255712,-0.1430752376863955,-1.1561455814563435,0.1774806649978725,1.167697160050581,-0.5130488267483564,-1.9886662262546766,1.1352668978810694,-1.002323299979579,-0.6706673044593358,-0.4147852704530463,0.2367222526644299,0.2942363675384472,-0.31334180884436214,0.5373728608510695,-0.3830084938574866,0.6024326498626953,-0.5136693499858939,0.6164152007879145,-0.24199614175058784,-0.12583469353653387,1.4003598485022375,-0.7499305189202266,-0.16907895508348356,-1.116925180250553,-0.04424873525565439,0.35237730566933806,1.4290545539623858,-0.012985879843776313,-0.9660284506289291,-1.7378253761170843,-0.18594960271537453,-0.07797171071952443,0.6865307432643477,-0.8759065038554344,0.41122532520016775,-0.23589591492876452,-0.5275678712918989,0.42715694413020777,-1.5107359423322835,-2.2247111182775883,-0.4526234474744518,1.343253801462196
1,1,-0.631658559619352,0.8537879035349163,0.518565095659721,1.980569250559902,-0.15102255698798214,2.173725851141643,0.6886269339984763,-0.7095108861589406,-0.4910634369925103,0.2111964779224933,-0.821537812874676,-0.5237286291982661,0.5448127760638166,0.20430100539878562,-0.044743457234844276,-1.2370100646830866,0.16836688230730232,1.479568296474515,0.9805266510417178,-1.2328037388638498,0.4089687104896783,0.20394419354281773,-0.9444918863467645,-1.0806043052944425,0.5281236462744567,0.22154345010517604,-1.1577907930957847,-1.3137672254187003,-0.0624340486473919,-1.0839500041841328,0.26286664011697325,0.8372213733256538,-1.0083258779422923,0.28788214421542513,-0.10824486166935607,-0.01124020806669118,-0.14660642595140647,0.7095512168974837,2.01873273671141,0.6428778706028326,-0.9582530847558929,-0.2515125136053379,0.5122187306467633,-1.4124910776769608,1.3610718635646903,0.22345548433904666,-2.806788183117102,0.5393827720291468,-0.6568610334513412,0.761354323687369,0.22974921786346386,-0.4033753642395449,1.0727104842063442,-0.49813641946838755,-0.7027326762216664,-0.07616965875807143,-0.7118305058865713,-0.7695033658466957,0.10672517930671542,-0.3514065093840698
0,1,0.12119922136028231,-0.10608683552615868,-0.16800727686971553,-0.38838894670557206,0.9176041876185815,-0.7225971911262787,2.0217597612088367,1.6603272035371983,-1.5894295746243916,-2.6893579930658107,-0.11792911663338639,-1.8175168277960425,-0.6202152117892347,-0.9604707923584658,-1.9345941814784464,0.4887154382968891,-0.3970410697345054,0.7913007275328815,2.2674558500889948,-0.22384921692749946,-0.3492520627549925,1.1262201497342237,-0.901655123503405,1.005177928308188,1.4514306251977784,0.26035784842826465,0.9459364819993552,-0.2450861402572877,2.3013293082328423,-0.8162907490655287,0.2538040324091734,0.6709921192745211,0.022108473245477482,1.5181239765932324,2.081883375350309,-1.0342977061031497,-0.7388036752959549,0.6374854469005994,-1.5180433686949237,0.494462368677558,0.8550001161422855,1.56805830117012,2.0276619593912653,1.1125460258415503,0.3042272431661257,0.15188802762204806,1.7405562169653725,0.9132707039258321,-0.3868422660182235,-2.179566083998631,0.10603638708022838,-0.5512568573733119,1.7295180946509066,-0.4031270525657567,-1.9783064075041203,-0.4352237874689608,-0.23719738628033588,-0.022717457768538802,0.8142369074517558,-0.7994918116011841
1,1,-0.07649205523043673,-2.216344996071195,-0.9460762847362113,-0.6496176221131854,0.21940394832777574,-1.0275898533351737,-3.608982400384184,0.6702187229789202,-0.20923806753426355,-0.0854342721142912,-1.064255983084673,-1.683021092602596,-0.013371828735251211,-0.4584923062531567,0.06131536023169435,0.11167192709594292,-0.617927727920063,-0.8702658551585478,0.30853537755718197,-0.7653210745992206,0.8275800076675013,-0.3132438324703747,-0.6745136221705684,0.513021564055065,-0.4988423152901046,1.770150824981199,-0.013919733963627386,1.0871350909764517,1.85325942888795,-0.17085174016620525,-0.43631901710647814,0.9450282635494032,1.4091354093661579,1.4957231630084211,-0.10258710270032208,-0.9234831128439335,0.3790464821519921,0.861497664449276,-1.409253158656429,2.7660710385027265,-1.6609945182466486,-0.18035448875620055,2.8069025449640517,-0.4401344070269675,-0.2200493365640896,0.24468772818203527,0.16501071507447496,0.03484337562418105,3.1046225393818205,1.6146622380291678,0.06562346793331714,-1.615283260676578,2.839578609359876,3.009352214654588,-0.9439037922328123,1.481953978913816,1.3777541413984264,0.3350400280063349,0.03720992036703775,-1.1335939822136567
0,1,-0.565798712738928,0.19298452921421594,-1.1057924334400435,0.4640144967717331,1.0356841945079072,-0.8903733111750417,0.9806366968401581,0.7962161120620038,-1.649151452118094,-0.615968667668141,-0.6796034559240945,0.04652012115742962,-1.308381850611084,1.430989108931937,1.179933595356204,0.26441783544070663,-1.4512679596185882,-0.5407069608521041,0.027151300009976707,0.21114346599301032,-0.4420355453520717,1.0202572981222509,-0.6776632777944654,0.37288184574078553,0.24004300588474517,-0.4629191329319773,0.6490955869563063,0.6063629641677047,0.7610268194079303,1.1525762529692596,-1.395035068886891,-0.9991144999104765,1.8124321406087558,-1.2601585417399368,0.24369154228758386,-0.8719090916891475,-0.5045259586492036,0.7166437741102331,-1.1827810144351785,-1.452709966667186,-0.012033411093117655,-0.2533294727125361,-0.2485312792777226,-0.16586264396498374,-1.0884441642740457,0.7475675841872435,0.4077707622626366,0.3602218749284972,2.2752654739476186,-1.5598022334809785,1.7354680652516636,-0.30859889603143076,-0.605595964739727,-0.6879745793188368,-0.23579047354029803,0.38129129169564857,-1.0590584298943477,-0.2779979932397157,-0.264960436825438,-0.9442923850830596
1,1,0.27724721381971335,-0.863566829147365,0.41874065190207976,1.0507637192439614,-0.2139569029655196,0.19265009630547628,0.800513871514946,-0.9102535658279105,0.41205363361215863,-0.7080068434835813,-0.7995802766230727,-0.13463479885616922,1.456133123687521,1.1464435066503442,-0.641852383304955,-0.7781836094027151,-0.1399935923802805,-0.31696304621604443,-0.4462487748867248,-0.0019002354768263123,-0.9962118193310869,1.6220126631017193,0.6813709164322649,-0.8896153282041022,-1.2391249456222218,-0.47067403304245153,-1.0727348137899324,-0.3013416352402785,0.6163226112813828,0.5842245597080805,0.2083548127428175,-0.07149848527720885,0.6105408535221901,-0.8107735357001447,-0.29219492254664026,1.0297005419126797,1.8072077124809454,-0.029897787530198266,1.8059107508288572,0.1906471509513404,0.09164905600335146,0.07811383564567399,-0.15756524722555773,-0.1831300561366012,0.0027854334103598966,0.039991060403573704,-0.4633023322640894,0.6463955037341632,-0.3010589397441947,0.423226979294633,-0.022407199479108436,0.8838089039249852,0.9139478920187378,0.5511866398441637,1.0827253891189037,0.30456591020837764,0.043796397083108264,-0.5567079953715852,0.946287634214912,0.2832089297281027
0,1,0.025196572808367537,2.9679860527071344,-0.5179846534310563,1.3933021158195071,-1.4477121277645806,0.33764401033277913,-1.4642718454701815,1.2104004534391133,-0.7948695661397716,-0.049147414272282426,1.9326055417901309,2.8045270502721475,-0.3485593415245097,0.47166568353434857,-1.6672538644407917,0.6321864292779538,0.23208410068945676,-1.0335889685687292,-2.5301477431921806,0.07765363538228989,0.41506979167560254,1.1875597287794164,2.000713504235434,0.7418471444255084,1.9378253068661158,1.3388716467831339,-1.4058363318743656,0.1438638238464282,2.148973068651396,5.151819794556413,-0.6961963909933016,2.9697774650133044,-2.8688331580312982,1.936624032670218,-2.291771212005087,0.8572936709409119,-1.03038639316271,0.3727542458633274,2.2870089767652204,-1.5926411229286088,2.0797872548058463,0.7104117648200267,0.7578232168122093,1.5459284304454544,1.0375899341401653,-0.21878781090447924,0.8709307117667254,-0.3912672527239753,-1.2049313901861138,-2.006729912685558,-0.20321322088974458,1.0723473620146438,-0.12861490732028746,1.4639041739789591,1.599732917460454,1.8043386805355137,0.8906046753010309,1.1116699281662719,-1.4706817900808549,1.0166772756506903
0,1,-0.27507821905078716,-0.02974774490990741,1.7858125049462654,-1.1124999283977817,0.7504859330082057,-0.9788701613927373,0.5954041220990509,-0.8156499199878321,-0.8763336976432962,0.21729601810518773,-0.270534711523538,0.16995684551516388,0.4048607603372257,-0.6096736565322777,0.6876978146225067,-0.3944007457364158,-0.0683144357382102,-1.241045348966472,0.3953568344193663,0.5903870979518749,-0.22657326055426802,0.11460234541841165,0.05945901454724747,-0.37615495330466103,0.24194103579200696,-0.6559838508687265,-0.32333431105735333,0.1325898184190948,-1.08868213089761,0.42199576141618017,0.3531405826085819,0.4436581171404909,0.6974284763687603,0.020941838784641276,-0.032751107703984185,0.057635663059145664,-0.06304856346296069,0.7431785967864634,0.34055182614251156,-0.6320578100157705,0.6627799646876973,0.4928160641346651,-0.14290505499360773,-0.8042383027903477,0.434377036404368,-0.34467074497734435,0.25417286449525606,0.6011624500568683,0.110522047808265,-0.34159342766448886,0.25991862265537413,0.38755012743161743,-0.00270616121550184,0.825020848787787,-0.30702663492994425,0.07263483332025941,1.129746565123806,0.23791113362340258,-0.6687385165896119,-0.02535711983489161
0,1,-1.3782832516505135,0.7312219054192748,-1.1673149714059412,-1.7476536807382281,-0.67968585434041,0.5334781347290762,0.7755616562159556,-1.498419940693559,1.1331372226890373,-1.136045956153127,0.7552555944980093,-0.7635755941946918,0.6884239154100399,-0.2220714180619942,-0.9117293763661978,-0.646381592283104,-0.6501435699898201,-0.7445205855255653,0.20793719110425,0.22583104651679325,-0.9830219734657704,0.3422698479071381,0.8417445558448846,-0.7605347396149021,0.6209679360091126,-0.5549464199536672,0.4787935604420473,0.844542754015882,0.5483347633147884,-0.31806970018983616,-0.8896603425596367,0.5276279507252116,-1.018389355698018,-0.6457146652718947,1.3918286372108337,1.0648885491094022,0.2828877856593234,-0.5230276425601982,-2.0415188159269477,-0.0661550985932288,-0.3139811931868549,0.6718568950064919,0.029562522575208663,-0.4006052067998124,0.579548703484739,-1.7388317669675641,0.6490924152799278,1.2436230796461916,-0.4331646233264211,0.8652358840242527,-0.3424037560736148,-1.7282959964688978,-0.9430826254789577,0.16490088607087927,2.09080527710639,0.4746564045983089,0.20453663162749064,0.7519753633258549,0.43129512219404437,-0.5896965876668863
1,1,-0.4602138649180269,-1.5128420839900742,-0.29233832074407184,0.20832975342351814,-0.8382033725861182,-0.3689560307138495,-0.2977786158002202,0.072236004432115,-0.21396838909461,0.7951448579757411,0.1447591997899567,0.9978181443549896,-0.4286973349830672,1.0024870205718917,-0.9176611145982557,-0.7503664628275079,0.40975658989610886,-0.48800546711140447,-1.9197921938054634,0.2153932494697849,0.37313023915847066,-0.31163442616926085,-0.6315521962118609,0.05473513743502746,-0.42026512407587263,1.4511225144212068,1.4672413559138153,-2.5156019587786207,-1.3775377520143475,-1.2705073532577063,-1.6677293529938841,-0.9670741690890784,-0.5766710518539298,-1.246876010166904,-0.03877209268770699,-1.1120045757932588,-1.828013165160931,-1.0662713742765748,-0.05219573882481517,-0.6329066692508679,-0.7170585607111826,-0.5079349013582718,-1.6289319859097908,1.9697161930903129,-1.8526216000920073,1.3498971579011605,1.0107216115743476,-0.5258030739681193,0.7101571751520025,-1.2693327305361033,1.215323234842553,-2.7224763041421522,-1.1025891647367034,-0.8157885845801041,-0.594383648920825,-2.904112651145194,0.9461447221022355,-0.291607563506222,-2.040618645498064,1.3364229310220532
0,1,-0.48948599702099127,0.1702795580790593,1.7660539437724485,-1.3571214700351264,0.23076778619102561,-0.8804687548345731,-0.4975768277150391,0.5590883028622605,0.5183324683119852,0.4230690987764677,-0.2623193151291909,-0.6353239186221138,0.1799333714502664,0.48419190185670913,-0.5379128467384764,-1.1779811958066277,-0.22815512523978473,-1.070554573557646,0.006069559475653372,0.8896173007127357,0.4146373511366851,-0.4413264611419378,1.308468833140716,0.15267700898406475,0.90231862837962,-0.5841679320886515,1.0370494893172675,0.8458452239808687,0.07765089520078483,0.7771149828488441,0.7718212797845455,0.615067867337839,0.10642085510571803,-0.9834825510236093,-0.04523852508546248,1.4182026692935947,0.11059860918009053,-0.38130040508490787,1.5930301077359554,-1.2918466048533028,-0.49269071909107787,0.602765154060739,-1.3301028434802675,-0.1344922548071736,0.21063044744066078,-0.35197094123727973,-0.14249322867166925,0.6818927278749733,0.15197293353822047,0.19037071158234636,-0.26452812526915254,-0.25870667048305496,-0.23404945880932043,-0.5140293538905613,-1.060731754730742,0.26262920889639574,-0.472481676809146,-0.294601457890594,0.5405962718040582,-0.22279615111983386
1,1,-0.48239466899820366,-1.077794779680215,0.7683794790791716,0.04481497599983994,-1.148011633892044,-0.07249950545373268,0.6372085742381116,1.0828205573096967,1.1816268687296156,-0.38536447286608716,-2.809208702038649,1.4305818101928647,-0.424495870473426,-1.468296029323175,0.77495798244099,-2.6269423171571034,-0.7234237139797441,1.6003088059532156,-0.9064389065028445,-0.43427297720690616,2.204166495803642,2.3561478677941405,-0.07603304187237925,-0.17212948486663512,1.8160050620189732,-1.1484102381478434,0.8556886314806234,0.13178976985868046,-0.6312295812496711,-2.5621007512473555,1.0159175364591482,-1.4590668609734956,-0.6653480898227236,0.35616318114381035,-0.7710295305110741,-0.15359944252091218,-2.5073649110646907,-0.0907492439969911,0.8795365843730459,0.14354524633546187,0.6538536577139974,-0.13684473611156012,0.09814719101573632,0.3999500912051112,-3.027063287986687,0.2333190741340288,0.33268981574028983,-0.7566955118881535,0.39579022342643005,-0.920180331018904,-2.0784589017218402,-1.4389789450474406,-1.8056623945631536,1.3082026843336485,-0.8530868756975231,-1.3061067555739618,0.9052000547279357,-0.8738478901103734,-1.1502280133997047,-1.0564259237121856
1,1,-0.10465479840272864,-1.8673903805104706,0.20931238516684225,-0.07740201006685224,-0.9684397474744469,0.5366916406436203,0.2711520151962124,0.8784789182022444,0.04941693474069959,0.448831236395794,0.12249667822035014,-0.6780117398401624,0.4855967328597145,0.9323090189923992,-0.33640187365297947,0.45517297413152197,1.1388553528785175,-0.7681379035873734,-1.188622201726126,2.098899189623396,1.5503251503989994,0.7702262646889405,-1.2587542301917403,1.327809518552105,0.5719226228148171,1.639839905669673,0.04482746765769503,0.5329562172034709,0.19242945857538865,-0.19767180164806997,-0.26970197338085344,-2.413090046646208,-1.2866867633861492,-0.5466747357791965,-0.3137411560985284,1.2137293550349437,0.25128210745775126,-0.08455958835320372,-0.1296855866424248,0.22694347460360478,0.49786941383581834,-0.11873546574917737,0.3759679225805671,1.7265084003885536,-0.36362201242268305,0.3741100028017785,-0.643701628585053,1.2387280833149332,0.11295660300870784,1.2648165889705876,-1.6144471508035427,0.13162546735646952,-0.5953180896566674,-0.8841550541652696,-0.5198561593291856,-0.6108680379778494,-0.06658544942695072,-1.15427511553766,-0.10753176859834791,0.6534075543032971
0,1,-0.579650507662726,1.7256533826582672,1.8443063745239672,0.22900347969230933,-0.022019966860284224,-1.6933461737150302,-0.168306919820573,-0.6188168320619971,1.4207890637131948,0.14975196433739327,-0.15100995670620015,0.22094817264705213,0.03707287295022924,-1.0681365861903216,-0.05027866536074183,1.0143732086122237,-0.047157393363391496,-0.7450481933990266,0.36156609925790467,-0.7949027590676649,-0.3309935964204876,-0.3226774429726712,-0.19722648649601957,0.5700501951547491,0.20404908391881893,0.2297387451785064,-0.2293645931283518,-0.354089791388313,-0.030054114425247743,0.2193112009029067,-0.31662416450327185,-1.002051687236008,-0.6621066719617348,-0.5536720978881147,0.09843413669688178,0.08221492771516355,-0.2921791739476371,1.1675878192869276,-0.8985933716109287,-0.22692598246772697,-0.9330102589762413,0.04364146295471408,0.630324119813696,0.14236810480116568,-0.2703710830979293,0.9193385565855202,-0.2427122472869617,-0.19437197783354707,-0.21564625151470596,0.03782085456536466,0.2602376893611993,0.5233522275176389,-0.35331488093084895,1.0495708980304377,-0.9683871464406717,0.4763729377587077,-0.11933743730923793,0.028570250500059135,-0.10132908695868406,0.5055833892172941
0,1,-0.33166665814684676,0.6130210880133015,2.022462441824167,-0.7442129004798735,0.8454134021329761,0.004155420885923173,-0.053994648132714,-0.25216414521304076,0.31155715893478747,-0.22914043163905629,-0.023977936953274853,0.171050614527318,1.7278574372477498,-0.8426870841543049,0.0840208397621234,0.20458004144844846,0.7791489394357062,-0.7845931895854373,0.7861094661730055,-0.8217433549101089,-1.304422800920608,-0.5224529982049965,-0.29103594240082264,1.2778516496965995,1.804024161721363,-0.3255591887902186,-0.4482241104345612,-0.4445270036744412,-0.9304648652369644,-0.4761244129997485,0.23645176898587278,-1.4117975604046806,-0.4054673686476486,-0.0652139550900757,0.9122435494638537,-0.5026389217549164,-0.18281081711717126,1.1668990464029043,-0.17433647756203105,-0.48051862906704607,-0.347010653820342,1.4464253375964535,1.3972688614497044,-1.3184884415345641,-0.4943537121144137,1.0050685795862462,-0.7298085462868827,0.35631261873385117,0.1842762155510561,-0.24973521078173347,-0.6518294795974009,0.09743974442989689,-0.9477811670847441,0.5337453260226116,-0.38477036037885637,0.5987318220031783,0.9919324319025613,0.5449810779489872,-0.9036044821346113,0.8372964850632544
1,1,-0.7532712774280447,-1.5301412550426636,-0.5798832841249886,-0.18989527756167157,-1.2480816201283538,-1.1949867860472438,-0.0435278062932593,0.39987153274808135,0.2850847315005003,0.7034993557815917,-0.03633453818864657,-0.3116054889406114,-0.19876931603776726,-1.4353722425403033,-0.44623079795390475,-1.7843463999861782,0.8662357880529122,-0.11710912279360419,-0.9455747178606935,1.1196890298849005,-0.17511467934784558,-0.20224511571749343,-2.288782550667042,-2.051008031628194,1.323361611777325,-0.7262264548988068,-1.778401311223352,-0.9067297049161276,0.13958002127719726,-0.5764689201107898,-0.6875949120977584,0.13691805095393303,-1.5428091100824992,0.7182001400999108,0.9815513566364612,-0.5035737227119887,-0.8227459222099802,2.5179573765900627,1.4123927420560605,0.6857750141585663,-1.524175847510863,1.6911559480826657,-3.200323096866961,0.5642797191157114,-1.2746524047874455,-0.9239482507878152,1.5936491274112605,0.6303697820742369,0.068942551459214907,1.3841646155452092,-1.3469305730098549,-2.149217399949254,-1.5378359206750503,1.1299416584186364,1.5055772308892315,-1.7034669404093001,0.24043441471456478,0.8209039070184923,1.5203132399864903,-0.08741234692598814
1,1,-0.7750984587811052,-0.32835067612840696,0.5462395148013351,1.3255576010913086,-1.6284301015459937,0.41087215250848286,0.8486204409896276,-0.0037520587570552964,0.45474954137579837,-1.2293872257224598,-0.36487098611355295,1.7267940319958561,-0.2451656519539858,-0.11210117016957447,1.971566181630212,-2.3042543963320576,0.9879982141196975,-0.3811048666194091,-2.0887327325164167,-0.004121388774364485,0.30239037399240293,1.42823510206942,-0.20059335063722722,0.2091590554033524,0.43110308920417245,1.1316519019768163,0.33427492806378817,-0.1987142148245133,0.627626538289597,2.177060548096772,0.1923790293033994,-1.777713872668419,-0.057495689397217234,-0.40770924470254954,-0.021690368770181788,-0.3681359611316813,0.11488640930280028,-0.6116797439621167,-1.5328723981149794,-0.21824936463127897,-0.14083466304262965,1.536430131145816,0.15012183772114973,2.227735037260649,0.07357199172018156,-0.1035811613875125,-0.6174635638020334,-0.9240392595322587,0.5439418509709129,-0.13017491785451812,-1.0225769367539765,-1.014125822877799,-0.19453039361138488,-0.0436423129821586,-0.8708664930762263,-0.687444348089352,0.8533973929500884,0.5236581281566373,0.10849084782789022,0.1380050468364361
0,1,1.6682556497034975,1.7489520324365642,7.227717422419855e-4,-0.11046505029154026,-1.535733317184298,0.3459561084858161,-0.42804483060908566,0.5337482507886552,-0.1579747011897317,-1.371726276012507,-0.39628872951699695,0.022603496334603984,-1.6537854401551368,-0.5376260720624834,1.9713119901770741,0.6789538505570821,0.7434400684570586,0.02579982405816188,0.5743611009118113,0.3165473233265311,-0.22745489305259448,0.22462605975204797,-0.32991762844879674,0.09680693372537917,-0.8063461330452646,-0.6368725109948348,0.5717064031109793,-0.024730398374541784,-0.6512736512889714,0.5484548367240288,-0.03159018923098744,-0.3467195908252972,-0.3168842726981637,-1.0182496125444713,0.27087909317478087,-0.2853546389744852,-0.5212829058733969,-0.34450667107741734,0.23771824913050388,0.005181219380670931,-0.3960022464507834,-0.7090891429325044,-0.02883470058897909,-0.580042032773724,0.4829111930858747,0.32358571888315657,0.7955497577886766,0.782547753506129,-0.4325804953011855,0.6638621174255948,0.1805067242899502,0.46419118121723885,-0.03016909627947146,-0.057386453428758,0.3197586288346278,-0.5981458609297414,1.2014289084633862,-0.8547491865134775,-0.20046587061870172,-0.17080002230969246
1,1,-0.7032292449070737,-0.3034513850189786,-1.1309822019697664,0.30087925862398185,0.185895360034435,-0.839485349456674,-2.9153001663049856,-1.0966642637143225,-1.6802172843898282,0.04804379568591908,-1.231932149469283,-1.0415758875619294,-0.35189431288872436,-0.23977203332122318,0.04168262923830968,0.5327045433601149,0.24454659631672906,0.15363354045639097,-0.7012536281217153,-0.16971761440690328,0.7461219663616984,-0.8747867158229986,-1.2901467330145355,0.5258952670520177,0.17551034595135567,1.952598932172837,1.0270987304237293,-0.900560368836938,-1.5198674481449441,0.5119995279844078,-2.312446734672768,-0.27688307408085366,-1.934404705681748,-0.17054936078782285,0.7816992675398342,1.602768977430339,1.389922308892224,1.544102236371766,1.42015736028342,1.8776938687415634,-1.5819654862064156,0.4958471929667217,0.32119968473070115,0.4143755390857108,2.001610588826375,0.0460509366617713,1.0280788665475455,0.052566282935823785,-0.34951149657656017,1.6900208012496871,-1.2814062880228623,0.45012686070460833,-1.68041465694927,-1.5482853083384183,-0.6329978853718352,-0.6445721644295749,-0.13775838931321965,2.014397289176326,-0.986711973389403,0.5590672628753234
0,1,-0.6905463500709795,0.5653172516766618,1.8015812469040813,-0.8678054379805131,0.16837036454249715,-1.0631115634217365,-0.18096724400268457,-0.3777320922104626,-0.26787110115816176,0.09783561852410691,0.042247306386285814,-0.11811912063636211,-0.29287022124725565,0.3728426860416947,-0.4638462652307908,0.34834989667107424,-0.016708784934107393,0.21695392163624924,0.08297331443308885,0.5089965372370315,-0.18245483555813072,0.15674375809255653,-0.019057079347454157,-0.031124521038313337,0.0713168559036599,-0.36167816754387433,-0.20992365303078764,-0.24196180752263544,-0.7751001564919892,0.527944695433489,0.2112005298806172,0.28415755970058176,0.5535131025512988,-0.5277315545953227,0.6733770321266386,0.5742376710499533,-0.08605756971347689,0.3386026609877733,-0.515035493124129,-0.2640202756037221,-0.6124247957318856,0.43450108280833444,0.9861693528991008,-1.314983193941048,-0.31402952394279726,0.26045685486333625,0.012350605835758637,0.28827295615296783,0.19450907636402215,-0.2609933718874072,0.05680252140377274,-0.6771042398992806,-0.21046099151952355,-0.45967721932556593,-0.013364252001197655,-0.43296617180512337,-0.2924734857934647,-0.17653152526568208,-0.9279378835265536,0.4393166827354815
0,1,-0.9846248034622058,1.0167629038250872,2.1155893705016777,-0.6576748374995185,0.17355212882566115,-0.26703070014821406,-0.18587782300336206,0.7106468716386793,-0.4527018947296809,0.5632326390840346,0.5530739020490775,0.8460375016730061,0.4430555579905656,0.8611364745680233,0.2541525193766536,-0.11152958242338647,-0.2192943688382077,0.9340822758324633,-0.649035423207525,-0.47236551474482746,-0.567291113560418,0.8861053124695942,0.7720728012591375,0.14982087737690647,-1.1004384902682918,0.34230168065205124,0.08813976960140854,1.5864282375109056,0.45596646541040536,-0.5265358379254564,-1.220775934787891,-0.2652202113890103,-1.954136172078867,-0.5025998293191567,-1.165345923574733,0.7417969353825881,-0.30067089142367026,0.3768323720128805,-1.416859031540176,1.2589630114782693,-0.2999481465991753,0.44429778371823214,-0.5313768456331065,1.200220298947351,0.24557406503284765,0.8273920456318886,0.7512932359847866,-0.26151593049638905,-1.0008631147602922,-0.28296118355750766,1.0391198771897985,1.3183233586320693,0.9149450103095158,-0.09523413691755743,0.029301739651466995,-1.203288623205958,-1.2300235834562248,0.505212798967335,0.18146681033482617,0.431839080672551
1,1,0.6133379634933721,-1.019428379167361,-0.0024025278616480465,0.8000728911706546,0.7402485967383953,0.6771471761143018,0.47031740406944894,-1.5142781563475676,0.24591872322417724,1.4623634406307715,-1.4140956856071534,-0.3990020253424112,-0.471787258657437,-0.015351775533788373,0.1401784812738282,-0.4968933536253674,0.060778559086259384,-0.04281241953092372,-0.774055011450493,0.5186397219782625,0.14823933731589514,0.7506337935270792,-0.8495476301390876,-0.15899283265890887,0.17158192621993335,0.9048814190903312,0.27700576202241967,-0.6155053503482524,-0.42388473621119604,0.8055359496146163,1.8544772128279083,-0.0681682202772897,0.4041575944438732,-0.10679809228161852,-1.2987233344527194,-0.9775292004709376,0.8693766131479094,-0.32438324826447706,1.1373864286990174,-0.7820566984619914,-0.4059803485477152,-1.2083715626787572,-1.0565263717595819,1.5596752514385748,-0.17248444362359547,0.0252721445502413,-0.020817410832020756,-0.36548817620164586,-0.9551031839158475,0.06253809547552205,-0.39233926418043097,0.5246085842652854,0.20569255379215742,0.023728053149707783,0.5182543217166368,0.8916318791444098,-0.0013509900275628557,0.28782764048018467,0.2561579608387808,-0.014037961812310717
1,1,-1.021365086536092,2.1916889331616263,0.5474229330777785,2.81193815152444,-1.103956584507214,0.3588344919848044,0.6961713468330691,-1.3673098293909012,0.289197355990469,-0.03961811370459237,-1.588609058517075,-0.9835153782072381,-0.06429789701085022,-0.03642283760488614,-0.478988283998268,-0.6796922168721451,1.0270438571298997,0.6395391690803836,-0.4567308136771707,-1.1726532956506281,0.01534872621068901,0.12239189224584338,0.5377650744420919,-0.3768816880465159,0.849096794184228,2.2106995901895643,-0.38398276065478054,-1.7966949650352801,0.9186550039055057,-0.44022709474570004,0.627198711288148,2.0938222263112207,1.288915008151372,-0.31283121623421695,-0.7676779791406623,0.81190520292172,-0.2792672265284308,-0.23545640203898133,0.19266623954986423,0.5437820215662176,0.657511207975647,-0.7381110831341365,-0.53116192748697455,2.7424481475703506,0.19096311827912985,0.8895423810595104,0.360362881969481,0.0935521044622431,0.9582229307142038,0.1554934542120015,0.3113776078395249,-1.2021262852707804,0.7969423158849316,-0.1609973145968471,0.5043775618160887,0.7306766104677842,0.9086281297165992,0.24353602295452928,1.0532837829074877,1.1095027132005686
1,1,-0.05816753426202819,-1.43407099375988,0.33721859353519673,0.6848127531211906,-0.6124406160326934,0.6689448936834744,0.7779937917002059,-0.5297506066591797,-0.22431130478841857,0.7802823610312725,0.23024180704264174,-0.4704170233921683,0.7698637892531103,-0.4311072862326624,-0.5376333857511071,-1.0434241444646504,-0.7199059719696206,-1.967860792030326,-0.9842294165825018,-1.001411067021429,0.5226157640476555,0.1393042229756409,0.40000887385989414,-1.9037947136731586,-0.7557664710180185,-1.2054983172069056,1.3691672045671386,-0.84450129604698565,0.3356896175668989,-0.7071633238368773,-0.5575507843853862,-0.1024457399404221,0.1855987730962001,1.2128180992748638,-0.10573251492803157,-0.025769583611271622,-0.5416147260651146,0.7788031904124554,0.41684766206132806,-1.3379959985470566,-0.7137206824151378,-0.3835091929498512,-0.13614844263752376,-1.3888575956973905,2.139471041584527,-0.9560086066586931,-0.8473537882261531,-0.9351667193394112,0.41375633118428035,-1.4901233625965866,1.2402581936399444,0.3369298454209225,0.2763480129423632,0.04398805969726918,-0.04514655877632169,0.7567339619674699,-1.2957580119728178,0.3436296327732413,-0.09489428482561052,0.08088582035177598
0,1,-0.6326692358479031,0.29865896053548324,2.2718568764734948,-1.413455287203411,0.5039303020920793,-0.350621936905931,0.10581097214755841,0.3737623152868816,-0.5194848400895877,0.23625118658590186,-0.299321500065992,0.8471872376678706,0.39953019857093824,-0.44964688278268655,0.04677627499348157,-0.5090345598020319,-0.4168690709630321,-0.4585137053508412,0.41432275159399523,-0.12440440934660793,-0.1060959008912318,-0.3388974654237246,0.3221946666493471,0.8094121531076732,0.9279853474889915,-0.2118278167159781,0.31440368878555897,0.41995005396042756,-0.01749430449414897,0.4522656167707781,0.35567288974028094,0.34583054473958247,-0.8734798975348366,-0.3072478351504324,-0.7542229566771966,-0.16246102142018337,-0.5255973670110128,0.6790787304269859,0.07332068994935295,-0.270292013984313,-0.5709096585934272,-0.2778100153772969,-0.6906086332680786,-0.04085844035863115,-0.39601919034313116,-0.16920884599096428,0.43459405371837295,-0.3839916156422289,-0.028502659936299066,-0.5229231774529262,-0.36690130080108874,0.4075021358075244,-0.6727798569962343,0.37599495721985227,-1.1221248700635835,0.7864726444698787,-0.2279737954052582,-0.2617936825666836,-0.011554030996081446,-1.5227895883694866
0,1,-1.4114463428428172,0.5895246730760256,-1.7852899229737664,-1.3725709336419347,-0.6299387977071396,-0.7081387228429585,0.18717744861200608,-0.6903598292274926,2.1291674724886116,1.4102476930132204,-0.08573923468739295,-1.1950169798184926,0.7088783651963864,1.0170586521037699,0.07223862037988682,-1.1788996784201564,0.21893791763249285,1.1330216000708981,1.5129373213012434,-0.8318635696784931,-0.3447914188804469,-0.9110584502544821,1.5305138934061977,0.30700743061950875,0.25267855776045917,-0.12939334304373099,0.4164400068024748,-1.1080960062165688,-0.7838035725594377,0.25163390994255913,-0.5362970429316628,0.6898672044788592,-0.13207555614831093,1.1259285129298564,-0.2829737043935997,-2.3229120465842734,-0.9189872861645503,0.041660021217839495,0.056489681480811814,-0.7895437003669178,0.2715337544208336,0.9778122723900828,0.23769944018007538,0.88806731860811,1.2537323869275558,0.350812672334671,-0.7221129350056624,-1.0680665781885315,0.13586105569290674,0.779363447446636,0.5689455486090083,0.32379944006528993,-0.80719526162237,1.4471713182506758,-1.2470187896755949,-2.184364210124915,0.22614829121857938,0.07678409389292465,-0.4477170926321031,-1.4772441132614755
1,1,-0.14702462531115565,-1.401083186134489,0.3358524026460966,0.6049004697530762,-1.151966892430745,0.46341265505116364,1.4486101127043451,-0.07514532016562964,-0.1212876105883625,-0.3998213379590181,-0.700770577939975,1.4806584889343406,-0.15898156231891597,-0.18580182710717594,0.7432623421487436,-0.9062475056200695,-0.8008758500389422,-0.42304045028693044,-0.3455106889075514,-1.756116655288974,-0.13498297171896093,-0.4720118649253223,-0.9174648788392723,1.1035807255813141,-0.14581560471458338,-2.2583274919497756,0.8518371587141379,-0.9255786895257686,0.16471392908978288,0.9147666672758796,-0.49787920847080547,-0.36747179237568983,0.6444529064324577,1.2617207195791726,-1.6493154244574477,0.3098561763407492,-1.2928217228917955,1.3285620343902047,-0.6853456487080994,-0.18999259975837932,0.6045210996582134,0.3790290240774134,0.8105821871966568,-0.39291142204692,0.6654281548976747,0.9835381171371637,-0.4228227525768296,-1.2756758144233566,1.169209056374856,-0.9420648808874705,-0.8231144589177195,0.3761414096354478,-0.3126438031625477,-0.5036098493221667,0.9811942947606681,-1.1772119621014663,0.2931611174807006,-0.36058931955159207,0.5065789960195631,-1.7438621662844995
0,1,0.3975361916579864,-0.6500635771029103,1.6117963550733838,-1.4481116436412136,1.0191359792932548,-1.2731858551762942,0.22401671600613857,-1.2966918634175262,0.3665687047815873,-0.626518778655856,0.009812207081438333,-0.28252171026509226,0.3134950282392485,-0.6447285814308504,0.08720971428355102,0.7043071935589953,0.22671376407048954,-1.3835425075551457,0.32341285556033755,-0.27708061354794516,-0.06768174055520197,0.0740671616281606,-0.05669604697093839,0.4744761692091566,0.4753615088557252,-0.19718273292568952,-1.2884716025876224,-0.33359613643263836,-0.5001990143102144,0.46077277893587804,0.33314901312316286,-0.2802674506669573,0.6839107324289619,0.04584712106595844,-0.037747254411669776,-0.5626717508378779,-0.23085311646553025,0.4427368170789015,1.0970737417833984,-1.3631054867471646,-0.38880594312146344,0.9368847486178026,-0.26429227869143623,-0.39354684393604555,-0.22629366536808762,-0.5090958819260366,-0.6387534124371235,1.133369636102104,0.01867328563002234,-0.023061346531322004,-0.16168934475131824,-0.04722159879406359,-0.767611123681756,0.543495690146663,-0.6933651103405472,0.4181514262497471,0.6060445016209007,0.3454137882749755,-0.2864857298077746,0.703693254769988
1,1,-0.2268842472229537,-0.4229146558819744,-0.13978536814189044,1.347961238546624,-0.3906726631550532,0.24183853731199742,-0.48972209545546547,-0.45283997255863495,0.6615920280301236,1.1516150902556503,-1.131030739073232,0.04011283954894832,-0.041815344600436705,-0.1636837738384024,-0.35759977084177663,-0.38010779281775364,-1.183858212648926,1.1329359409831787,0.09629021982223622,1.8195794414036974,-0.9636013156356428,-0.43273420656079226,-0.49059614177658034,-0.1787762191209083,-0.3408453182226728,0.13197638435522702,0.1553233541811765,-0.0100355049390438,-0.16634891880129055,-0.13811353853175154,0.754878141296711,0.3574931377355172,-1.2135117069279167,0.05661816346772377,0.3684153407546946,-1.5101217404000327,1.2972398883797516,-0.327928016591658,-0.6416769365822101,-1.3868356631403844,0.025297071038206765,-0.030755620530738235,0.5030341118572279,0.6773003924899665,-1.7515207777720885,0.8077097133999119,1.279024995090057,0.34869330891465294,-1.198859877282197,0.07375770798604613,-0.9017859508251894,-0.8494837596019148,-0.09160531846282442,0.13235597493932866,-0.2855972197668315,-0.6129218603092069,0.6440491174877895,-0.06187376767387884,-0.8890171260494091,0.33596148581812657
1,1,-0.4377325904266303,-0.7335718314820661,0.3139947572733075,0.9431276799141697,-0.7704078332854817,1.0342860584187632,0.3834590804560988,0.34381729490105417,-1.0076160118354132,-0.042468604694490784,1.7586085499073432,0.39756748088274346,-0.35734979659259497,0.4621006177618437,0.60748629160723,0.004809310412366232,0.7597985852183813,0.41644602541987763,3.2138354970998164,-0.22799462126998044,1.8298419669941863,0.6884498423195503,-0.5337720436751278,0.2413927580901078,0.32568107328211693,-0.7378120039879873,-0.07489102107468162,0.40479546589549253,0.8836249784026776,0.9125627544468002,-1.2104035638306636,0.6044342998829992,-0.968665638452036,1.7256766449368477,0.6095662739375434,0.35491672083952075,-0.4127659685422051,0.308431069549175,-0.8608546904482678,0.9115281881323163,0.36714922874808437,-0.7340673584815288,-0.6664172411352157,-1.4845018097722866,1.4411397431898185,0.16285156155806457,1.3730613185166798,-1.662150713965104,0.5826304488913296,0.27361810583343465,0.09098677289369773,0.5289282626818533,0.5058238713535537,1.0245028510991558,-0.6915666712520288,-0.08885193164718208,-0.7702200253531964,-1.23866654672495,0.2316643242807364,-0.1963135892347516
0,1,2.1045859332884875,0.3618895489863899,0.02027962438780702,-0.992436938322131,-0.5581948445293109,1.7159449206136335,-0.5932820804723307,1.0005742948529421,-0.4924445139479905,-0.4189357792400688,-0.49136221177314626,-0.6354863718094502,0.004575133592253071,1.292162008338059,0.41096386868776996,-0.07519448906058919,0.7667964775476874,0.9230291327831042,-0.6694253962963269,-0.10732993506799371,-0.631787830378452,-0.48889621778338704,0.6899746560325107,0.4121816025867488,0.5283294660868394,-0.13933863636935026,-1.3616452524049438,0.8577665862717494,0.8852910460935166,-1.0167162501369387,-0.42984525617084723,-0.678870376777297,-0.3684348068683886,-0.4684460736696347,-0.9110693679404955,1.2834357107951704,0.2607646813442106,0.8803131567530612,1.1703134088011586,-1.047483746435667,-1.1467468617259058,0.6702267348270603,-0.47853500437182966,0.7665069735689235,1.1798585863825402,-0.05202437733154788,0.033999699626293935,-1.0150032634594588,-0.12224709504531778,-0.6815619253754926,-0.5324639061705801,-1.249141440100263,-0.5902280523509654,-0.8683081356184498,0.14936146876161197,0.20047970194453976,-0.3989257815119028,-0.19301458482497222,-0.7198674546399358,0.48708951599002503
1,1,0.04643518916866718,-1.1803964316408349,0.13922979052822912,0.7184756116875487,0.34575185407367237,0.40189048109542963,-0.017525199011979548,-0.9187313133460755,-0.5427703208253607,-0.5201284844034094,0.5991439554293719,0.11759531460769798,0.9237191744594326,-0.27276725404179103,0.02745268685684559,0.3808289407878598,-0.4605354892199039,0.7256228232417127,0.2703420335157366,0.8688446253448573,-1.4712185411718333,-0.29238347014621385,1.0577909569830954,-1.9932216064455708,-0.8585480086804292,-1.030420492769974,-0.6406215363862935,-0.08571681695517272,-1.1700151713635731,-1.02911144377464,0.9188542950944222,0.9404696358216357,1.3096262020043237,-0.5011083472985861,0.6268379529690267,-0.3446207194692138,-0.2505616325407803,0.9534745580514993,0.36526880974131626,-0.9611540016771247,0.9175736046736342,-0.00786897370749674,-0.1768244184285573,-0.013859072269563092,-0.2083452074125331,1.1062523248929876,-0.9375433296363113,0.48246759845776027,0.29444965425429337,-0.8121069795047646,0.1857986423830189,0.060447627267088425,0.17233837822781872,-0.6268143400038327,0.5668883599544472,0.27281061005718066,-1.1449311891309968,-1.0807500462400756,0.11525422988342585,-0.39084138274482294
0,1,1.610171781749789,1.3994930095800258,-0.4390971550172094,-0.1861073863193038,-1.7009013736639176,-1.43521846301383,-0.2149129622141423,1.0471554945646975,1.5723015684998536,0.8094832461491115,-0.7007688710350982,-1.6822617847006105,0.38577490040808105,1.1702840462133652,0.8218129637202817,-1.411817666503896,0.9554911833056627,1.2995508880088675,1.2210439093475431,-0.45803664603020566,-0.42271520980512906,-0.5848437779221166,1.1407323844969512,0.13206974541906216,-0.0039971587138871575,-0.15729259975776552,0.26557964205773466,-0.087122138734985,-1.1810318069136365,-0.4647022941068503,-0.4332386832067913,-0.45200146019308723,-0.25491174438526154,-0.6171897450722332,-0.0183225412780187,-0.49304712699698217,-1.5405337994617156,0.3367616695058567,0.18736926432669324,0.3393613936186531,-0.8589666957648903,0.3732783286589446,0.48749091553080764,-1.0997093118038408,0.8706315426876675,0.5506227613084319,0.781631823640985,-0.3984390778078552,-0.7505515975542001,1.2340379067723193,-0.32564847400150193,-1.074649306783838,-0.4236588909559677,-0.5888018308139189,-0.2855307462306729,-0.6681001670415327,0.5509064983243953,-1.5187112181759475,-1.8818156866721412,-1.556355213755078
0,1,-0.34639014433365534,-0.049891045820344725,-0.8815230240304393,-0.034897767389408245,1.3225975270028594,0.2760626156926268,-0.22427090253403587,2.446272997775752,0.5089942600889256,-1.4727856765076481,0.9291297835918806,0.7881998429831184,-2.7009447510229774,-1.7297622300123714,-1.4422381075058175,-0.6865362543898851,-1.7749062940067541,0.18253934391389354,-0.5533749970211097,-1.1573826670831953,0.5852325069779993,0.8533191210406829,0.32569319924096984,0.8521412888080381,-0.01621515019038914,2.333206981686189,-0.4404997613794139,-3.240780399119518,-1.590277598544089,0.8370362503337548,0.0864536630730093,-2.806856139815708,-0.942348259544764,-0.6954372686410125,0.5714834873575044,0.9487833568889561,-2.214184798072886,-2.5254282566999975,1.8005777716406839,-0.6327847082274863,-1.3159551648822467,0.430205276500509,-1.4503588056413292,-1.0399907870837086,2.3552083491213756,0.9629945888768502,-1.2948792726020306,2.331012882974505,1.3615828253827063,-1.0247333472563525,0.05646757720247179,0.6221324955678529,0.3988303527690793,2.1999668654901683,1.9858745337771457,0.842118855031104,0.2866681467379116,-1.3240075890659688,-1.8016072891673285,-0.21308906654099266
0,1,2.196871040822475,0.2570769591510169,-0.22193788627739353,-0.678659221593915,-0.46098036148740584,0.9765483767097217,-0.22245878708703132,1.2221255667064321,0.15986938490645541,1.627964748062631,-1.4168490722778642,-0.4820038088465743,0.18217778588281164,-0.0022388719128926243,0.2743662613254771,0.29545472367509246,0.13124666595743986,0.038151085392877586,0.8557646827713717,-1.1534735487938892,-0.67751907600492,-1.4514279981396727,0.2717844447903119,-0.14912252024234116,-0.3791811845194898,0.7135588850159054,0.46629253048638003,0.029768437891484825,0.8187743353642327,-0.9984805724243513,-0.038627466766240855,-0.7076501282366002,0.8524804059303208,-0.25652542367054987,-0.666115736608224,0.05775690431308053,0.779276465895617,0.6210081123272191,-0.08359286233591923,-0.11056793685792994,-1.1330232635144128,-0.09829999629203817,0.8276898855932281,-0.36896646838693864,-0.9839986297415939,-0.21530216049056114,-0.9832817710328406,-0.8048174125136995,-0.047836578449413955,-0.5500134257181829,-0.632558294253299,-0.7631000358921103,-0.49603467733079915,0.37798588315840587,-0.2030659676052283,-0.739114142344739,-0.5719796876530643,0.34344431987306256,-0.4913855269312158,-1.1252812452504521
0,1,-0.4708488427045688,0.6492633529766784,-1.1741999538497683,0.42154980827565985,1.0419918737857028,0.2917123746124326,-0.3051919891947216,0.1655041781144035,-0.5813665612966487,1.8424296891843617,-1.0034089543701354,1.6919514970174376,-0.5495633145733054,0.8402209203370333,-1.6158759101591196,-1.1785732103842406,1.1927505562888485,-0.4618050582430302,0.7239324951003429,-0.9396583433766176,-0.48784900051366403,0.5422815209328584,-3.8549151370085797,0.5046460635442637,0.008449055414480084,1.5877950760153028,2.3571288909661394,1.614866578957001,0.23059569335282662,0.46546572800288954,-1.2622933363214142,-3.274164090234745,0.7835752785197105,1.581681267615469,-1.258236240302724,1.6537545684736226,-1.5327909568205602,1.52347999269723,0.05069357136493072,-2.9482562533538594,-0.5636235156883841,-1.6692339649737649,0.7344666802020169,0.4268091730053422,0.7475186219111241,1.0244563425032174,0.37413135954452426,-0.11731642537448056,1.0344425263423356,0.8758270813544822,1.5475075846630382,-2.1330026229506087,-0.20223219095658784,0.8780824184401461,-1.173988764747078,-0.42943983901798494,-1.6209819104914989,-0.5994529336247901,-1.0533788234421706,-0.8190663735732483
0,1,-1.0529942280316689,0.5709364478659265,-1.1188415009866595,-0.7981746018124678,0.18487427870978554,1.1910559014082505,0.37417239977224787,-1.0085834629895016,0.11818255756633828,-0.8204714502884093,0.7897528292275268,-0.07729888592233038,-0.4190870602295049,-0.1143060756314041,-1.3177711941735661,-1.408128721529097,-1.0502787066766064,-1.548971423136389,1.8862808518363743,-2.461866193472863,0.0665464612579978,-0.8714120029357154,1.2104320255959105,-0.7298104594002345,-0.2104158873128694,-1.7506155201837257,-1.080608211843308,0.8326429041511763,-0.5487285635327496,0.026680657051251465,-0.35802879834582796,-0.7975209528224656,0.6802763480280746,0.2875743084012728,0.25484978056905067,0.9695806322755177,-1.8151609430259144,0.993953642527124,-0.276762781265511,0.882481444751559,1.2367334641746577,-0.5426820763267997,-1.0787057344683828,1.488961939135088,0.565197635986959,0.3340929325883026,-0.08874459600156047,0.16574496601142272,-1.2988571647780052,2.883957847566465,2.0632749371935457,-2.7658313424240597,0.012322654856616965,2.615970629853439,-0.9555976011913724,0.455663914292048,-0.3995535797675284,-1.31455702105638,-0.27129331646451343,-0.4661960793162263
0,1,-0.507479580632394,0.6370421082808457,-0.9419315084351666,0.7356046293067624,0.19774857012140748,-3.5533487504678214,1.933894033395735,0.227658694278221,-0.039234027273836375,-1.4458013328251094,0.9114690051156156,-1.9378254327994633,1.4692193357816943,1.9157677943374867,2.3168311839514386,-0.10546682768374699,-1.7465323272614404,0.952039146839195,0.28325828632260724,-0.4840962378466216,1.9203536169899034,0.322106578916582,0.8510610954757228,0.827266242779092,-0.6985055539821056,-1.064581075572096,-1.467756784430572,1.0388165523002282,-2.6467521591649876,-1.3368772646204201,-0.055930503070968855,2.0105411108075355,0.5505118858802289,-0.17730751577824433,0.43556817777891077,-1.4330457312772305,-2.6184764061636914,-0.354465507539255,0.10202199051302964,-0.15254199344790742,-0.7493403986098048,-0.06301076541859,0.30326695512294305,-0.9314131965278402,1.2482036014316271,-0.8630838130364261,0.9337688354645199,0.611921007665923,-1.0882543332014687,-0.4968569899189089,0.5671055482785882,-2.0024616561867297,0.7069242779209837,1.5390204716773088,1.6817013113129997,1.699914945272661,-1.8466330274241554,1.1903033457920755,0.40096192534029873,-1.1644973788021673
0,1,0.061290468927793385,-0.5642749129661029,-0.9953970233879721,0.26007551263693907,1.7080211144667856,0.22494900024751643,-1.3777072474717673,1.810044324361213,1.1269275446347384,1.2070065503621519,0.9197902958067872,-1.071919639848151,-0.04145529601327031,-2.2272212037200885,1.5121881306330676,-0.7885361076308657,0.1106921149987573,-1.4794956435776967,-2.631218759532434,-2.301728709880288,-1.0680254592306868,-0.15301510092244952,0.2988037946603802,-0.15319740284408362,0.8790265482836058,-1.0525833841045573,-1.1849710069112516,-0.8593925599435136,-1.6909172766427991,-0.43976796536641893,1.3896018516541286,0.28126945757373323,-1.7558240377537855,0.9260067461397182,1.3702111866322355,0.6503266211900084,0.9250519133484565,0.9278010132122793,0.9490873639657339,1.3978241718751812,-0.16687861726538006,0.24664799911754542,-0.17024301181238072,-0.1462324577791794,3.204087146892724,-0.7150387526703447,1.4572045954763644,-0.7242110132282067,2.212871629881111,0.7069661871616929,-0.42200418319816096,-0.39633554671316346,0.8132321302370025,-0.8573787955355824,0.3274913226123067,0.7193322759816199,-0.2865624897554973,-0.916657752531193,2.8105955097677366,-0.544421434911327
0,1,-1.6119892875522037,2.5962566264364977,2.048163597216031,0.48258248855032226,-0.67400499614,-1.117337260319495,0.16018702550340688,0.21489337788786683,0.00811382980394771,0.4503242303350201,-0.9964659108624397,-0.42066982670480346,-0.1742830490987903,-0.2574641636276356,0.3459366678127886,-1.0759954800558218,-0.22702457390632277,-0.7314559907534044,-0.24053407197748392,-0.3428856253675632,0.8267143679134116,-2.19889217962977,0.6758796319712256,0.4570159451857605,1.7525195696743159,0.26133686275499884,-0.03858697768591385,-1.3001412524753644,0.7147198652014175,-0.13179572051670874,1.0660023398490774,1.8639495462095288,2.3348690264053187,0.30313367062623064,-0.9571985645358637,3.318166881931167,0.7295034720184534,0.5064019027054176,-0.6638315311620627,0.02048627529718079,0.5826674242553056,-0.7819378406878933,0.11140142143523706,1.5275117504477704,-0.054886315886629566,-0.5081672144627305,0.8278649775973548,0.6258981316079104,2.0830250929640948,0.35093450028408113,-0.12703713946452266,-1.2713166069810553,-0.11562651072061078,1.080172518880908,-0.09393975112639104,0.30073423067126703,1.7587291978320017,0.4745657293242029,0.7922403160688269,-0.11320585518778285
1,1,0.28995329495999866,-1.325903863864919,0.4127716741389541,0.6434423922441932,-0.1694702007496467,0.2522859910438612,0.47325878733038246,-0.7703266173774741,0.35664517997570366,-0.3708007415650399,0.6066959010131565,-0.10347263040228831,-0.062117505373452,-0.446591506615335,0.06727981001846174,0.45937914411352365,-0.3372717847722207,-0.1196473334991773,1.7661257086477227,-0.4295632283735164,-0.2632314213023095,0.23894362651957882,-0.869751552751738,-0.812159669955553,0.321648049158801,-0.5810459750036893,-0.7859144078429982,0.5269266591539437,-0.5497627687990944,0.278236472483304,-0.0660803561610065,-0.027739239850576157,0.7530627254327218,-0.15918565487779948,0.1323317904713092,1.0572338650157618,0.5118565289626844,-0.4425303040563762,-0.5050368137237763,-0.6355781226486205,1.5925897974161163,0.7159417822976105,-0.44296952470476214,0.8990619777221807,0.1030164566794647,-0.48948784799773726,-0.6604177213517859,0.23090554987458392,0.5159474882592027,-0.7657357347977607,0.06844024729520914,0.6243793251792524,-0.45426004303475936,-0.3114815793144288,-0.09794837005991132,-0.30849870062599316,-0.7294674513576762,-0.17811912727041665,-0.8144461223106167,-0.6740908785205209
0,1,-0.06879285811263941,-0.1725631331822872,-0.9179888296791092,0.42071115596419595,1.4060056026436976,-1.2413576080606474,0.08374696193823995,-0.5078158606058443,0.2396216617097775,-1.0056355824344496,0.32254467851726254,0.05782047396670799,1.3010615454701826,-1.0716469781906595,1.0472839494873796,-0.5043389422591543,2.972663879733472,-3.1759030587387187,-0.7663014765761335,4.082160243557689,-2.2864639207895165,-1.3551454228943405,0.25190855973499987,-2.0270571488194067,-1.1311821280286825,0.7811002179964731,0.05364862515441435,-1.2676975841215166,-2.0333339665420667,0.6169269106072287,-2.052150758374459,0.14795408348919406,0.16299723201502608,2.8634547179390286,-3.3753155433162227,-0.39284050735583337,0.88644984225099,1.2771425139211228,0.14240965387987362,2.4463991373588923,0.5666995257916921,0.40861368374879,-1.6481654910177734,-1.6129759432118271,0.668809372451451,-1.427192703935718,0.7975611292965562,0.25549086774255214,0.49845432699113773,-1.3499266817831894,0.5260124472140505,0.5117958678977514,-0.7767140301810012,-0.0019815554557934116,0.4653188934690865,-0.4691088999316853,0.9611589224747593,-0.3055145714841962,-1.4106110762902677,0.9399496634345292
0,1,-0.4340905280838046,0.5212131032992942,1.4812238402986058,-0.519363778535002,0.849800548760525,-0.8069578914593006,0.1772624430134942,-0.14109520817743468,0.3620484595338563,1.2298929902237279,-0.6470223058360931,0.8807990095113687,0.29277956954646916,-0.8325217410645717,0.7605087537127513,-0.16464877603829398,0.59588846133228,-1.215566325005094,1.402187913252601,-0.9037739730520714,-0.7545146533530326,-1.072205307811048,-0.22031827094864173,-0.9739687158995285,0.2891615808893998,0.10261196039964965,0.5514988620876092,-1.2025818895729952,-0.909063090909545,0.6176210712083168,0.4613384124982898,-0.05162639961371333,-0.2103010666600083,-0.9135325517222708,0.7054811606334053,-0.5017079651126289,-0.16018758756939908,1.033655903422558,-0.09543013786055259,-0.49891257439066133,1.3691227495165037,0.4286467429435209,0.056922093262944035,0.3568166906758059,-0.6264499411648204,0.3825130610901921,0.10996823775642345,-0.5320615022770238,0.09309168537437533,-0.09243125237305408,0.9561363369730637,-0.4761693808835079,-1.2959085143413784,-0.36078026496326415,0.46473223947356174,1.3005275379118924,0.06178186802646047,-0.36415569515629326,0.8847014334024631,0.14389711579327313
1,1,-0.1315893731130201,-0.9827663329119586,0.04599139286621327,0.8322958487367151,-0.27192893786275585,-0.31624744898326473,0.5962217439631629,-1.0505191869933734,-0.6789106178536836,-1.189478553374538,0.6918624894347374,1.3350560309350386,-0.5927888036281196,0.1511831088661542,-0.3457124098084276,-0.36446973034079827,0.16251394622291454,-0.39300702526792547,0.5343902303287557,-0.8119597599353006,1.1475401484605123,-1.30773171153502,1.618035129941966,0.46633582486935476,-0.5204887227081336,-0.11915969797406435,-0.7841841065647435,0.3042204544802492,-0.06846243835804258,-0.03238427151635375,-0.9737849845428687,0.19451723822517072,0.11020243581691772,-0.6429944175550443,1.1921268418822835,-1.0255504783609277,0.13143670506800248,0.22702318988991138,-1.535549839403347,0.017051277400784635,-0.6118053979289222,0.22553898648587228,-0.3227126613159492,0.5492082589619154,-1.613125883965318,-0.10715596165233496,1.8117118000762549,3.168478179142504,-1.540608953524554,1.667181477148878,0.7859201775117081,0.18300121544956222,-2.4377028302573924,-0.8172629352046787,-0.26279971452654194,-1.4470408837681394,-1.5210416418346109,0.2668535883490483,-0.3849652755669397,-0.722260157278123
0,1,1.9940861798693976,0.8335441491416146,-0.05475445409588155,-1.0013023407924566,-1.5368589671920532,0.27000315155102794,0.32397439347394497,0.8434416723835546,-1.0430662692116768,0.3508625875011606,-0.5822321832428197,-0.6636484596618579,0.6593325596831081,0.1072335297145614,0.4827317532656337,-0.030320013766806635,0.9309020004802118,-0.2601870468052949,-0.3603291654744174,-0.09442106529836063,-1.553444190701205,1.1093853534111282,1.6924999333550506,-0.29596364331736047,0.35727210318486174,-0.5602917907702593,0.3637356362092655,0.47312115263622206,0.6250746055323652,-0.34433534582781783,0.7789723974160607,-0.800967827509598,0.43221979214426537,-0.8044352919760501,1.0148331397627777,0.3328030866664411,0.8394290828823885,-0.38720832744864864,0.7276360313985598,0.3502301312240938,-1.0453231123388145,0.5110750193495456,-1.442286512861785,-0.13434293990047058,0.8389880836765023,1.3274266973792685,0.9158529629461131,-0.6487234535554971,0.10151256372045692,-0.5076035303185753,-0.7200603056762033,0.1348378086663916,-0.5386189701436748,-0.24525550629931953,1.0393938987963343,0.0939769449052068,0.7188083104529668,0.17678973867960415,-0.6905834496838036,-0.7210977195418942
0,1,2.154684938006873,0.03118876037298589,-0.6432041549036319,-1.0996919177626334,-0.740020033041263,-0.47101373597367224,0.6582740903082509,0.8332406310818786,-0.6111871451616657,1.1340205368677325,-0.8376982512047159,1.47407712878412,1.5993034625749665,-0.49041942571004943,-1.4013703994429494,-0.1519751071044754,-1.2064643265934663,-0.9324321804077479,0.33706957720350744,0.7330466608269621,0.023615933263834127,-0.1933333778852253,0.8928124795049119,0.9192469665798865,0.3001789903051468,1.0269222602326848,-0.9044311277898794,0.8610205169528888,-0.3862706723181966,-1.7124422854491954,0.41031534316919765,1.1471665325433054,-0.6433050491096054,0.5179562224055738,0.424268138169205,-0.4967736572968532,0.12949400842638026,0.5179208926179173,-0.056340376669423646,0.2725476632243924,-1.1241566783131507,-0.41630142185586616,0.5565940575259974,1.6064643468972413,-1.1306975814271707,1.3128514420764188,-1.456330097210601,0.1762243899742642,-0.4764116641891493,0.5891244912105618,0.6480849012659177,-0.7420515523812923,-0.2802688306800642,-1.7958705594690234,1.1390230685762195,-0.9129863611623806,0.2009465655970868,0.4356087093432683,0.5547646267894771,-0.19807095064410168
0,1,1.8576722612772714,0.8621291116229691,-0.07380533139879995,-0.28219648475992315,-0.6661870504212732,0.13669603846312725,-0.103419013408926,-0.8448342231588996,-0.6721029148529528,-1.1242783904989493,-0.27770731524421616,-0.7273233641942338,-1.8839691019903462,-0.14194795326757192,1.356958890827388,0.817656024321454,0.3840427413550643,0.047642943632411956,0.5940865588085003,-0.2356012931736968,-0.704471100849482,0.20263989870108856,-0.7540528424040303,-0.20355033607616185,-0.8538400710431591,-0.14949268575472513,1.1206218163326576,-0.49268479475911714,-0.29835100094639866,0.7281427932309369,-0.13312069063789536,0.00344677443681211,-0.41838066792270795,-0.04835682455932747,0.24026028141737918,-0.3695425061848904,0.12935613852509814,-0.2528289044492975,-0.4560616700633959,-0.4762022997983015,0.6374796619784534,-0.03612656660084141,0.1874156815054496,-0.5079172412403005,-0.5911294085634897,0.0931489754829431,0.07006964047845798,0.22541204084346902,-0.03219103628638115,0.32890286099049426,-0.027603277787348855,-0.10915778424542669,0.06467063412475757,-0.09767212063160877,-0.1595953994727349,-0.14354701127013403,-0.17930054859499253,0.4776507219814431,-0.0446648737780644,0.3520658424324638
1,1,0.4329556446175931,-1.2731056711070234,-0.015973986384726312,0.6708846561559855,-0.18542180716023887,0.263917291324572,0.9981959205001639,-0.9324526023103081,-0.34961737015067645,0.8975155318911928,-1.0293418652333928,0.12770328459176916,-0.5660204703385394,0.9182683406221845,-0.5569221926037805,-1.0851581772140613,0.3969255966793701,-1.0165391054421233,-0.7105246492991941,-0.827184692120246,-0.7549883450100051,-1.1043888720671375,0.1744293448743845,2.253594538091299,-1.119403927759046,-1.0453170943804715,1.2687322927668798,0.22864863930456902,0.9654244275094825,0.5512335454669772,0.4193540854723352,-0.09649429488374187,0.20200609886640433,0.34829402802565373,0.20240213082429098,-0.5405891915180641,0.6926644147988488,-0.30132419788591647,-1.5016141263437048,0.5631083516892116,-0.7514442032520268,1.3283056007933693,-0.1331521522732293,-0.35420939112606936,0.03684126237263642,0.34109039470538915,-0.48724279020496947,0.0019378383698822987,-0.14085556119500384,-1.0507261576775881,0.11497712553254222,-0.686666755579132,-0.08650404537335016,-0.5326256701598212,0.9467409265200037,-0.7630313491506922,0.07168232410532877,-0.24242384792669666,0.5202621408813164,-0.02943759834564607
1,1,-0.3971323350652025,-1.6302322565715335,-0.14833666049238597,-0.0925928452068721,-0.5950296192222875,0.16391493232670418,-0.5436846003562612,0.2385154040168459,-0.126133253076937,1.1424168227706524,0.39102794535033664,-1.047146911446832,-0.34065192896067364,-0.6914650433119361,-0.8572640618368972,0.25524197471350796,0.6850206645077808,0.6183521272924968,1.0565503251621584,1.1295746033096508,-0.5058358017241106,-0.3045314807132299,0.04258649810802702,-1.1429120375442412,3.099361329437425,1.0841075911329292,-1.1619076701475934,1.9115323813044394,0.2596525214727171,-1.4619350957921287,-1.751940437007508,0.5067785185326419,0.9182749477129534,-1.259749286999443,-0.3371072565554746,-0.9472455042369845,-2.301917045394198,-0.4980524162703803,0.4797071480125646,-0.7469928726928882,-0.3636650097700424,-0.044108614446589665,-1.489280372326473,-1.4176404357681078,-0.6341211358575765,-0.3095967463870283,-0.9791484124546508,2.028368883140231,2.2935472918420827,0.997175280819978,2.6370209288264177,1.8447726461100928,-1.113411462607906,0.12603686252794588,-0.717103756700691,-0.4321892072314326,-0.0879689107217102,-0.7497348206775177,0.4957093498590508,0.629350592712331
0,1,0.15041159475853616,0.08341263814550469,-1.1076395390291651,0.2681586888587164,1.622792571315812,0.2427537042151807,0.5338748448266872,0.31047253747001385,-0.31300468313906227,0.6555908304908954,0.045496764749634315,2.3034788825546277,0.8970534630202908,-0.5932477955098624,-0.04440544145770169,0.13389268772985088,0.8450992987228912,-0.548857668484022,2.008665824302627,-1.7532776005984114,0.4326802236594539,-0.5920385931654848,-0.9232633210213292,0.06818403132791612,-1.1442210589483077,2.0238714317387423,-0.3746850992151278,1.1738499083276734,-0.07518950150667723,-1.0999513997906354,2.078681950832618,0.09705669181880557,-0.41465371233895143,0.7639610323430407,-0.17364201629766615,1.1086870725905045,1.560720542635475,0.4538189802744311,-1.5993668982601448,0.08405819456424854,1.1554334106522943,0.6719673051600124,-0.8041473101509862,-1.197275243127777,-1.2198745169172063,-1.2373508465361551,1.3037418218921064,0.4037135294631105,-0.09760926283619349,0.3301907482493352,-2.9374476885710403,-0.7075259032001205,1.5054665452797922,-0.8803103409555447,-1.2815182281959803,-0.8835137438799532,-1.5431432731137902,1.1274137890940554,2.2501681272073046,-0.3436050719849933
0,1,1.802701376895917,0.6175206527352916,-0.5776144585684253,-0.7936941019973536,-0.8389687517661876,0.22780970903287104,0.3386594307691287,1.2648808901736488,-0.48794779427816415,1.6128848254169854,-0.71530782244436,1.3293680092297058,1.7642205967809352,-0.9125297056646653,-1.1380112365230979,-0.7187095886515691,-0.3422412750796564,-0.07515630007284026,-0.14911313748793756,0.543561094592389,1.4252640888249202,-0.9196415430018369,0.18004765611604157,-0.29315141581483084,-0.0904420492188449,1.1539605501093695,-1.0641419287624496,0.44076628758538305,-0.3820709121347803,-1.4964555857347572,0.7187981710217691,-0.09340168939698608,1.278960392575055,-0.05685598519652907,1.081943837456997,-0.33877056375040354,-0.9129909495763543,-0.3052467249549941,-1.3187901445102486,0.2890137370163735,-1.709181420007764,-0.7847382480439435,0.9116723736398396,-0.46301276662191654,0.8157920562586979,0.2717546969644415,-1.6508975721536001,-0.5019088543697939,0.34769365189296036,-0.09054317970615021,0.5917806349168395,-0.38723003576113935,-0.5748291578861328,-1.3183017519907714,-0.19728441733789878,-0.9628401431490108,-0.1778286024608094,0.21937924064254155,0.721098929063021,-0.38797571362024824
0,1,-0.405462774432889,0.5748855089397721,-0.5980969889400392,0.6597284927226771,1.690680032911644,0.7344985293912213,0.4894403233652269,0.7796440153565409,-1.115345715805917,-0.6462075318200008,0.1567375069725525,-0.577651851345021,-1.5284632536030707,-0.8764558461845849,-1.6509165116836233,-1.0015194931083213,-1.098120197803938,-0.2596182872854704,0.27385666247488416,-1.0673359841146997,0.1618335317079412,0.11396600576942228,1.5457914108026993,-0.30162574521604824,-1.0165092688183683,0.42076937002228937,0.08373594472634009,-1.2549884874442845,-1.48511754779971,-0.5675996268466278,1.0061510300279994,-1.4207569589016715,-1.607728764744123,-0.550314097227867,0.07701012507753274,0.294289624044663,1.8422020718693797,1.5821955404643029,1.3240222230900647,-1.129722961880383,0.4981753677637735,-0.522794684063233,0.22240104475114367,-0.31747378727765313,2.0068841328577394,0.5875534441896101,0.4214798384831076,0.9446105098855307,-0.1275860207823769,1.041923987975354,0.2881517251984899,-0.9663331356002227,-0.4352722829057486,2.322361487466786,0.662072026864135,-0.3825304336979405,-0.0733401059357423,-0.12017235171961893,-0.2377941446056534,-2.2677253830232034
1,1,-0.9934455586371904,-0.46677413378437,0.716399434192361,0.803366713603681,-1.7781685112894736,1.2722369936905429,0.9348077565202503,1.3014338651316906,-1.199707058617869,0.6452387401010902,0.6851711474262676,-1.2191248328699218,0.18564758214398563,0.9146497708216258,0.06662520788893489,1.4910225659899357,1.608984080082333,0.23059516464294436,-0.5415330723131616,-0.08078856883783365,-0.7249041765098262,0.487147473796081,-0.6684322054653564,1.6367535117603838,-0.772331134810321,1.4811291505881425,-0.37224145933675573,0.6153258057496593,-1.3038488354120417,0.3721007824946342,2.06050685456664,-1.3307058653863395,-0.019959005824085847,0.5975950031264112,0.18201994291657653,-0.5635578396231459,2.319143902107525,-1.07435914782482,-0.012053708351449881,2.0999480893996054,-1.3725203657078633,0.34166006484369094,-0.22163622798610183,-0.5866066528700955,-1.9582193320272323,-1.9240888113035954,-0.38262002653327093,1.988516502751519,-1.2799822096898714,-0.07293100424550998,2.407121867837864,-0.4947290636846278,-0.6974620409622646,0.7641583836362779,-2.133968744680953,2.0285843322447414,0.40899387223062217,0.8539247612467814,2.099483545539608,-1.0562747572579378
0,1,-0.2343866666573413,0.25351091942879483,1.7497736263121544,-0.7495034896720041,0.8844959267717465,-0.7448745528232898,0.29190100323907037,-0.9991947360493406,-1.2054077143193116,0.9674052500520522,0.1086304574315043,-0.2069318914998514,1.2323311864538227,0.17415542390736594,-0.2233466698909435,-0.23783804269189118,-0.2630328134424923,-0.05617477022101024,-0.22735362701624506,0.9705848229936346,-1.118172436722535,1.291841056609271,0.12763369764660565,-0.11486231933763695,-0.9690525654842211,-0.776591584516464,-0.39643786733718794,1.0893775796280882,0.1200976821697036,0.5640809427774144,-0.9209323485384335,-1.1580567709445242,-1.422816783399754,-0.723899192460363,-1.1652623109501499,0.3074253412435805,-0.4596054278619371,0.35831103876977655,-0.7126431546737453,-0.26310568985816996,-0.018352608764515145,0.3791274400511335,-0.6405808750048209,0.5136929181797045,0.7632125403019453,0.03376352635641662,-0.20212774101240555,0.13492373079926925,-0.7891159533236823,0.459678028918589,0.4009685148872681,0.30999728412246197,0.9082298860192809,0.750918062234332,0.34661663642552204,-0.5356494174495974,-1.1287929601267668,0.19659466320111357,-0.4552156897035884,0.6463502592594599
0,1,-0.14446660576867343,1.0732167841038704,1.6553474528993577,0.1802442108287746,0.7806565309152355,-0.17255067964166948,-0.5158846725353164,-0.8144247059416542,0.6041759367368139,0.8034795263624677,0.2013948609388588,-0.5495305703612453,0.8210697321127408,0.5395400978051168,-0.03379029288691539,0.6422470072532248,0.05250062166732499,0.23739011776928218,-0.1406606788720154,-0.4488803674899309,-0.39886204387601104,0.5542414780736349,0.10728816221910557,0.08058576650735333,-0.05302898611783242,0.5391020076662487,-1.3690670928527768,0.5478123098016306,0.6433238941349255,-1.1861649437903534,-1.023420542860869,-1.5181445547304395,-1.4685921626063583,0.43548225368200066,0.1699994928623429,-0.7187601079641726,-0.25325007983183356,0.035533859381135666,-0.024488329349032875,-0.10951046603521195,-1.361126916291637,1.4140877309049158,0.35427898314194495,-0.3079675007395952,-0.8179701613281067,0.7706471424708287,-0.93389416242621,0.6050173526464954,-0.5857552114061003,-0.9524319178061641,-0.2823485197263619,0.18718193932496985,0.11942511573087386,0.98742714605233,0.14620199901661843,-0.28032093929256807,-1.2020285936070736,-0.3564252997276841,0.458638723502229,1.229122690365891
0,1,-0.7259744974559207,1.0480170363063177,1.9278210606833481,-0.3350898326376072,0.3525871819650703,-0.2976777528815089,-0.29471547141124693,-0.21777309047740623,0.741817210350352,-0.5256421590953729,-0.34259234431624924,-0.36524549593226024,0.918328235484483,-0.3563691499017894,0.3270563686788602,0.06537798503338473,0.4859546310831308,-0.9728662759015593,0.796418949427625,-0.7216534596724921,-1.238331778497093,-0.8475718600224764,-0.7001348448590853,0.709594996810759,1.527997724724635,0.06068339587550103,-0.09188182382158168,-0.5842634864365556,-0.9861574969822767,-0.6107346770993554,0.4584433731297718,-0.6499929038983405,0.35727843967774836,-0.43967830970995564,1.4237832893885318,-0.17768621660379333,-0.558633699743579,0.9679445164627654,-0.02528602563292236,-0.5853956913666338,-0.08566298518620427,0.6851174310966591,1.4876346848675384,-1.1284993910540162,-0.618323107022903,0.7887301384623867,-0.1566573648524458,0.37642449912375076,0.3322781483208824,-0.5340043867448521,-0.3641960413248934,-0.504310574260105,-0.9826582171527649,0.6444017943609885,-0.29279583574583806,0.4410180720128163,0.6494734919976106,0.6554763057815199,-1.212450139846401,1.2033007400113038
1,1,0.06639661221477436,-1.0047390276739354,0.652509230706348,0.4909638251957301,-1.0718960020953203,0.3750374317986563,1.089107469670785,-0.6427123621880824,0.15863912423619986,-1.3094184777729414,-0.010205136176744083,0.07908507987976383,0.23665032379534867,-0.6682970925897904,0.032440369911425036,-0.7156371795133073,-0.6778489855796288,0.4764856196123964,0.4921739550962428,-0.9884862503612465,0.45130376831205665,0.35129838010315523,-0.5063976251761815,-0.11534635825388877,0.01840408490858058,-1.1184865256969267,0.7619969236726101,-1.6031878802399364,0.6624786232902368,-0.18976736159232863,-0.5358793698090666,1.6760529299724916,-0.8811464674542674,0.7184883424912207,-1.6314432479072107,0.22347753832274372,-0.48478483770724284,0.3318427461050517,-0.8384320009270259,0.0389487306015784,-0.4325656963641475,-0.3696568402921111,1.8110548179666297,-1.6127989032334895,1.256427509634621,-0.29011837542505386,-0.7355369210947967,-0.7873093742005928,2.5508329980569178,-0.12259829931317658,-1.3022644107265042,0.2403220382169458,0.3339279753125081,0.27050919737154655,-0.17635916910144384,-0.4078582848194679,0.309002542338479,1.0053653079975686,-0.40030138867889964,-1.0685955887120397
0,1,1.9818563353029786,0.961290004981944,0.16578102369620798,-0.5362392324393802,-0.6558243057598011,1.490091023118958,-0.4543720698105267,0.5164933638316154,-0.28592212690332885,-0.43412971943081285,-0.6536036514167389,-1.1562692369173633,-1.0992061326316902,7.665669384067555e-4,1.541717600500201,0.3300718367476935,1.0412557233453217,0.9612908430809951,0.8235446909429196,-0.5678283260420001,-0.58551755501732,-0.16993490226011485,-0.13205981400872438,-0.2129592216609699,-0.1985470079214892,-0.46528490927999727,0.47673168314314196,-0.7215442654511713,0.056847160411020774,-0.37280796859706333,0.08704067435917538,0.0027578232037947545,-0.6409092946824856,0.7614453957152696,0.13076087052707963,-0.13985938154378316,-0.08343612443285729,-0.2526656939056388,-0.3992002350513608,-0.03954193101112279,-0.45353044708109347,0.31030423352311626,-0.8044729347691721,-0.4686408466162213,-0.8962263906617908,0.48096697734329596,0.5030649997234098,-0.4626930884312141,-0.3420756634769238,-0.3656180265093613,0.0010589566558313346,0.3326074378163039,0.4521791908580024,0.11572597091451116,0.0714217382318818,-0.13288252632130962,-0.018946374034762677,-0.014743698307879536,-0.5895770323989858,-0.9670862023459093
0,1,-0.8387262720491528,-0.6384823147024041,-0.6888656614431272,-0.42968032215032625,0.027930367610714907,0.17646969806803625,-1.811582428643629,1.2101135895821957,-0.37614803730557894,-2.3692108010881916,0.009183829411103258,-0.8788030481550715,-0.25027251126713135,1.290899498736349,2.4191634200744603,-0.5628767276553845,0.44075672054618253,-1.110729195984578,-1.7755580899642556,0.48134089103741995,0.4556768304158426,-1.2577194513555179,-0.22888843512116752,1.6845602839801481,1.6902724104599107,2.0885984558909256,-0.18752631950722132,1.0078140578299946,-0.976521391567899,1.8172462261586377,-0.0695764519744682,0.7052276658317828,-1.6344000339603932,2.439618228251201,2.585367886643828,-0.5532306829945935,3.5899432192291703,6.305707645616555,0.23359119331262776,-0.2421647730473941,2.4514383611243016,-0.4766215463205764,1.5653466883948624,0.4036567683349371,-0.059175019364963645,-0.2419066591791778,0.38728541569023567,0.35906823358853307,0.7592288191544647,1.2858480264636385,-0.8963829084629621,-1.2763721118452895,0.2048059460293638,-1.2671996046586351,2.8193668518255546,-1.0583856597718588,-2.031815204828918,2.1021090127312108,-0.7925637373126965,-1.5010353696962688
0,1,-1.4342086635808216,0.7765761933689942,-1.6570464089096533,-1.0872500480194867,-0.032777799206336784,0.8349654169170873,0.10124478064936136,-1.5518711389847952,-0.044668810044808764,0.4217396375741309,1.3254806059610518,-0.4978173915284109,0.806943434676793,0.08408893894372703,0.01190780482830843,-0.00881583922561893,0.6482582491753158,1.2293425075493323,-0.26470485135715976,1.2874849284032888,-2.4071721957449856,-0.2823172655045907,-0.428594165581199,0.6320885821520037,-0.830322213580776,-0.13012754068997603,-0.022313182533606053,-0.8703405669457895,0.7509512241042695,-0.37497402683612546,0.2435307593174167,1.5523911785852251,0.47324862838449744,-1.1474244670474552,-0.2542535396825361,0.16524579866779432,-0.10974214503991894,0.3957897595025718,-0.09233965196110269,-0.18355575830986623,-0.6193298680504647,-0.3258949848652769,-0.4350906776484024,-0.26712533608898653,1.3849949527192698,-0.6483679901586189,-1.909751645684857,0.7765480888769586,-0.23738104533134083,-0.35737163894226026,1.572815099642462,0.1808960814853339,-1.1477814214300583,-0.08319030298168459,-0.10221035536044147,-0.32520664208855643,-0.8867411716317474,0.08661831650170017,0.7419467960328244,-0.34960853409609277
1,1,-1.2981675351111834,0.25585586198497506,-0.41081668235741975,0.4121874577222682,-0.14004758673688086,-0.3848668889775694,-3.32763339029443,0.25376376934525086,-1.706923480766498,-1.288722467538853,0.203214838401661,-2.760699912623224,1.6406717044874801,-1.3253885412400137,0.11491134808038525,-3.0751178758636613,-0.3557500876777377,2.1256784648424434,-1.445877847511643,-0.9008749924847645,-2.026583053502148,0.7031812109327594,-0.8840218049811457,0.41287998847562896,-0.16208326774001264,1.098518682235052,1.0958144741396438,2.7977683044155097,0.19771295539838188,-0.12155669004574024,-1.4693427017146485,2.622991078128943,0.5078036494804098,-3.613177626502542,-2.3647805031802287,0.7872608844333758,1.099583104866323,-1.2403644544455503,-0.8204567701912907,2.087779940141762,-4.9673758667099595,3.5937618467813865,3.6290324528105247,-0.04439232710306807,-2.4035542633255256,-5.614539105812207,-1.1726184210391795,-2.9383366640187276,1.6150294497745952,2.398490702422342,-0.8296173905195361,-0.2835319487860274,-2.573335414876458,0.18132823511716542,-1.3521448806039695,-0.6343943574364405,0.6661942902851717,0.38723800493652827,1.836552571611178,2.1021680730688024
0,1,-2.0327905052947575,1.3228747306086315,-1.7840787274406622,-2.2430244492108176,-0.9860515789671522,1.4367229921547389,1.3289038789827932,-0.38926340345334737,0.6009530757257017,0.6467002884246374,-0.587559548524157,0.9269574587453241,0.7012811799561773,-1.3912689916069265,0.8369921271862406,1.4683956937258575,-0.9940444663091682,0.6617993505162014,-0.8310234570376939,0.4277670847543955,0.3067887908617874,0.8233892835466188,-0.5612767425103036,-0.14043616366356468,0.5320542644038485,0.25125431479033145,0.0060407427033949395,-0.8424589212956718,-1.6548959183468506,-0.3851859658479157,1.6850733120499213,-0.6418598136396825,0.054825048796999655,-0.3847757088412363,-0.8023307828759707,1.2061159197036722,0.1734069129915085,0.941039361374814,0.31102421512901823,-0.39437753885231897,1.381132627919668,-1.8964189983551034,-1.132494297375108,-0.5472752645789829,-0.7659353684812449,-0.43230397826864964,-0.9243547596093202,-0.6986527344626947,-2.308849194130218,-1.0676527009285273,-0.4068684550074489,1.4318389771356363,0.37205643926553866,-1.3810066244478862,0.8590979253230924,1.6207888666047028,1.9936556285820326,1.2904411849845863,0.18147499922914703,-0.8638136016255059
1,1,-0.5702207002134541,-0.44099490999863317,-0.5724428718407155,0.749568409402971,-0.3517379382402532,-1.1126418478409015,-0.5883085951731237,-0.6352796371143643,-0.3649864924746972,-0.05436049002734174,-0.8788596442123754,0.8339871533265858,-0.7959410294726174,-0.712421495789949,1.171714589230847,-0.5174891172744025,-0.3691512357814581,2.350245346378907,0.17221172593215714,0.07663029369483697,-0.7421807606147001,0.35531850616545557,0.37325167929073166,-0.35430527963572706,0.6143993369222337,0.11553469746591268,0.07788465686931148,0.7913069692016048,-0.07057948733452772,1.0925175760307244,-0.8655518467148969,-0.1886934925547625,0.8008985883994078,0.3827885863537066,-0.28466191646127975,-0.944222846490728,-0.30511600795393834,-0.4872529574344127,-0.6805279675305351,-0.4241535940675514,-1.4715500125665042,-0.22781699658083163,1.6221433900131348,0.22614944401653292,-0.836776782031924,-0.4325975428197289,1.1488495374033734,1.2109325833014435,0.6453479324560917,0.5226430697695622,-0.9444740619965245,-0.48105190980327817,-0.6120953903865126,-0.9157296064309867,-0.4830757997581341,0.991391060010669,0.8446407201454855,-1.2601527221268143,-1.1784781983367132,1.900647823277146
1,1,-0.9255861918224969,-0.7590291247778216,-0.005336289873770057,0.7232355262809669,-1.1611699834854317,0.7178202869530371,0.16718944321243914,0.5095110003767875,-1.6629489006660172,1.5468510896133132,0.47466983853465855,-0.7647711313772788,-0.16780147969813844,0.9245177395727094,-0.36498924665404325,1.3523051209899588,1.1539347836455252,-0.5436280060321076,-1.599558287859013,1.1913614472371572,-0.3383166975450637,0.42479445353023404,0.5583959054693002,1.1252749349525217,1.3971195066452597,-0.6197236161795201,-1.0466769651164076,-0.4928266093817904,-1.1593418328292548,0.8271963034070323,0.19522448587627378,0.023056861406086867,0.9474490830206632,0.6427329293395938,1.010240925534097,-1.1681351975155334,1.286394868184546,-0.5352459601719477,-1.6800935041286718,0.5141996871870972,-0.8017288319478724,1.7871889678133435,-0.26759127545065614,0.1880293323983366,0.5969784386819472,1.2531594759471059,-0.00532079137291728,-0.6366482221599095,1.9273927979194383,1.500848028093215,-0.6724266522498937,-0.9872274537895968,-0.2825604500232205,0.36935877186828847,-1.4316049756864535,-3.3477219913829797,1.2354206267832093,0.4465075161853726,0.4023597263688299,0.88002731802896506
0,1,1.5472851559048504,1.1679774683407802,-0.5821443161909847,-0.5222990649249223,-1.7639274347168685,-1.7734781526305927,0.5794848198283665,-0.0054436855594728085,-0.16482410833415,0.8509577597567928,-1.4074238337992249,-0.8621981033634337,-0.16162137345117658,-0.22540062421538234,1.530923748883219,0.04672850854047153,-0.6305499906270019,-0.5891590441096436,1.236044227311286,0.020009483335627517,0.7099690279959352,0.8358611646036341,0.5360342277017182,-0.7417004674489536,-1.2869765682902183,0.7036790399643428,0.615840637667115,-0.5321111970336971,1.0901829763387845,-0.1637261183614648,0.31764938009621996,-1.1158722948412456,0.678648570830732,-0.6775050387524735,-0.7704723709067267,0.3596823379841859,0.72147691061446,0.25392596371823956,0.5080006472388933,-0.8843316451903862,0.46870223503122277,0.8690324712568965,0.8754420824067594,-0.12142161465665736,0.505256029686639,-0.3738883914643686,-0.3634417002567071,-0.616454191555054,0.39091325353251083,-1.4569859451029952,0.38098444666385844,-0.20262305526159968,-0.7107030361841132,1.7787072918773703,-0.8611171629000023,-0.4327705594299635,-1.3237336072183474,0.4571621649172532,0.020888110559948377,-1.302100435380631
0,1,0.9143852388866042,0.38839404251428056,-0.31930596836941144,0.3195796774295617,1.580003281433824,-0.7938470035612518,1.9751120248277652,-0.6705321664148037,-0.13210404205065718,-0.3362530150161255,-1.2954489733544234,-0.9297468353154873,0.23631488118030894,-1.1139664433433452,0.016859524548745935,1.5264575164388574,-0.8466839249077633,0.3127432426927339,-1.942874453102287,0.34384734614271,1.409952084335436,-0.7808426304142759,-0.8022504379034651,0.31940747294647887,1.8937401206638915,-1.036986589584595,0.6719623085458556,0.4422886848464349,0.41202515025293535,0.28857094057615185,-0.40857099679681025,0.05655313119273967,-0.7841373589203617,-0.08126742524775486,-0.27005183993611453,0.5636801085450064,-0.5538529035088611,-0.4574744383785303,-0.61700026390938,1.7554413292773015,-1.6669185052986264,0.4936416571694247,1.471687923910955,-0.3796001902439164,0.621337850520652,-0.6730240362216442,-0.32488132559716476,9.652493571459141e-4,-1.7735711025660577,0.6699139443343733,-1.1382464908356456,-0.860192531733727,0.6759455779242545,-0.14128982787647792,-0.8023474690734655,-0.9182460627208968,-1.0503120829582984,-0.3545622576941303,0.45642188140885526,0.2303308934222201
1,1,-0.4271166649619055,-0.8272284193907324,0.09085590527086652,0.6892716213720955,-0.7774906218289938,-0.5239748987578601,0.12358966791984116,-0.8536324699185043,0.48482010129999503,-0.2001203686305818,1.422674556663614,-0.3338902680715352,-1.034303578732158,0.26862477390613565,0.1488823365208634,0.46127938323452694,0.21861796635844727,-0.9377887331017236,0.611221595624593,1.888959808118816,0.9294092556556812,-0.6607411991604634,-1.547111583240783,-1.6379576380064096,-0.5237683907514853,-0.886520618694082,0.6758360862326662,1.4985100257684436,-1.2874443143468768,0.21445679403542706,-0.6936721322748998,-1.9508942812988292,0.1412897386494656,-0.7713821963607331,0.38435719362493886,0.6175026486857068,0.41597540668443106,1.2203480606710642,0.24985799757643082,1.096665272199932,-2.092058603625324,0.9814751600360299,-1.1918472347250906,1.7214704536335739,-0.8629752841090612,-0.0879473922461446,0.33223093810662885,0.390424389151615,0.37617027032115635,0.1786161196190443,0.487034150652726,0.8470654162478203,-1.5204587331005581,-0.4571947963306389,1.2169024746876316,0.6585053060123336,0.687977889036555,-1.1150995986919603,1.3002522459639538,-0.7610997874463868
0,1,1.3913587825498863,0.8876123679583426,-0.2393353883679277,0.48846044949709194,-0.31453400934653364,0.2522405158024311,-0.7914214693616005,-0.6072269256970125,-0.14836054003300048,-0.29407408241432514,0.23352382029552024,1.1284692629607938,0.08922158435310841,0.9853204483482799,-0.02780474921415448,-0.9778386554858705,-1.4293884689107692,-1.9785835510977743,0.6436296577887206,1.0620401337568075,0.10865281355454072,0.08364595875357583,-0.9016200205436724,0.3607895993915078,-0.11414705929244313,0.2095029731158293,1.2490536209479008,-0.0384824394328336,-0.7524111507149334,-0.6613564143050192,0.4227509178129413,-0.4173150296884856,0.2801933395591338,0.8919437872187739,1.0070888914282898,-0.03854603540706544,-0.1152321040439758,-0.12660038486899677,-0.20729304738835333,0.4280184173354643,1.447218052614876,-0.5565269325473643,1.2837777219450714,-0.8533168671630059,-1.1919551940444342,0.4827145653750484,-0.08958659032508058,-0.46986081543242836,0.7724963152853151,-0.13249869231613673,0.3263090896475181,0.2278788826762835,-0.08945151368916228,-0.3549746877084655,-1.101219607108437,-1.182559112030509,-0.22896370629231974,0.6364645916726819,0.030336721846180352,0.47388952508581444
0,1,-1.3505000073061548,-0.21248549866962085,-1.8283028758616358,-2.389877070590584,-0.6586085975462592,0.740557206195076,-0.23299762527221898,-0.6848052585107957,1.7115874880675823,0.3869711274772404,-0.11134998103698607,-0.4390359993010801,-0.6369143609701061,0.2998795861559385,0.7947438197212515,-0.40136353269447694,-1.3116966446813603,-0.23394891606637458,0.152648785683172,-0.6212849153560354,-0.42865309817473785,-0.828423915146718,-0.8783993039454446,0.09959066183725439,0.6653571067842111,1.8265444169480722,1.498327456442348,-1.717156766533374,0.8262190078113312,0.5953927242229783,-0.16304486548333494,-1.1798684389470004,0.7735117393305178,0.29181716921460893,-0.2917620924394159,-0.07188536339115043,-0.049386618235472725,1.2322971814500598,-0.21288376216342583,0.9110336081194317,-0.21824960657859577,0.7847195533257562,-0.8409946354760495,1.8101530459624835,0.7141271000181052,0.04361361438597076,-0.005556433588752289,-0.5759165313786544,0.6288443082399777,0.47131971171130294,0.5760263194232094,0.7277804233597359,6.472135798860571e-4,0.24822062805916967,-0.740725053385511,-0.020817864971086526,-0.6697814875786151,1.0786462835160706,-0.46074810633693136,-0.053458966032934575
1,1,0.14219895716019815,-1.5241722222189575,0.1581537146490278,0.5163775943119506,-0.2611944464857014,0.023080471068122107,0.5768892308338566,-1.0950541382601213,-0.2304522305639553,-0.109899724709184,0.3927878863822189,0.6593974719223603,-0.9936943992206148,-0.5204715299279075,0.81822988033336,-1.0923722164014553,-0.8886484575273377,0.06224851664433383,1.2472739815423215,-1.0717852103557906,0.9517561966421643,0.20196965260938896,-0.4804229385863993,-1.1919639663134853,1.010470208664634,0.02517265192909592,-1.2472744359072365,1.8050170006346344,0.0956876835475155,-0.2979885205492369,-0.6100325059233223,-0.7718689880835186,0.052640373385722986,-0.0683806757622798,0.9614156109395687,0.38867391101326915,-0.37559285619094257,0.45698483550374197,0.7904900927091981,0.7400148754405869,-0.9315181162808894,1.8249585586958395,-1.4087495815870708,1.8859140031276447,-0.5902412135394878,-0.8428586570639722,-0.5249623524723155,-1.2462951921170011,-0.9611420904237876,-1.5911779874509375,0.0031535961508355526,-0.6043609236714083,0.23242547087865117,1.8837006930765732,1.159401705167568,-1.4453404079664207,1.1300640326284523,0.017481915721148624,1.4635869342264316,0.07628316917914107
0,1,-0.8042212631195723,0.6056137248186477,2.2248776267473342,-1.12537210634329,0.045180693117251126,-0.7047520189316938,-0.645065071682757,0.33911813224575577,0.3562261700361028,-0.7073473231085822,0.4042061252362507,0.0337633659065112,-0.687257926791494,0.45989155993154596,-0.3426492581944218,-0.7563908906189039,-0.6053892543254789,-0.6537268783230726,0.459162768687908,0.7004712757616586,0.18978401251711322,-0.49165257399523926,0.3086211829645995,0.3545245113609665,-0.1601276722833639,0.48120819791388064,0.7907097093858303,0.3079013080831318,0.32731243036555224,0.42971834951764004,0.21419716681338122,0.6004893157214422,-0.569579666413225,0.39406737747096754,0.3666931197870116,-0.20799169576575216,0.5298339081425572,-1.036046629207701,0.7897044704618293,0.04226704097948131,-0.44027721023633387,0.08430340900328306,-1.364296954552351,-1.2087058893744431,-0.04583610246017013,-0.19925032958522165,-0.48643105723713986,-0.014076315379760717,-0.04898542990430234,0.5617435087352775,-0.9236927908724519,-0.3667124881795287,-0.21390466556854001,-1.5333303889132441,-0.8384427435555268,1.0711415078472757,-0.28561937821600075,0.116967333194089,0.3415180580527559,-1.646175396260613
1,1,0.4247124291719043,-1.1727951929687295,0.7427581233565244,0.7071895153378422,0.19856210816399994,1.3253199260334496,0.7719961427545059,-1.0695348337820576,-0.18868220631993135,-0.34545803442287526,-0.15077530149663876,-0.0802625903266915,0.7209652362603859,0.8474205626053491,-0.09106793738719748,-0.4362912510552748,0.3842127041248495,0.3030066664517872,-0.31453138612713544,-0.7833546408497398,-0.5593057662587538,0.1103637873639668,-0.10414576943890877,0.7607693395219908,-0.37759783722141144,1.3616512136107708,1.3371002104597232,0.7712181680957855,-0.5301175233779338,0.7019315513815502,1.1700253711516833,0.5444770016169648,0.021002944081944513,-0.9574033418542824,-0.3055998396026163,-0.17106183379335854,0.10908435467554134,-0.5663424057558079,-0.47319647002608867,0.6342737652422353,0.3882520206473195,0.09136117382593552,-0.3997838141621378,0.499142780736621,0.7969909959598215,-0.1229654562858077,-0.4753929606826509,-0.5275683001314703,-0.1895712336583605,-1.3259005256956944,0.47937978350383625,-0.179636347459613,0.5257757838273162,-0.8301237159466874,0.24376000787781127,0.19004831042023887,-0.071545788469325,0.2915007005421099,0.45881391897754387,0.14739878453476415
0,1,0.8456407688163776,1.2015970387019241,-0.9630438118005512,0.11341536258575113,-0.8941763793789476,-0.8319964036378444,-0.17100683535019334,-0.39631113900709714,-1.0690311911223571,0.5781452198805841,1.87499242366249,3.3344043884273527,0.1363342039579649,1.2564763506805463,-1.0608416158578706,0.5787738489031837,-1.3572867338344217,0.23443697787604498,-0.20467998328469744,-0.06870082412061819,1.0984885131051203,1.1685359847947239,-1.56802764511322,-0.738029715662152,0.8194289097215987,0.46087482759462317,-0.8706765358686885,-1.4137167693316335,-0.5626242888639912,0.14027977033555122,0.33833509902854975,-0.009784739400009972,-1.506536250560472,1.596374081885961,-0.28567209881953076,1.7991138531932767,-0.35238966006882805,-0.45025707534775855,-0.041433018134406044,1.1074226409791779,2.8741114122635603,1.679369303712771,2.1704282997109434,-0.8581989668142764,0.5939061461318766,1.1056156538310993,-1.5004787946688913,-0.914769058479672,-1.5871697715884345,-2.234230638212241,-0.7320053497953817,-0.3811633915692886,-3.1200522855534993,0.6736831660247781,-1.1756630818281961,2.712827104599152,-0.4960331700842452,1.1923583367577677,0.035785442209804945,-0.46954960691815756
0,1,0.8848522432005664,-0.5187013511371907,-0.475168984344414,0.4895139081204392,2.1312604374268114,-0.3467873606230473,1.1072337468167508,0.023235077341834623,0.812394455161376,-0.9724578781551311,0.5351909576135013,1.010487458807429,0.9072089339856683,0.6933657143120311,0.895900446282272,0.36854923656255334,-0.21382577865958782,0.31827487344188815,-1.0870222052208214,0.024756496181225607,-0.4797256430440487,-1.402529487818465,0.586654412112078,0.6692157221674782,0.6833000489023224,-0.14689716445164677,0.4811730435297324,-0.4863070061665371,0.3302140731451389,-0.6892618771192391,0.15294272299773873,0.5285944890548997,-1.2172362244580937,-0.9053304900797862,0.9239291003960012,1.1227163181414783,2.215790248390899,-0.18101612272944875,1.3490329646415709,0.6472621491702727,-0.5115444673330505,-0.28154143084602123,-0.06327401586364728,0.12933564667661496,-0.66214709965192,-1.9150050314696194,-1.073846532669948,-0.26640664319920565,-1.3926439370508816,-0.21782023249934668,0.7382418981612929,-0.4816596315703302,0.7390769657129438,0.27962674830606304,2.0985736331327582,-0.43442376570571545,-0.01770602196708809,0.03455680282919502,1.5783217980043414,0.5544195915334007
0,1,-1.7083730792002616,0.7973474755929879,-1.6268970166868482,-2.091350472676138,-0.737387989719778,0.43193981822909233,1.494176018324739,-0.6458609087268835,0.701756514646811,-0.504481058531267,-0.48994343761771164,2.1084889370851636,0.8344080203128679,-0.46646260722523225,-1.0790196822266305,0.5318844352143725,1.9976470106862414,-0.9469644513763968,-0.12223798005696608,-0.4362938574046949,1.1012528904386107,0.586185324364738,0.8565459630436778,-1.5256005431833817,-0.6834978304296092,-0.288404600039985,-0.8898074414240585,1.2696273284698625,-0.3658388621589159,-0.65732192164591,-1.2082550693285432,0.015386461579126195,-0.5179659213988275,-1.057188611507115,0.2595125523821894,0.7489109684811875,0.2147379906747301,-1.1762352714943853,0.6703286966926192,-0.3846563405617251,0.42709141702223846,-0.11774449785563225,0.6680700012128638,-1.1912649622653462,-1.0170667630645878,-0.11142727570698367,0.6866121187328625,-0.3494567439922799,0.4991781598419425,-0.5858183504893137,-1.0503810250407422,-0.2317395814414935,-0.7634344216175035,0.1303517719144379,0.9553399565236634,-0.48470598167495105,0.4537932155648696,2.3701065712655764,0.1835586484606,-0.31284337332892487
0,1,-0.1206561036665534,1.8426544510308815,1.5320905929259774,0.866318039839041,0.0939423886298348,-0.3185287712242974,-1.1051442560902767,-1.939300012368744,1.0127713204699216,-1.6622788124017882,0.3698079354319359,-1.8581790735715054,0.8253226499382529,-0.32602218354194107,-0.287365573027967,2.140902128341309,-0.40825011351214235,-2.1158520406937615,-0.7382517199282806,-0.8829752105770892,-1.6680763689042335,-0.4311486311909865,-1.3558010320968006,1.0184818303943854,1.3610884179118727,1.1487422999112247,-0.62880102533554,-0.3856673620609633,1.6058487335667728,-1.0637528766966076,-0.5750039121842075,-1.733387477117624,0.23866275985802482,0.8439988704761213,1.4373200721539725,-0.24802627865782084,-0.9274319077552319,-0.5515529232064394,1.1545783672522354,-1.3185113449683616,1.1462799378861261,1.1226208206259,1.3600059311574313,-2.259305107777208,-1.1907875817245868,0.670644688624152,-0.2459606034220416,0.8151935408345711,0.2240497258229577,-1.0120059811617144,-1.4968611314250302,-0.5541517022283662,-0.8216183292836735,1.1926275905766877,-0.5151552863106154,0.2849557907640467,-0.5615781437249056,-0.06640304744680187,-0.6484671876934994,1.279952514219175
1,1,0.0398087078334381,-1.2712832598757122,0.0331385934634364,0.31869355669655275,-0.07957506922805105,0.9205497622734533,-0.3310164689474435,-0.992049855030066,-0.4722953722256391,-0.27003954170172534,1.739681781181536,-0.3953415903315853,-0.7123390745840374,0.7982929429092026,0.7456884424022134,1.050676737834733,0.5056213187607252,0.1288051576464009,1.01698908666937,0.26325924579932836,1.4311487338413957,-0.3038759363495777,-0.3581721201042251,0.26036365536394024,1.3826627133030145,0.98924763627585,0.2928728023488653,1.1330175345128728,-0.6074369266203635,0.49246078934638354,-0.7086472767076352,1.1367034443245607,-1.0691736412317059,0.1307493408735256,-0.5546663243823156,-0.06900712265967952,0.4952371459187436,0.7607296367030912,-1.7807588004371189,0.6602258361303956,-1.017444455753377,-0.04981141561398321,0.2942752115438676,-0.49142996511617393,1.2379985801789248,0.9439316342667498,0.02168721165640617,-1.4316551049599218,0.7376081873003644,0.38319928684917987,-0.38328222975445675,0.8227171398859173,1.0503874090619323,-1.4618409236553633,0.9223171588444581,0.5244368801032463,-0.13623665263914386,0.25944479690693656,-0.20616396686723323,0.8893476649919738
0,1,0.06461445513508601,0.2843111745665941,-0.3530228308362042,0.045061489658914496,1.4317558914998734,0.2926194310847968,1.679904788104365,2.01636424437811,0.6433243951234802,-1.2488344167998224,-0.550472415470715,-0.25968189053636226,-1.5970562501786134,-1.5240954710941506,-1.941199313177089,1.6131322561024044,-0.9240842858280507,1.2187474040587924,0.46791375939353075,-0.18278900612097568,1.0874385911307622,-0.657609066153242,0.8139341380449729,-0.8368124006541576,-0.15082537282907826,0.3971971865780277,0.20433223622972724,-0.39682718418234775,-1.1845443880320274,-1.3494133439594456,1.3885289129185705,-0.8566343436273994,-0.4894377806839433,0.2674579958942116,0.9995800386908303,0.1788319479164801,1.650798589563776,-0.39054192761985346,-0.5910189795674619,0.2767369540773682,0.45618661661296295,-0.3808214742057202,0.8297494449538957,1.2841662088812575,-0.25343245044570323,0.6301146091146382,-0.4990274618301625,-0.20844065286428942,0.20297194576132213,-0.03428589044010916,-0.6455894807548309,0.9861636022449254,-0.8613937821659033,-0.1601710679317581,-1.418249196258817,0.13719379179474392,0.0428874009104781,-0.3848002519262221,-1.944703733837613,0.46384492625162654
0,1,-0.7491893771982779,0.3794179169675319,-0.39177178760944037,-0.609499997847862,0.3262131194040294,0.6014129391115755,0.5893439403896835,2.819474967454981,-0.2731118029301021,-1.820359972056953,-1.9240650149205751,-1.5566920054528819,-0.003491460035924761,0.7054109170004851,-1.4450133828698049,-0.7759619324727086,-1.3082039334156337,2.7868305235397366,-1.7550656483218383,0.8469983208944446,-1.4023382814038767,-0.31657902406742394,-2.0716860720456567,1.669068245042352,1.7751242317749691,-2.125138535012404,-1.5602114718652158,0.22287670030491458,3.1370549042066735,0.4249439040109869,-0.3575904607678953,0.5897472154178192,-0.8568004177882503,-0.5113487203841169,3.541136838603072,0.7031014723734887,-4.209356744520592,0.14864528598968213,0.341844301021523,1.337221977022179,2.196900359684632,2.6501711569325286,0.2011859762615599,-0.13945305113363665,0.25184620637705274,-1.2693397846183605,-1.264913623503917,1.1067472521489223,0.5580052436469053,-2.1481702289703315,0.7626094572229843,0.17192298114140586,-0.6843713030422794,-1.6345146525884564,-0.6992300112330797,-1.1852707633331454,0.3762365216649793,1.3427670925044248,2.263704412873009,-0.40478126955079163
0,1,0.4380288544374771,-0.44194766753873727,-1.2887304890232416,0.3527067169652747,1.8074625301296952,-0.6273733359195882,-0.10031493772285195,-0.5684834548622097,0.14293027162802588,0.9844555433925635,0.2693115660062011,0.7168491949865661,-1.0547434613560893,1.8994883802404496,0.5641291143949456,0.7104532301436952,0.6067992122233353,-1.3174686139965737,-0.8940146198971463,-0.9045514176758137,-0.7934950502115284,-1.0981189919118344,-1.4757389045637663,-0.8342658664903608,-0.8523062131572989,1.6704566673141321,0.33811561865389245,0.854293758982536,-0.6905709602118161,0.1370742325473214,-0.9510776770267869,0.0881282400160845,0.08821370258772947,0.059607542402395484,0.3128383830101058,0.48224598494957266,0.7744790260653536,0.03146373732481662,-0.9408757020901286,-0.5281716263901464,0.0397310946069188,0.9639675845886522,-1.8245809246468785,1.0533179437574371,-0.9999430871034423,-0.33896123506481574,-1.3100142337361564,1.291583373189227,0.39111931963231555,-0.32371350966938867,-1.0315765917362572,1.515463944854145,-0.3587144366079207,-0.6316131456973164,-0.05594319927741881,-0.5413680237747349,-0.2693095007998945,0.7932098786957136,-0.4376831139055671,-0.11837905362251333
0,1,-0.3404778838293698,-0.14648260824916923,-1.1483078871788566,-0.39062975450979065,1.0756152472356633,-0.24924617009030525,0.14588774180026143,0.3069795854596605,-0.027408905965066198,-1.1749341199999657,1.8490143349802592,1.064331868100888,-1.8208101362019173,-0.4686405403483039,-2.3033627114065056,-0.8758471960601764,0.5916623551919363,-0.7577399450595332,2.774270714523376,-0.9567681421738768,-0.9180175088234201,-0.32657098701424997,0.607540594597606,-0.6694525775864404,-1.4405969160761274,3.1625964200570427,0.4471269161625306,-0.0717471584479873,-0.49634146423190983,-1.0613835384583592,0.2014998177567139,-0.9262190773695197,0.5318273864223398,0.3323400703889283,0.3025958302966172,0.7802525827154788,0.6247227253141485,0.04263344365891545,-0.4295779995534261,-0.24972805258147815,-1.9368951616008743,0.9131799800583733,-1.425657470748606,0.0388924913678346,-1.4621472140602825,-0.9829285641042526,-0.23266220382527117,0.08462368582736061,-0.29474298682509437,-0.6149585523735971,-2.9285795993440797,1.143192072274319,2.2392528970091568,-1.7681181117458558,0.2192720944237452,-1.1449100906105871,-0.053169928455163704,0.3487818532262466,1.3982648192941574,0.4472931428226059
1,1,-0.5977897128065174,-1.3769823696229948,0.06156739103757298,0.7556878212621182,-0.7023591272294519,0.9389600650085616,0.5241475031571687,-0.15336427939429673,-0.5065475343433683,-0.4198723126137026,-0.8310332175435641,1.9693122784225041,-0.4703071954841299,-0.799386435338712,2.0833286052267446,-2.0203545028284595,-0.16721182321074324,0.1932299682908527,-1.4708206840788336,-1.8431204976479207,0.3992149109840265,-0.38428949664031337,0.3693083581767922,-0.31327264750298384,0.7582142530186242,-1.1752773768170282,0.056250326798535095,-0.8565411120242823,-0.028433995175269535,-1.4177656062257278,0.20857501998119604,-1.5648669860669442,0.7077119998081446,0.8562562369567094,0.22277816985467006,-0.7727715836731227,-1.3828027087397594,1.9071603254039675,0.4972100844841594,-0.17733580643952396,1.019735555548462,0.8083807314370416,-0.231421602223495,0.18133669930154322,-1.0548552225452847,0.9272149015370459,-1.2810131854837175,-0.7426155231224787,1.3321488540588582,-0.9555165317563635,-0.6568342001772547,1.2360925433650312,0.07864428649873621,-1.1601311793173956,0.568588856390614,-1.3602445092782423,0.3833801059871596,-0.26147852819941925,1.231470937110146,-0.31787964911062405
1,1,-0.16748030863945584,-1.7420459895088813,0.05205821451871446,0.463915646961462,-0.9367882097866281,0.4607039047272885,0.42157122186008267,0.5672768263918988,-0.3802979735633936,0.6519078809446068,1.2455201897848047,-1.3659476594717532,-0.09158913438487977,0.8559958387998052,-1.215424833525877,0.6309172987475503,-1.0349005568067262,0.4845677460424371,-0.43947613602960844,0.38363728631154004,-2.054002396185984,-2.3947061771283824,-0.05794913474718482,-0.2675925099408489,-0.5383242046641328,-1.5032372753550767,-1.9740319973189542,-0.31836578444473884,-0.7186718067144124,-0.3846371763308493,0.3858437403218312,1.8488063909793282,-0.583062042191181,0.9718660695143908,1.9535156125649626,-1.168367114368575,1.7887386157429996,1.0459888904143053,0.4417262400292307,0.1354364531343518,-1.1496600629722082,-0.6585997140748399,-0.14283355277085347,-0.23530178413680403,0.5680363519366142,-0.2846181303008198,-0.5848768262994959,-0.2624283741604891,-1.1687837743593334,0.30247189961556253,-0.7427035373074665,0.6739519040361399,1.6604239652599937,1.4938477011759363,0.6131597700260852,0.5536896894745926,-0.20167811722209172,-0.12640796600217621,1.2805187648283283,-0.18756150636503685
0,1,0.9400365728738397,-0.20264339262952785,-0.8728521794402906,0.5228871121943874,1.6722189991670333,-1.3925906439473426,1.5689886895207155,-1.4484007945773147,-1.279452899792793,0.13444469909167334,0.0027707643667776497,0.4615359138851118,-0.37364335250519787,1.3906842564286357,-0.20563204127448376,0.9888014691819832,-1.090873640417586,-0.30837063546660765,-1.6061530349148716,-0.3366755264278622,1.0239708257039108,-0.05268536001393186,-0.277767334940016,0.681552161266515,0.6376825878183736,-2.011278461875038,-0.43794689756665084,0.04081670682758473,1.3006700703747236,-0.3062712833814325,0.4021154150121993,0.2304101915187667,-0.31708363953075097,-0.9692542721913726,-0.7256813248469594,0.17637624627755716,0.5742256694765481,-0.2688309777953956,-0.8224441501569735,0.0735477867899313,-1.2242337611141854,-0.8261862741075968,-0.04468104170327587,-0.6804288612890302,-0.7000378223954574,-0.7301862331985844,0.03341045642308389,0.7517366686303479,-0.2822070929716074,-0.12550366662367804,1.1562656160713307,-1.3312964447420117,0.5988776794259119,0.9606861262274367,0.010519986517866314,0.5035850381202435,0.005844033862275804,-0.3938443500808207,0.1384940706924394,-0.2731383757789694
1,1,-0.15024463397066296,-0.44792334811872503,0.18012576975641056,0.8279426431908609,-0.36199997423143004,-0.16418585222963386,-0.010040593851188778,-1.5122471550906131,-0.40525981260739374,-0.14415359689844134,0.5682431233092341,-0.737391997051335,0.657649322441431,-0.5049288679389857,0.24131841749030444,0.15644706919627338,-0.5112315079612256,-0.45562284268144315,0.9090541896172649,1.3521237565193978,-1.183090458521673,0.09245269792444379,0.009171738089727054,-0.8185814894278199,1.2897218707680407,-0.31467205917113067,1.103637625704529,0.21122292802851259,-1.3727816445212881,1.0454440365717617,0.5454611718079124,0.11672718471077848,0.14486173857746643,-1.80802378195225,0.25512804513496906,-0.7374261600350313,0.041689853624311504,0.6183799669123445,0.48375355993659896,-1.0454789425941424,0.9345091310975164,-0.1453378647095195,0.47020836347150824,0.08326162779653713,0.1293142755549991,-0.230852935847043,-0.21603254792099363,-0.917333314022576,1.0400758915637784,-0.6284124344026918,0.6234576662572588,1.2918451395312445,1.1243175849840603,-1.2930120097558673,0.3639597430525918,-0.7652278973588288,-1.418803887998076,-1.3209850235533998,0.565345926178988,-1.810994131123699
1,1,0.40014821745909224,-2.3854697919209324,-0.2633654662442374,-0.09408207429784854,-0.755471326676279,-1.8263887946792994,0.08014553726350741,-0.14014081747617038,2.420369272596668,-1.3666424418957508,1.4560280125493008,1.3628573173541572,-1.0556675791277739,-1.4052242659039573,1.4201237639962687,1.8378895015873178,-0.220184933293211,1.1925464135161,0.13718052504873765,0.04898044589490541,-0.33061251545306924,-0.8143971948427221,1.0043212667480432,-0.11677972234226347,0.8152090601245299,1.601490749160355,-0.8328460035771506,1.0973721992294563,0.742140986160186,0.8526676568642643,-0.1410803390295524,1.3096320693001213,1.0377684381860335,-0.495792446085535,-1.1413899322394603,1.2957874555735567,-0.5553139579175332,0.14165992465244479,0.011248912720361286,0.17408720538175318,0.6836539739266859,-0.5101947350190329,1.6518048199935258,0.09377492400167758,1.458644828681016,2.0492368446715257,-1.1742285859346133,0.5359630976897025,-1.124008179234866,1.051400367912698,0.5655700785785396,-2.305841559509573,0.1538522471448543,0.3584169517468823,-2.8750341927483185,0.8504276963861629,0.8385471961741449,-0.7561611857688921,1.4381799107490227,-0.33753100190068586
0,1,-0.5433248678048037,-0.12756607370419204,1.448975604495641,-0.7350974702210313,0.42779040525859663,0.329764843384102,-1.1691531856117536,0.9196956075121132,-0.03818967823011293,2.518513201712881,-0.018767152295744625,-0.357031607810994,-1.3748269358008398,0.809017918561715,0.4568741689360774,0.3036010863974678,-0.7009854519032457,0.5876503511369862,0.13204766965510387,-0.2503919200899973,2.06335805305181,0.9126412401782986,-1.4890476086260174,-2.409636401196247,-2.0437323856278424,-0.7587796139442176,0.025392196174952763,0.8516645433379313,0.5202930761670256,-1.6782517539100075,-0.14741092276866768,0.13302596824082852,0.5830660750266118,0.002365552956981219,0.6851962794652892,1.7004750636667854,0.02147181116028675,-0.23716132930216696,-0.36191201374974036,0.5123218019016678,0.7235899493834073,-0.5290227432846959,1.8282296117444208,1.0527696093474739,1.5344450726356458,-0.0926401442288384,0.839576441658411,0.7654294804892865,-1.3384124888064104,-0.8593779416146226,-0.271509132940629,1.6156170692165013,1.6368061704506454,1.4911439504458266,2.5468003204722076,-0.9440438137820046,-1.0289033971265884,2.5019197579916335,-1.5421809851281665,0.42527584851749783
0,1,-0.46478799513319446,1.013082322134206,1.6013077088999292,-0.17058501287150757,0.22412695518760892,-1.05327418834349,-0.22977765174101478,-0.8405921037134795,0.5520407265566094,-0.1664628201305772,0.31954714434484033,-0.34829557693404073,0.3522428735315767,-0.09080083848312039,0.43728446745295546,0.6933145383138647,0.051747234565748534,-0.5377181410135751,0.3183678269391949,0.3139271161107795,-0.6153221972077597,-0.17527548624620526,-0.0462990950865456,0.3266053384103157,-0.180213510793325,0.10921948266211118,-0.138047133195566,-0.2957827558712748,0.11329120860414259,-0.30316540289935096,-0.523204571718811,-0.5409820144050594,-0.8283433420113469,0.820313566087883,1.6354943336983518,-0.07727742695159055,0.049925951651122305,-0.12031918760302564,-0.26063450607308875,0.544300530238412,-0.2661304041415525,0.9369868522335274,0.47340542892983734,-0.8036750015082047,-0.5581902377728815,0.8914992998922641,-0.3251660216902599,0.09743878461532494,0.9106811626114493,-0.5456289879905797,-0.43267406184417,-0.2637583804563186,0.8577209281468862,0.45119329364077043,-0.42696447294794243,0.2579138803293888,-0.10462878875027595,-1.0202438053361158,0.08690985432236663,0.8093113463449816
0,1,0.3893600623703625,0.5061575274181137,-0.34816893694617856,0.916438612108005,2.3597184295626326,1.1643264287283046,0.742888964444133,0.8876303929186481,0.15482360917571594,-0.19244157212003407,-0.3924385016083415,-0.3362734571052701,-0.31410713773147264,0.12809273912248895,0.8072598148496328,1.2404073749370133,-0.2470601839091863,0.32223940991986166,-0.4739181898174031,0.5303055069978534,0.9179338229463481,-0.7148300832321188,0.2885820668074187,-0.6038764657908683,0.5162984031552977,-0.5141138400573442,0.10303425597307235,-0.06335564502513846,0.21245257302569046,0.8721837602497807,-2.429501166486928,1.4671807795079255,0.07682809038229382,0.3971738735711834,-0.8842658331688689,-0.12346021066375948,-1.6755204929828311,0.3840173097721755,0.5798397756348392,0.4222680530969805,-0.9323017781163653,-0.9110803091193227,0.6116329198117987,-0.13882006832355195,0.16820132765282692,0.3523131283049877,0.4966832450089054,-0.5496617109875127,-0.6399584041874039,-0.049030044700406485,0.523079166473001,-0.3816628324429764,0.24348102453286605,-0.9335409970783421,-0.5696902654692827,0.3425026641209319,-0.1406106013891853,-0.7781630483235339,-0.17281167216749596,0.9345076382435022
0,1,-0.9986198931692903,2.4258162901836444,1.9794960475441081,0.5156164594168873,-0.3573703024590753,-2.052341341918745,0.3213173221026791,-1.1331728156844358,0.5120910659028028,0.19864541345879128,-0.11898602628805888,-0.995018036199186,0.39456717681983117,-1.3217602718576174,0.42431487027420656,0.7425783628822602,0.020031548445044938,-0.8539431694143059,0.3774994629686517,-1.4755819718457805,-0.2969348500796972,-0.9571271032714245,0.766189021495501,1.5000938513044695,0.8318003742491835,1.1967688076763678,-0.486257941402379,-0.7724330377635625,0.2463792500780849,-1.5795266795739686,-0.41810271722084197,-0.11429428328247565,-1.0070441778676698,0.32102748435529765,0.21193386601600264,0.4089906277370982,-0.5553842380636981,0.7196733594284191,-0.4999296082761678,0.2691148343052154,-0.6914167720192724,-0.4544871901789411,0.3293515295324252,0.7656622008590696,-1.0527368417391139,0.7441424490556333,-0.25955772774196184,-0.2533392810055058,0.4475641974875957,-0.8860612161927115,-0.6473611567362759,0.8755441281304314,-0.018652239734677164,1.7126903200748889,-0.5334051831941456,1.2084200767483526,0.13495347039688818,-0.29315960891468035,2.01948583706983,-0.07713117675139732
0,1,0.14613894795650176,-0.1082241992009568,0.30075172744694445,0.06854948458950279,1.582976902744804,0.838455595939747,1.2000931939759625,1.5869052682399851,0.3685980791433743,-2.1223188631488257,-1.270083983075331,-1.0123900952843876,0.6808179407480162,0.2316075515631549,0.5759238018763528,0.35324464585805776,-1.543910322987047,0.2517160797717232,-0.7665319150506685,0.2675687793155611,1.5942001437873041,-1.4495493240359911,0.3687334934038245,0.2540061376009402,1.632927774105361,-1.361294720758364,1.4649658944551431,0.8001302781439055,0.0328752610594353,-1.0891478635430254,0.45781239507514065,0.06435365448914059,1.1206515018919287,-0.1030381613949815,1.301896928769882,-0.5909926294399364,-1.6374107100053912,-0.9346411434492884,0.7942745549518817,1.756058005107743,-0.5435454195084782,0.07124658599421123,1.4547066568557825,0.08003096648246803,0.3520850147281508,0.485068869171763,1.205609222688308,-0.23627461168854477,0.015900948022106946,-0.006505554492309693,-1.1969152122149813,0.6317025150862318,-0.9277584119321715,0.8101059964190607,1.0386013259515525,-1.0650469709037405,-1.659856686419019,1.1903294521801753,-0.07848032497000185,1.4370450226579765
0,1,1.9240605018165298,0.4399253086167899,-0.11825330887279419,-0.8447246811837225,-1.1140928065110014,-0.5784156268740399,0.11032778636833816,-0.6014921455616021,-0.9965505127991175,-1.3298286728073552,-0.29905118424955823,-1.1612483689732815,-1.2250536249657353,0.5376283660399805,-0.024576645257694315,0.13404365991876613,0.4829916050736119,-0.3414504454153225,0.2333118036011103,0.018219394263004913,-0.597194484925104,-0.7204503793085956,-0.8948330035088943,-0.5792899562268263,0.43053808504522234,0.1889447498288594,0.9030945657384355,-1.5954920112240698,-0.39428933150448364,-0.6354098049716942,0.822234290847408,-0.6731269501678442,0.020651322699777507,-0.7793514691092928,-0.5559681932186614,-0.15740119574825912,0.6570898203614075,-0.46342195509680967,1.0125815945144305,0.38081634540235937,1.4990728755411953,-0.10367348478780979,0.300390054916514,-0.35102892340644537,-0.6416404804771525,-0.25346130473888695,0.06456534627298299,-0.24307193736973476,0.3670073522037672,1.0805108417063203,0.5377628525842187,0.7000955205713641,0.92867341271844694,0.14129907996431118,0.31864349695862343,0.9630571820343947,-0.31783288699788775,0.46584947966340556,0.4693532566861183,0.7540247788245581
1,1,-0.15611119188100275,-0.1238297175200339,0.6555249664295956,1.167404737937621,-0.014235008952269233,1.2807669860040443,0.02959453439636472,-0.5221386279871332,0.5588910465540441,-1.0181541197806923,-1.2976495133095085,-0.7839415031904365,1.371938349727343,0.7671365403103658,-0.46072302181717684,-1.3643859749693616,0.7242096254299296,0.28047225419615535,0.7712024158870909,0.1964966897716596,-0.1265442264376429,1.0089006924044952,0.24331961806117552,-0.8009313315507379,-0.3483193249512647,1.4389615471150656,-1.1472358298813803,-0.5140655115259151,-0.07276337970731357,1.1614049060793523,0.10704898832816576,-0.3882555447143542,-0.2263263660857762,-1.1090250360556584,0.2630846461714783,0.3818604752269228,0.23372982927506225,0.39885905426580937,0.5495651081167543,0.3651885170605559,0.8721245227845151,0.052660746915131736,-0.4260409888698403,-0.45298497019517237,-1.1197245088104046,-0.22404742306806355,-0.08640702621589394,1.5205077700549188,-0.8020475150892968,1.401488011239567,-0.14040428511231362,-0.06748139426328245,-0.1327106379709669,-0.894458567249073,0.6568143492651414,1.1522776962361154,-0.8348793533523756,0.6426186940490726,0.9446095140048187,-0.18000071008847654
0,1,0.017109376213826702,0.29123467439893697,1.9641948964488622,-0.7095816794432371,0.26029922830639013,-0.39520055624130096,0.9361327590240454,-0.3210040226611694,-0.5613435796572158,0.0212342979866818,1.3985846219015114,2.795094670958006,-0.412168953388524,1.832348511767533,-2.361143546866258,8.40801698170847,2.952121294369624,1.3452766706512664,-4.736554546483157,-5.202518740682881,-4.1660537813137895,10.536940345445036,8.95635729243097,-3.822791352627265,0.47903514306959744,1.9674367913498432,8.669832782382779,1.6759407231712193,-1.2151387734045065,-1.9385256048746107,0.9291037818976573,1.1643639000882107,2.6638479717337376,2.7796746337108846,3.88288161013937,0.3709926486764932,-1.6559835474389129,3.4151446789562687,2.6446572986444727,2.035027905691419,-1.763266830625373,0.18682833699042012,0.2574372978859021,1.5020281908976056,0.33527107179353177,-2.292632792659702,0.5211925069334251,0.9525206510889903,-0.24547230234874245,3.0002167599621608,0.17805372362954056,-2.2604340016180124,0.48867927301560005,-1.2574742655770925,-3.1532520752099127,-0.8698030569175932,-0.5416008891369763,-1.2250895691549035,2.5257787565375702,-0.7893338524128636
0,1,0.012175194528775324,-0.02630127492838433,-0.7058423997865312,0.7238249093281843,1.6168478056717643,-1.2160139126158194,1.2178766548754676,0.7660764391720655,-0.5155869761522601,-0.7547529522012291,0.8302064359688538,-0.280587306180371,1.830917737692163,-0.6699216581527907,2.4473013426528976,-1.4223290235172579,0.23552180052729083,-0.1985890703968452,-1.2834298590814577,2.0757422573347064,-1.0714011134109176,0.6741569209966514,-0.5020807869250539,1.5241757787851928,-1.061278945412774,-0.3824548962361565,-0.09163649376642329,-0.5327030794258041,-0.6681133066870268,-1.1365531034401042,0.07008102781209538,1.6302894563751396,0.9994007269935803,0.28484246934222396,1.07397675722794,0.8002055807901619,0.23742528384586498,1.2436193975655432,-0.26554136906336134,1.0244574978903183,1.3785117813211558,0.41205958008480786,0.00877852776125494,-1.136383260866358,-0.8885269251705621,-1.3993047917605368,0.3396553669956978,-0.8975029834407872,0.12163843959921762,0.7727738671068057,0.2026954166819796,-0.8199089986202558,-1.3636707736384552,1.1405835977474,1.2244948361246628,-1.7011962968161476,-0.7162119357798752,-1.2315087663171633,0.5203943073739664,-0.5369047424702931
0,1,-1.5302253003388635,0.4011518678071704,-1.715674770633695,-1.7688391497392595,-0.24531135442163213,0.5922773376690053,0.6367074469089888,-0.9794866387262928,0.042040246556131845,-0.13428296989579278,-0.9028210808809597,1.1527663600517917,-1.7992329013223864,-0.35150460047650417,-1.0100148944376042,-0.6002721284970197,3.755999518579027,-0.8626660315382915,-1.4646539623055526,0.6563860795402192,1.0314900853184368,-1.0500750994432695,0.321223769461478,0.2490505007716969,-0.5553500509816722,-0.0946128267552961,-1.0788756611809356,0.8158978660961336,-1.0260342783340008,-1.0585879625695571,-1.1728551376801384,0.7489435167571824,-0.5999242725734636,-1.0111776955957357,1.5179431416756066,0.013417178164943963,-0.3340490549789375,-1.2530833992229458,1.2239401523635889,0.9982637638831315,-0.17799287232487027,-0.2967262623512316,1.4809517982402185,-0.1566139125546059,0.746777878283224,0.7358482940782288,-0.09257134861419239,-0.7162301560579794,1.5867901488387222,-0.3955338454019213,-0.1475663549331251,0.5978963850131971,0.5627279424137773,1.060261834209133,-0.16132057195839522,-0.7520444696877026,-0.7630767210753304,1.5187567459118878,-0.5437647343033273,-0.8270766392157749
0,1,1.6575079248231375,1.7476841397644405,0.03393094624734375,0.3360212921524354,-0.8663891203066729,1.5894433600048583,-1.0539805509555893,1.343623112864316,0.7878175191880922,0.2465433734982379,-0.48372584223417814,0.4939784222448766,-0.6364286093802861,-0.6484856754617808,0.8961382815064258,0.6622501535561324,0.5687971805324616,0.40891953789765806,-0.06718914184763351,0.21069712820276118,0.320016382055362,-0.3321078180466978,-0.22793107060238738,-0.050080417241254206,-0.8378359748169775,-0.21067285567062383,0.328167596747046,-0.6689229711569412,0.35345174155453546,-0.8110589271402466,-0.5279201686584498,0.17648005540298936,0.6238778937231634,-1.761658917216452,0.07503578295258874,-0.9056732042769216,0.4338599914243033,0.9207156396372247,-0.4618374234434085,-0.776671535892798,-0.8227741597863342,-1.3100388893029045,-0.748820718320118,-0.30214272290017924,1.3176892168748666,0.00914651898728438,0.6232054627771304,0.5805843682080565,-0.5788285690082967,-1.522977095774453,-1.2290565683081374,-0.1515047620608912,0.531770138591288,1.6293530528843905,-1.6641288671287866,-0.3648901723499594,0.9228797413499622,-0.82857557083774,-1.0934533049324906,-1.0603097067628877
0,1,-0.009731904385244083,0.009345823883400642,-0.7766313421790748,0.16990679069219436,1.323327416153555,0.4243984214844537,0.10017823232487426,1.5839455081943576,1.011440449451858,1.0718486833785046,-0.234998560533132,0.6517780556291198,-0.20872970636151683,-1.0132403834215686,-1.147775389448983,-1.0538169882299775,0.006539565172950079,0.6744801984156893,1.5683567433269836,-0.9137498687264071,-1.4379645230652787,0.15259600521796488,-1.5484356987835641,2.1597466706977757,-1.1351827950553293,0.16301981847028904,2.4716442404773193,0.5600980329007158,0.49254891790664534,-1.5734013512980574,1.0680643722068055,-1.750588111253144,-0.168184080550741,1.4738858248837017,-0.21137119445737518,1.040052725756107,1.8045284034916425,1.3137994398993706,2.35784321469663,-0.5335039837074401,-0.955323722247636,-1.3180073617142904,0.9995079767717966,0.40190423217926496,-1.209424055956047,0.38086197903179014,1.5130197072555784,-0.38673064216251013,1.6506645082355216,0.02154515392140394,-0.9479993203501489,0.641795041762418,-0.4051461665698993,0.986496177334463,-0.29323099033837946,-0.28971352359921476,0.4880116413704468,0.09499002979438417,1.2742080087559366,-0.6737060327734563
1,1,0.5209796123796407,-1.866043336206213,0.7465461762829483,0.1431127919201457,-0.6900765533380041,0.07234316783400305,0.6754654284690722,-0.5708960555737351,1.406458030825393,-1.462057572930678,-0.42615445818170844,0.6707085363081032,-0.33870636411477073,-0.49047449292110884,-0.013827487679667632,-0.2712050359057527,0.7251494941587164,1.084061925986754,-1.1887550203818178,-0.06827073396766445,-0.461049700767512,0.5751662586935732,0.06904840810636635,0.8230692241588495,0.7711089261282873,1.7543045423538106,1.7379103334411063,-0.8867670835860085,0.7033541250547194,0.44530880756393293,1.2896021536556606,1.3136807609595509,0.960160496857681,0.5968789594901743,-0.35504182150374686,-0.32251823824798687,-0.08263982164940967,-0.22954265518755435,-0.5770430696162344,0.9106444475484464,-0.24759186544597095,-1.627625503621119,1.002391487556302,0.6358147305040415,-0.09070425553483898,0.9588629549270845,-0.4918084045593678,-1.1525922811537181,0.1284475221937671,-1.4330710652588963,0.6812442557167104,0.08755847353324844,0.35506263077622247,-0.33457934981790377,0.2991734505622683,1.3096817247777153,0.6965176897374009,-0.058734613039347586,-1.0730476136827358,-0.9069016508691436
0,1,1.8936391548083993,0.7178720302333568,-0.23809146432177794,0.09686359943510657,-0.3675074760256759,-0.1779165340493684,-0.8837216675983992,-0.5252082841721183,1.1674297867889964,-0.2506055066405641,1.0442945172514713,0.050880460128196914,-1.245468309653148,0.4979650316863847,0.0192795978791967,-0.2967002469466193,-0.21389145828885497,-0.15273650100519523,0.38013316806092706,0.7888148517498109,-0.40322454930638746,0.9468115003173183,-0.1889668319848492,0.3203527471718137,0.2797393752895091,-1.1767861586854769,0.7226944367275808,0.08487454288199102,-0.2973079039457337,0.44240626871114636,-0.5865470067914456,0.054872257156998804,-1.1401272892231058,0.4638997748480522,-0.060674053064250374,0.04995462993662819,-0.67747987485211,-0.47672464268092535,-0.03287715922950096,0.1592593685412084,0.5796700341790122,0.22654939520090733,0.34549143598423415,-0.7123787463397814,0.19069740523758405,0.6124240723285963,0.22996055574219285,0.16346318903857213,0.06887563439002543,0.6683351460589593,-0.353756995215089,-0.021448231657579076,0.3352791480609877,0.6691871844143709,-0.35634945868806683,0.9311381150901424,1.588546115555208,-0.8081773421510834,-0.06871195264792479,0.007026153991105164
0,1,-0.005189262065299493,-0.130205147125203,-0.5385703544543196,0.5536395405788123,1.669526337803064,0.6152627592162817,-0.593568666146314,0.9872498664389758,0.2613936317701046,-0.14353732941340952,1.7099352135746477,-1.7155353641157642,-0.23817673231869418,-2.612143375131131,3.0617246823934834,-1.131316512320725,-1.2159920369924488,-0.444560744039629,-1.1083063490514438,0.7870721432174452,-2.8736771823530556,1.3893127990280576,-2.374505557355486,0.3890334927841754,0.7107845180859301,-1.9824427712177235,0.9047918975275939,-0.14867899345164418,-2.7127192975416157,-1.2228474470967794,0.7448423370646431,3.976965297209033,1.3921030989278265,2.253985178038741,-0.9253635200951371,-2.7241946673772177,-2.3197693345882366,-2.2973847731859425,-0.13235810126272485,-0.7578896587386263,1.8568309842455837,-1.9457388111453664,-0.3189101348611501,1.3111186269592958,-1.0365442229882282,0.6943375996501939,1.677314153554042,-0.2934543212496467,-0.21706078211161803,-2.5679346065704127,-0.9955507888398809,1.1701652266662033,-2.0806406021253747,-2.4281148672672406,-1.492622239405778,-2.036201152753591,-3.773618931724849,-0.7870692142746519,4.287261193672009,2.033355410562203
1,1,-0.6250991117711419,-1.416993133592128,-0.08572912669552872,0.5069250578228867,-1.63800443163183,-0.638111450731351,-0.13380054869740363,1.6160988154250828,0.7979410102698196,0.7198280355222676,1.8483682118378095,0.008128577019751743,0.24611065307548075,0.6580011185282142,0.47655843145218185,1.714330233178185,-0.7481714876066757,-0.24409827909012827,0.9540222679811396,1.4641807259620805,0.6191201344763252,-0.7033099610436482,-0.6660478314270623,-0.08100937745288128,-2.2118815956144924,-0.015846181041743873,0.4825770632638604,-1.5163450070121984,0.27297495657702464,-0.9240476721012167,0.952349526906052,0.1996277204300601,-0.2505009738585425,0.09167780705406482,0.9393229227513646,0.012583995656954032,-0.7193048653025791,-0.38023996267401505,0.5120787357410017,-0.27394204112188486,-1.1466406241875686,0.6221390389134243,0.1589207578406379,-0.49643414585520784,-1.0365068582741213,-0.0071191960654661416,-0.35283004058517003,-0.13932571279946615,-0.1998568425133797,-0.8386174559976215,-1.2997914807740836,-0.7722266664727492,0.9372876864497987,2.7782448927448886,-0.47922377073022904,0.9494769624340685,-0.46268837397043977,1.1958089185048897,0.18893282406261291,0.6078678131003252
0,1,-0.6020762418364473,0.573638211309709,-0.7460758993108916,0.1891738488859905,1.3563001743706773,-0.23682628339899311,1.6702052357355917,1.2356052370802966,-1.0651606600530856,-1.2408951243778614,0.13803928965981577,-1.176433017420813,-2.248084608445741,-2.295231719651931,-0.9147889288961719,-0.38813108529009116,-1.2943093064059985,-0.09997094187790434,0.02811725902350059,-0.20610692316442347,-0.22260778327896963,0.43932596762237586,1.2861468961201399,-1.1754255965331413,0.03784576255393773,0.6960313395797034,-1.0650326936489074,-0.6039223976492107,-2.86040943366878,0.620480490168105,-0.42889929782331654,-1.2110685245056,-1.300919300783772,-1.0821343227855753,1.017391276533729,-0.5598976194134636,1.9209294815810534,-0.45274748551283195,-1.4427915846667236,0.6957523431981957,0.6954798871903503,0.9847323738247028,-0.10807153573213865,1.5631430239760173,0.3541423152194974,0.34949582245353367,-1.572793835318688,-0.3684556488476699,0.8272034667108554,0.10475099884021,-1.9435957305969094,-0.20268334084305614,-1.0744665962571458,-0.11876804994114494,0.8071015666700099,0.4667899185526143,1.247496048150509,-0.7865855633143619,-0.8437306657514752,-0.9779762605809645
1,1,0.24492441224104797,-0.9282668907349562,0.3691506337855789,0.7445186250445781,-0.5369851890810383,-0.5966848512995006,0.567591479427431,-1.4945773949083487,0.615496891844602,-0.7974789257678743,-0.3143090010971306,-0.4708489157181161,0.24266355845449236,0.7163032368666761,-0.864266485471369,0.3765035556543883,0.037657217726616135,0.3267268966405105,-0.40081077344893534,0.8389412428132613,-1.1567635451831464,0.9899500423985557,0.5537669547732698,0.10652296953305888,-0.09972128926046887,0.08796532984672858,-0.21012417858887,0.35096437342411624,-0.6431245463366999,0.4836047913758208,0.3086681373747939,-0.09306955240600151,0.04496640095677708,-1.62120430114436,0.7626048588679435,1.1405157694677186,1.5692913156575856,0.6518232809168251,0.8881311204232518,0.2945069794588015,-0.45637361014394917,-0.4221714861131438,0.46407313947378137,-0.5280512639638612,0.6782676864056725,-0.2740077754376306,0.05273228948585549,0.9920669313367252,-0.1061768203380217,-0.08959166223805988,-0.7038389952564302,1.2570966136808852,-0.16473775707987678,-0.3744089407319662,1.4139032831041531,-0.02209611474209579,0.6392451867308983,-0.0549227623399556,0.5447254947696496,-0.6184643643848708
1,1,-0.781226667417981,1.07530296615997,0.5766514517016933,2.135649050297119,-1.017351587357272,0.5668373269159032,-0.47574627772078426,0.13464810573155184,1.9511200043163353,-2.385296410153018,-1.7982891922779494,2.2215706604055163,-1.2789007411667335,-0.2734117276443407,-0.5390815093957926,-0.6017776015745374,-1.3252349471226867,1.2871448766411986,-1.108995057820257,-2.1799167024645723,-1.2568170520480562,-1.295823055136224,-0.07541064791064625,-1.795653055377108,-0.2803020973238391,0.44067713928749885,-2.3373809570326576,0.8902632650135194,1.260277343408873,0.6112664698153193,0.6534535766031535,0.08186664570264272,1.1694646587895372,-1.6145663522565852,-0.695724863996566,0.93826521140414465,-0.3091484502696971,1.1354779444726888,-0.3626838435657123,0.2230379318584461,0.7609620841967092,-0.08494344996136666,0.1813079631731489,-0.22658138135056077,-0.6461862524567874,-1.2805377803274265,0.22197774865646935,1.179296165532996,1.1481604702199733,0.48335472206861535,1.818320782942323,0.3815281512587811,-0.9219091420463603,-0.3351420983812803,-0.10035813553730101,-0.9461742466982267,-0.4098352130855173,0.49484905683353503,-0.565824766402313,0.39481325476665174
1,1,-0.4813306989813568,-0.17527387451534965,0.7857987723401865,1.071137067510709,-1.1058286725261919,0.6820102154957995,0.622575296457955,0.25234241322727285,0.22955049407609232,0.15953562662207393,-0.3646441220607628,-1.43023014462407,-0.26685772093836785,0.09062582775505747,-0.6573854716092534,0.1669879958048405,0.7471868116079748,0.5473874678205789,1.977456971449581,-0.7505998450543224,1.387006152205837,0.9259951994666894,-0.8401594260557445,-0.6078623672235131,1.1572702297551287,-0.0868034665956506,-1.7665573842446858,-0.34388772809247364,0.11288690561578026,0.8154926426332775,-0.8144166357536597,-0.1051264025447206,-0.36029853018513786,0.5531496714100771,0.710004932864572,0.44532391165573854,2.0821229863827986,-0.20049682351390202,-0.232077045444969,0.7677993423660425,-1.2015131524288385,-0.6148288022409282,0.7252101134712192,-1.0507721820471667,-1.4507553801462596,-2.5990509958089314,0.6162668515382075,1.0335645635832098,-0.2060725146537479,-0.03768573055900329,1.5288279684425365,-0.0656312172569826,-1.9252512313117633,0.602766757466971,-1.4356319707496874,-0.11976261087273764,-1.3944032366148473,0.2987099965844038,-0.023374967855749995,-0.827928360908964
0,1,-0.2239695608203149,0.4661105444997316,1.3506500971156996,-0.004098558617940581,0.7173681519623002,-0.5052603228673326,-0.7733975541782749,0.026133863495427987,1.3159033027084617,0.9703051654632899,0.24569421165216024,0.6790796112096225,0.1739252141972652,0.6283661989048321,0.2334539209132324,0.469899260545165,0.12332284535265817,0.7627162528445562,-0.5226286870943735,0.2686549386634866,-0.42616726402226623,0.37693632291690143,0.0590298421388819,-0.8612771188083761,-1.1885424720242403,-0.7008981732374352,-0.008704286134849028,-0.2221758000611057,-0.3980698631188151,-0.3856885632981387,-0.6169369427798665,-0.3291467143556832,-0.8670970558438212,-0.46360382939815065,0.1996314152617082,0.7299961178390723,0.3050483721170738,0.1363108205454742,-1.20599518106751,0.4271820051441495,-0.3062211954439475,-0.32793465238285785,1.1738573318679142,0.047228750388621225,0.34414791786313537,1.2658740847321526,-0.18960207645322405,0.6935236487030598,0.6534806175751546,0.6152177683774347,0.9469388864196837,-0.12987063039132044,1.0249063718189122,-0.8783299011180702,1.6845178671734127,-1.1762995183732816,-1.0666310257566247,-1.272388393032742,-0.19655314955431352,0.6226268422577756
1,1,-0.37554213536985354,-0.561547063810633,0.3487140539654961,0.8171358297071152,-1.1968008526228888,-0.9042647137196771,0.5063139437258289,-1.227254894896575,-0.5804087473129673,-0.29146110512518114,0.10032063910523677,-1.1406363382820028,-0.2118984234272227,0.0348295982534687,0.30709174735205913,-0.8893304921161512,-0.13404496503869345,1.2227974370331058,0.1285695867430916,2.460632935078838,1.161827236314978,1.4396998725242371,0.3831148454355248,0.7103121374405571,0.4742243767167437,-0.005737103435415042,-0.6811684950421227,-0.614847338057065,0.17510213802240246,1.4659883231555075,-0.03875707752621313,-1.1941225284786534,-0.13998903960409526,1.3337414420419105,0.036614120634825394,0.6274353285938223,0.9795350348272582,-0.006048935098843799,-1.537275758894711,-0.18679611252867995,-0.7192107019011953,-1.1308410654516232,0.17617862785309948,-1.5667860141411007,-0.32238405268230674,-2.281606339998154,1.4612595330094862,-0.8411080751201652,0.4657471016280509,-1.4262473127245947,-0.20658737857437298,0.698784405509211,-0.6017077195402657,1.5722674929846592,-1.0243961251186524,-0.36312294911975596,0.2692783426590199,-0.09609804713032777,-0.03457364479006507,-0.3411984127982647
0,1,2.2506317370028275,0.12575199351108793,0.030452919270638788,-0.4568943644118695,0.19476721908195824,1.104161413424602,-0.7396855086443941,-0.3067658888542188,0.21128006364185392,-0.5371286176949316,0.3745572036687449,-0.5898818914809713,-0.9788065591513484,-0.014742695967810018,0.48070071120983604,0.6127737078180444,0.6312659406863169,0.4650190410397121,0.2199887981908161,-0.365821750752779,0.09365038589178609,-0.49851671924647,-0.24780463113196818,-0.25934571114184307,0.1441255383768018,-0.7928635638305881,0.2274846293156761,-0.9094448822773846,-0.3820737624970284,-0.9436223069544706,-0.3351764503900624,0.46730546149801133,-0.12419599836099994,0.7494946200400379,-0.005496688521883854,0.0696313528854482,-0.13438769306297613,-0.8672015248744253,-1.2885237066121698,-0.23347000611801313,0.3862327222709373,0.31933939144830603,0.366921846431912,0.4057423591077486,-0.5043621809786082,-0.1139738113236754,-0.6638098384391495,-0.14853843123407373,0.3501199151159,1.4936582990001745,-0.1690599235345406,0.6134528586104065,0.057493924137664035,-0.4156003566550259,0.14455388152937504,-0.3652768428211078,-0.3321057109015399,0.20574632800825562,0.09125905844485195,0.8430031612004598
0,1,-1.717802177107905,0.36237615233562764,-1.5948552749869092,-1.9843121057412867,-0.5992069869576064,1.352218488541192,-0.054296370364860055,-0.3898290075242141,1.453147154363862,-0.2499913919957555,-0.792774627028768,-0.40667922513901555,-0.6904473074405738,-0.19420175451123145,0.7834843118352343,-0.5707487545544114,-0.5696223669550418,-0.28236370868382843,0.016998324370054177,-0.6334597838563758,-0.5716644517306905,0.25700337055611383,0.11372286145941234,0.44472455407040357,0.5048495236099646,0.11328768486821976,0.44389335209870673,-0.015352608885050776,-0.49902148445276917,0.31353744877813905,-0.6700618206064234,-0.40688894003858683,0.4930753812443509,0.6393556992999255,0.6500436051644638,-0.18490456639507935,-0.4947375654278622,0.7142115983649485,0.26455439587429813,0.10618486665658886,-0.22736162528066337,1.0853139581824252,-0.1155494233097635,0.0966578685851054,0.5088576926990902,0.11357118135354392,-0.5663465070243159,-0.472609078790737,-0.7900440615530337,0.22541991465673894,0.027053245100473213,0.4319966531583598,-0.9464202776366978,0.01958200202967579,0.8856750425546145,-1.1000917620599142,0.534423246329931,0.03816789938955593,0.06046849842652752,0.09162706467976892
0,1,1.673418679880291,0.5540611758412799,-0.31925055414810705,0.5970374755300382,0.3335485132915456,0.07548696645585373,-0.9835838446392018,-1.7290532910584777,0.3909825202449914,-0.5225934765496291,1.2752551510176253,0.5198878998570515,-2.4740191961290647,0.7574199164999756,-0.4002958681862369,0.3690804191489983,0.005794362037273753,0.07338694867492328,-0.39611893432562156,-0.1431272226300179,1.0050184074998967,-0.7494305019312402,-0.6452587319621024,0.4291001152636725,-0.5185376375834088,-0.8625136418287878,1.4175455904909342,-0.6736904846053154,-0.4055505512324591,0.45087883719581845,-0.14211065633924044,0.6933792301037494,-0.9072567164349405,1.2141545960596163,-0.11779858773507217,-0.6154657969234477,-0.9665331523563289,-0.09175430454112733,-0.9918413103907203,0.18540245307738568,1.470253126758146,1.6583247339313687,1.0299254020580253,-0.4821621089954895,-0.16326353148662748,-1.5067234913062704,0.07443913855356617,-0.08745501444482162,0.6764258110119066,1.3857624773057244,-0.339943351491452,0.92867277895127,0.2598204110657959,0.7916861352146758,-0.9638843519141559,0.28597392134023986,0.17380197561212288,-0.07419215411444677,0.3016514215607167,0.3071596235075513
1,1,-0.0033005154689853054,-1.0936743991232725,0.12456513058779604,0.4605960587721787,-0.2758800080203708,0.0027022553428634475,0.26936063627553586,-1.5852560018930435,-0.21773719948240353,-0.6309078128712361,-0.6223857468160459,0.023906274922394073,-0.7702403265435067,0.47088006333280225,-0.6011662078000614,-1.0740955984631326,-0.13371758169277495,0.7891860419576943,-1.6743908572414838,-0.009119800766097443,1.1769279963642476,0.8507500786246263,-1.040343792929724,0.4589130081853254,-0.6976094199371953,-0.3614472278980968,0.43035243812647683,-0.5808119624616759,-0.6596189997630146,-0.5015318145428277,0.023261484715557293,-0.12148337164068361,-0.06854990799944902,-0.044507986154848043,-0.40527004344080303,1.0098106070601194,-2.4670332639306722,0.8045813690401377,-0.29120857510870446,0.10431488060205926,-1.3702631471995563,-1.1064824469946395,-0.8954929559175981,-0.5455335429632149,0.8505294140639533,2.374575442675614,0.718344874773637,-0.8203585418951298,0.09218936666447833,0.09790930665810056,-0.5914821141833786,-0.5980355613005521,-1.5955806127132295,-1.595414155947617,0.9916191277127425,0.5133364334575262,0.2675899374691925,-0.6258888897184222,-0.3914059411164252,1.2660970882694338
0,1,0.21731541849907388,0.3285756386061834,1.7583042382421719,-0.4216820396216312,1.4049151238705728,0.44025647844626836,-0.7389780541450411,-1.1251878636880996,0.46881325425812653,0.10179935397540185,0.387119766442399,-0.2518505731957331,-0.06240757477683122,0.6546804233547543,-0.7235655826698015,0.5265099505754622,-0.07641059001532402,0.2571508308745538,-0.24787328512748194,-0.5854781710338894,-0.28065807185834213,0.07174543462993313,-0.4841728014016685,0.8447505897827505,-0.10084576748249907,0.7144165409651244,-1.5699045129146354,-0.05683335358514045,1.434985455564413,-0.9134153217108427,-0.9140207096314463,-1.2769221546307616,0.5646174378515665,1.0326799775955484,0.6985763390079782,-2.18690421173698,-8.683351110581279e-4,-2.10656849987128,1.4886360234596263,-0.5700358479748554,-0.17482333958729898,0.07099999407158816,-1.2913107065486793,-0.5223211865956896,0.04061088269982216,-0.6156824912165244,-0.8429653570028153,-2.2267678706291423,-0.11099383173159068,1.1459745964279793,-0.7606268235623693,-1.2818902657963887,-0.7708770886217066,-1.6134325600477748,1.458808327300515,-0.21750247967687897,0.2984045499144468,-1.072960229948723,0.7862239295017752,-1.8536923408233845
0,1,-1.1431566202666725,0.07027797558556675,2.1367099593909376,-1.5676288378465633,-0.13091424148217262,0.5600023241352687,-0.9215825402543295,1.9928356549369346,-0.21198884610823576,0.16264069199350412,-0.6021270551695166,0.3749439360678042,-0.7806157696767818,1.7430381064169813,-0.27677353715955705,-1.297122220634128,-0.9265535184981183,0.9766543380367617,0.3291248073151476,0.5142804017413469,0.4638309196201465,-0.36361091353514025,-0.41860364089999647,-1.2641510767979018,-0.329864917186728,-0.10833836532255343,0.49504269602092366,0.5507755540037405,-0.38787927921347043,-0.5727320298771239,0.7710071068520826,0.4235692166758975,1.7707571173991035,0.1772427984498587,-0.5634274586378637,1.6849144033745385,1.4869839738168744,-1.6242605354774866,0.9275864304193587,0.16791903175586603,1.0044103730946454,-0.5967521179778751,-0.33429220519056285,-1.6862477066265744,0.9794060228038662,-0.927043716185287,0.07917946870270205,-0.5787561937964028,-1.4110581378852483,0.7307170275494198,0.14428681399218293,0.5326067960607719,0.8161128854870645,-0.9801746703075354,1.2415243326360645,-1.187833164483738,-0.6354730030578036,1.8222183867932158,-0.36406810870166373,-1.4395764178324753
0,1,0.5389248205527533,0.16409456450534934,1.4455119862139796,-0.48479853255605165,1.9607172629582301,1.2969449037623069,0.057339605732602626,-1.2143587414920716,0.3288397351115088,-0.9055076509449719,0.007417494134866122,0.2372500720176302,1.049383338711935,-0.9654300269718726,0.4015306874811668,1.5049027273909303,1.7023417566924313,-0.7979904961897936,0.8199320508202426,-1.303563453667001,-0.6731473489157016,-0.36014123816093424,-0.5302829772105804,0.22469276161973917,1.0489808189312815,0.2456633598486549,-2.043796903214999,-0.6604063672086042,-1.3303959020146656,-0.01358241106810942,0.43124058867894444,-0.816890662174269,0.28823718226841555,0.12575179967861339,-0.6804241934340317,-1.362470942758749,-0.34126531922479586,0.6836137583080588,0.6783000532746005,-0.8707604089880182,0.2209150805348615,0.9732118858829271,0.5940102601874826,-1.284908419428237,-0.9305126724704621,-0.34308344855481704,-0.31095940790279,1.3004239808785405,-0.7319362982782842,-0.8788658025521701,-0.0406590134017437,-0.10851559276250862,0.011059414203791354,0.38858150754697035,-0.6812431044460131,-0.07955675535974653,0.4029493295639232,0.12006984903586908,0.03303576639603055,1.5363353356002727
0,1,-0.1873450919604617,-0.05387993486134027,-0.7253086269358021,0.32712108494502273,1.5589923375327184,0.025781671420221,0.7383967103723255,1.2539995163530717,0.33102767200069794,-0.2532895273905359,-0.13198339691346758,-1.3405482978631456,-1.7443371246327053,-0.5533716637224896,-1.2987117230489353,-0.5606580825084813,-1.44053799227165,-0.11148579875285353,-0.13498110222050494,-1.0659108125621128,-0.6957103735786675,-0.02129033825678649,1.6774964074527459,-0.7468625902977545,-0.5871799598106399,-0.11797838097721051,0.5750839078744987,-0.11627016698044634,-0.46303254932164745,0.49850493096958565,-0.21271280846085186,-0.5465657355703817,-0.8559779610300342,-1.3212673749568133,1.1047388341506994,0.4668014097273587,0.5363003618756063,0.6734024616276256,0.5144850733188943,-0.5381254653090684,0.749589238956502,-0.08372495776303135,0.7793491417339323,0.8749977923229009,0.40835438824334,-0.03827927340131929,-1.0346090627744167,0.4226260232242104,1.0865937191396384,0.20386130308149103,-1.1771493703827496,0.16287507749204388,-0.6494683430432995,1.3116960513908256,0.8839688501438381,-0.5076789235806244,-0.4124613239092667,0.002119333806354426,-0.2688970910545584,-0.4506385014915061
0,1,0.3100994366958066,-0.0459255883071604,-1.0157903717854764,0.386528170129991,2.1472685447324213,-0.05369701869273595,1.191612801827359,0.8255777197000951,-0.8128923157354755,0.27786426517169227,0.15542331489252958,0.5047714002576694,0.059965649871422694,1.5933349130509715,1.0799138376145456,1.023497338131583,0.9730400957912927,-1.1391858011675007,-0.32321342504747136,0.9670843036484568,-0.3141293501121465,-0.40033006737125065,-0.8155607305967411,-0.8879094389990314,0.26223337311997474,0.7379348849134668,0.6832773900606983,0.618020544897367,1.612419893872904,1.524940122165951,-1.9055446466646149,1.1972591366296754,0.5020490496067134,-0.5447512718702185,-1.4580584845793076,-0.9711394895577354,0.5012275061875172,0.09845154201158463,-0.8494836641586947,0.36591702818581284,-1.8521239222070685,0.6620355962153894,0.11361717464338585,0.9302932070586404,-0.2332195874007917,1.5000123112210866,-1.0303193251495049,0.24934117548237775,0.11947325113764676,0.15239100614454318,-1.6610166857570725,0.35432445742765983,-1.1282878703548476,-0.2139300485592051,0.1718616112819748,0.08978889984627567,0.8040897297232372,-0.6371812660549182,0.12073388691855848,-0.8273425582361745
1,1,-0.2762073024564013,-0.881841816130551,-0.27359541578732793,0.7716526961890451,-0.07496272175127464,0.4502595876507542,-1.482980832144474,-0.18050767132000808,0.009065870960558917,1.7625203672021903,0.6032054487950543,-1.6089937427575582,-0.7364407147229874,-0.26938323226160954,0.9448146175369099,-0.3200445425465744,0.7390771754769915,-2.7356722709281107,-1.2255294583876861,2.0954428287600426,2.472256317468254,0.38637488291747185,1.771607033568555,0.11858646400460894,0.8635566217519874,0.05849197089108635,0.05759462270728092,-1.0295963490005058,-0.03163524245845656,1.2906682677698766,0.32763750543683695,-1.9316440271452189,0.22618343558891305,-0.03312088845447784,1.50941044588835,-1.0192115302936289,0.46864730575873426,0.9310243599212453,-1.6592704258803366,-0.735012754834929,-1.3684545012860412,0.13444330008849345,-0.03195980994175558,0.38236202450247087,-0.5480594864028191,2.2440629031173094,1.099415384828711,-0.7211177092720985,-0.9345339027568572,-0.6705952871113131,-0.766255673811065,-0.06309728202602219,0.11607786025741533,-1.4581928229760523,0.7388000331297276,-1.376736115236339,-0.1919238989435097,1.3633989359878067,1.3948499791153464,-0.626602623940134
0,1,-0.1934874004462675,0.7069574703841734,-0.7166863940632815,-0.2829903687157682,0.9054156316518003,0.025361044577793774,2.847724988464179,-0.03116271242487034,0.4057394513839525,-1.4576105117140763,-0.8481250479305424,2.283473760452831,1.0475855492017028,-2.0847091098103814,1.6917816585208634,1.149545045661506,1.8876442408370702,-2.0129944987359543,0.4535857788760587,1.2183480004462182,1.3268942205450285,0.16372521530916206,-1.297726525535691,-0.3839130863853502,-0.6275900301777608,-0.4364693562463265,1.6289457075067106,1.7979018457522953,-1.5706096088678714,-0.1294165763413798,-1.2978314297467375,-0.4114702801392176,0.17101639480913833,1.3142498708860575,0.9736424740143923,2.223293696116395,0.3289392880053486,0.2248450956341544,0.5607873045558888,3.1779645072980873,1.2756231180105582,-1.4092070955419995,0.5153828138601061,0.09218693079884022,-1.176645466650057,0.37384882143605763,-0.30463257705494273,-1.7010782362192398,-0.2563134722773732,0.5839002658441446,-2.4375696828439914,-0.9790961204808163,0.6920334640322066,-0.25708988022146984,-0.5835450409179782,-1.822438066885864,0.7415783262510488,0.8744986309235804,-1.1343473760151606,-1.1597806832244633
0,1,-0.042832731798304935,0.5069318730172601,0.011933866741819442,0.578967899087162,1.7482580129136902,1.5005126046890134,0.04927320975433214,1.6583037584985947,-0.16199493161420517,-0.05854000643853903,3.307187545954505,-1.6925173490469576,0.7068427543365076,-3.5400266028660994,-2.2649009021343973,-2.533015066864809,1.1458713348630425,0.5028643772330131,-0.16445907581970803,-1.3722222286799752,0.8017400526484626,0.558624368242451,1.733880190305028,0.28965956797225356,-2.6386620057416947,-2.290817031446236,0.040234929203516075,-0.5352658552808872,3.0999335138895243,-1.4557931783787836,2.6397963802927435,-0.9682605837312546,-0.11494001865411081,-1.9183880028163973,-0.05918258514660597,1.5348466988706881,-0.6078455103069189,1.4987088685254089,0.5909543951884163,-1.1415572529166973,1.9272301355477635,0.0350924714601935,1.1389046093046618,-0.7238540107045707,0.20763309050473883,-0.5987639812111398,1.2961311498631216,-2.215753196632176,-1.1999888765935554,1.2154631226065222,1.6718616699950992,0.5697460700559611,-0.5663585103302897,-1.0087321475684974,-3.6424619815446397,-1.4694866009509366,1.1033087768473526,-0.8780359871283082,-0.29627953952965647,-0.1648425917200294
0,1,2.007245139178903,0.29732633750195125,-0.5963435594559141,-0.3489170030443957,-0.4479341266903252,-0.9124255353860584,0.10493859671529827,0.28929738590926446,0.5537890263174917,0.6676681590551815,0.271554421577092,0.8087537061376279,0.5944430309483968,0.7277669328308134,-1.6133186911996336,-0.39420198768908155,-0.9717548843940101,-0.3885875804479088,0.958748847575905,0.030701195503147025,-0.07819890706719247,0.19927549210829007,1.3488129127336814,-0.14192321504000918,0.6312301749014272,-0.306407791564911,-0.945240810535886,-0.2892826904548369,-0.22475576996961003,-0.21341311317729456,-0.8083497386722088,0.17595132278986525,0.5278599627935378,0.7472269034427174,-0.42840441114181793,0.8398102913715395,0.3613498276581155,0.7360297133871155,-0.1767508884638348,1.1548013714947538,-0.38327272552577013,-0.2778399525139345,0.7187062021004913,-0.8060954591787848,-0.6171845739401942,-0.6372478245226955,0.2980305600922859,-0.11625067861759894,-0.36954813660216207,1.4367019769279115,1.1902727149767185,-0.8685210275900489,-0.26933427123943326,-1.1751902576740874,1.6371732012658926,0.8122391049057405,0.38944549133501105,1.2077125545556524,1.1208929769710396,0.3915185690020986
0,1,-1.086995011188884,1.406284476498614,-0.7124844522554767,0.6432559233105677,0.30588682133514045,-0.1828630377725892,0.49040307664173627,1.7979125495463428,0.6060467564146297,-1.3896139675514827,-0.4444600865504193,1.1432169346127607,-1.9177394330629356,-1.2191365470449587,-2.043156043945671,-0.9039816718569025,1.2569797843193729,-0.5541669530276132,1.6423766248051586,1.3320538951264391,-0.7418236556949903,0.48265848472292056,-1.3028806414470016,0.5696539716297859,-0.6020022613618679,0.0607391785448719,0.3856129236457072,1.1677762825099713,1.4978187607066842,-0.012668883801544706,0.938656759484401,-1.1546989649760082,-0.49580847560244073,1.0654486864464061,0.5500574309537873,0.6155626009003412,1.1464842982215784,0.23034174023034623,0.19524455092125959,-2.4220143455374727,-1.6508289305890944,0.4702533657413759,0.3928761397014861,0.45705744305175894,0.9551556982085251,0.4039017650264313,0.1749745934287025,0.17411053516326652,0.3303218453166655,0.09588022324809535,-1.4398060362031044,1.8158857644131532,1.672547790117622,-0.9940783527249921,1.1510380480499462,-0.28524019983167304,-0.5469063443247287,0.050781538295616484,0.5511410035470344,-0.6026487424703215
0,1,-0.22020852173918132,-1.042768778648977,1.5935399635490008,-1.8175429092989868,0.8329986032572871,-0.04807736606311551,-0.5367661248753053,1.650841931405955,0.4973835056365446,1.0031075607741236,-0.6099620020726294,1.2294109229604122,-1.2574697212884758,-0.11345208770098127,0.3417149919225443,-0.7819554690651337,-0.09534992380618583,-0.23924793474464076,0.6436568822540654,-0.8719183509850482,-0.2710497180788394,-0.20862258722415775,-0.3830693863262476,-1.3976491931955985,0.8613476167219323,-0.12218507586350358,-0.8512938092965245,-0.5131468416816343,-1.7085167193048159,0.32089911326633785,0.49789286629638035,0.495126235715139,2.458100507137447,-2.4170186437583765,-0.6952597775664179,0.37844075959283474,0.7400295712642145,-0.31818456739367595,0.13328966095014919,0.7191561199184796,1.5910642256894518,-0.34412914742514483,0.5005393864039793,0.6787764503777363,1.6778453072618968,-0.9570533872696495,0.7531328307576386,-0.5577352306085546,-0.43929427515939984,0.597436217808317,1.422309711062704,-0.43096899795228794,1.1711332329535735,-1.4897009780930957,1.3989301100963976,1.2175554880536155,0.7480961086392558,1.641308813944885,-0.002656997231752995,0.7704915754056298
0,1,-0.1646384172199439,1.1127005384249917,-0.2556347451776187,1.2511778205156467,1.6759564807703569,1.0831101246441281,0.459051544429229,0.4453350469159614,-0.3580622075868289,-0.5710452356325464,0.8644036238931965,-0.9545842962625647,-0.8989922897208567,-0.3058056691286901,-1.5998485850706639,0.3155102039875107,-1.6187852923859625,0.9481785668939379,0.29588200423885114,-0.6240443540037971,-0.680040585092385,-1.1950145813699273,1.5997658554074476,-1.5021088825387814,-0.7675124825407239,0.43663613611893437,-1.5706844565131821,0.35936784885792467,-0.13064404969547203,0.41664834209712576,-1.270309461743058,0.06405663163511832,-0.8301379172585988,-0.3215438200213436,-0.39327361424440854,0.8259334084984925,1.1592814778130778,0.1057112896095726,-0.7220115017162781,-0.40153111992551593,0.2770142145069032,0.027251515772931605,1.1677868348053595,-0.9835073272587571,0.5435506148363215,0.684370086980035,0.5146495990021652,-0.6241515783413945,0.24335746273140926,-0.025465921069724843,0.09286552489501106,0.08372505498533518,1.0478470984750579,-1.2835120460522738,-0.9423755707557424,0.8322554826372043,0.5632398845282881,-0.7995880764093668,-0.30917548959793506,-0.41970135282453774
1,1,0.9111871803180684,-0.9395985476378985,0.7705243367873091,0.8381898087538497,0.8018676715269977,1.628504053819329,-0.042559056599821586,-1.0251979552176573,1.3253945690272328,-0.8682458588917372,-0.7592148904090468,-0.3120756830917696,0.8637612423352534,0.2202990547184194,-0.4478768502421351,-0.44056527969315007,1.02046744957833,0.8268751702144759,0.514454250635339,-0.4689656535140349,0.145488748723863,1.2882766167979487,-0.2749697818184672,0.2557387648535969,0.7268259923268707,-0.09021261816797227,-1.1611039579209088,-0.14496837801271706,0.05671686897842841,0.297436700510776,0.5789340769060212,0.8052258345708995,1.0685595849026281,-0.7507178807082647,-1.4754079363635222,-0.21868535555976654,0.007014215576104838,-0.9472724701316919,0.19494998831720767,0.8465512098512461,0.9296580440765709,-1.2031828595880498,0.03446077550146631,-4.7098429034125806e-4,-0.05245248699791333,0.9613512449619279,-0.14783367406140613,0.5980901158901286,0.48632384701831644,0.29178228463545547,0.06339244283921074,0.10463599826770263,0.4138930411352799,-0.43253913729489496,1.071573887106362,0.17949325460953297,-0.9862570456360662,-0.17167398621971128,0.14134509869129794,-0.4620683799246493
1,1,-1.5365889257492233,2.1459447698972998,-0.16692229261091457,2.425750988009013,-1.0422501629331837,0.04966226401059349,0.12797663447613108,-0.2553943428638816,-0.9284959011951184,2.9592854936136943,-0.6268175551417288,-1.4026611745120465,-1.0327951894837761,-0.17972197893771477,-0.967305741923175,1.3698794413526227,0.4820262586048416,1.2484520834514907,-1.505102109276209,1.1307638697851465,-0.8957058771972656,-1.1566226713023877,2.1910685543159483,0.881821860189127,0.29429506641993564,0.8412120881732346,0.24510190103721965,0.028300511408188025,-1.030737151639164,-1.2715729447718476,-0.24439814858540984,-0.24114615733780198,-1.148763742678839,1.1993233104814074,-1.1807266692694018,0.11726628803979518,1.7792774782529177,-0.4215620063864338,0.06350267063060683,-0.8255481230893364,-1.131145581374495,-2.5908672247277673,0.2147648911185032,-0.39635191429458344,-0.8902666600592909,0.03835421068363034,-0.6973074638344815,0.25512588441288614,-0.6956876491047179,-0.50394030671498935,0.3120516396978533,0.12666438006733158,0.7924257245828268,0.29160395022069047,0.18033429169326307,0.267737704267565,1.3975231125876033,-0.20841790769803115,-0.08384792993135791,0.333880748533843
1,1,-0.16964137345541455,-2.1067320857826024,0.0017874095057343058,0.07637920674395363,-0.6300358060648062,0.17036695373290733,-0.025842252815795618,1.035824787154018,-0.3007477996056842,0.8614836540733758,0.8441159864464582,0.5335408992424752,0.3185757152292534,-1.0011398319765832,0.3825778097317992,-0.6097802213825753,0.3923231409368646,-1.4234071866617746,0.1914317840833125,0.5763240142506199,1.7523283482946057,0.17960260217042193,0.01092800245620191,1.3789779035674867,0.07209965456656356,0.4055463086364729,0.1915227469469191,-0.34113540203922227,-1.2061924175711118,-0.08319512229542081,-0.487517175499435,1.1204153093646638,-0.9099100711804715,0.05173200596802796,-0.48319039573423117,-0.7708861308466564,-0.8148770340223143,0.4841000770867037,-1.9821870164892028,-0.9154902989207702,0.707119928928016,-0.3610471748010602,-1.034294640541215,-0.9104685678060498,-0.5576417817824892,2.63115504835465,0.2871910131961426,-3.0688547653495046,0.1303207743589829,0.8540779229358115,-0.7514271778700693,-1.0397865762481149,1.0737865698110685,0.1939386826466213,1.3751557116241389,0.46037797690270277,-1.4121001502053028,-0.49167608969532073,2.2001708066706684,2.081384112886041
0,1,-0.5125753655341693,1.0591829625813474,-1.5244106980669845,1.026522990889829,-0.23677798986701196,-4.530535461387688,0.9809087270488069,1.4507210266064203,2.6051199579087108,-0.5485778552565056,-0.3175597423564376,-0.11571974466678295,-0.5713044968373375,2.9773163794978887,1.08786529886518,0.9955229178941608,0.5697475983909464,1.8450272735497308,0.450053103880392,-2.250418989020368,1.6690798897138988,-0.5152295212760354,1.4947693091869634,1.6142843058782517,1.338222820052437,-1.5801911475273172,-0.47010356594365516,-1.2395510909421086,-0.9333642514611569,-0.07772527860805549,2.2575017353444187,0.6288383707024635,-0.45745100021597124,-1.9775733900687649,0.5958868651162044,-1.5615399928947944,-1.2315931915703113,0.668843430032956,2.362664296625757,-0.3051793732088898,0.4092274302639238,-0.9409869530154603,-2.5022418690545263,-1.7368557824780053,0.5988663842628372,-0.328059309105504,-1.929848951637561,-1.0456826792616498,-0.9074416447934177,0.692644493183938,-0.19227410632542896,3.1436202566616025,2.255754896728027,0.1364509752177789,0.8415533883182232,-0.0689621999427064,0.7037919868317523,1.326863315237588,1.3504855214007976,1.3295382833076252
0,1,0.016019053418102322,0.6926892556269447,-0.5662442787198535,1.0416823539358355,1.4682433904189738,0.5283764286758134,1.0887427050367933,0.22416670280003695,-0.5082730061431552,-1.0065239323193307,1.0721142244017314,2.1045862188421753,0.8788552290131828,1.8026457650930487,0.43771860536860613,0.5259790954014157,-0.19472638519962407,0.27928864300824596,-1.446590651040129,-0.29193629996394727,-0.020934120559638236,-2.037326635370818,1.2324094603694185,0.6196146719789284,1.5008948170643017,-0.876765219566539,0.46620923237061623,-0.1570089500046909,0.6327403108424366,1.0679614402251036,-1.0765558568144775,0.4783840893538468,-1.0885112846561236,-1.4126402439247359,1.0825171300574126,0.767860789346543,-0.025920588776358392,-0.30926705976068386,-0.14046949536796766,-0.579644056066586,-1.1954471648306828,-1.526031303965732,0.18722330861059108,-0.5113805526877151,-1.4485632966428148,-0.27066479708339025,-1.0378091038023853,-0.08374272564666033,-0.5844790174779464,-0.6659903788615067,1.1529187417133198,-1.7766037116635631,0.9219985799100756,-0.28533183097706555,0.6437081052619341,-1.9131737529783923,-0.4581958992494642,-0.39634307886654296,0.3824381212850504,-1.6306995223199452
1,1,0.8685700971190874,-0.7278510541947091,0.004701182567341899,1.192122817887412,0.272819609660139,-0.4872397224807844,-0.03625825150485412,-2.0361193152014785,1.7388983588835427,-0.11678676387718047,-0.05675175445551833,0.05507795731526849,-1.3376557796955344,0.11955443760047019,-0.31765056746174536,-0.08055526431104577,-0.14023953120313934,0.17808083565988897,0.07183008113602252,-0.6011483508794673,0.17989241021979188,-0.49515862742592365,-0.36403611616465853,0.49786452006709125,-1.0814559423719103,0.6775106460039815,1.1585297247789232,0.10665182432001917,0.9795952155241374,0.5973048652730831,0.10230205356998481,1.1190611829502162,-0.29855967117667787,-0.10415813057621506,0.5931573128456911,0.5464504942259543,0.4055600489361375,-0.5140759539042203,-1.1120403848689777,1.1473163507206623,0.06259037518432302,-0.16919166489078583,0.408182927250026,-0.8658400554248408,-0.010074377578179732,-0.07616861520506023,0.11720497182549841,0.8718897165650483,0.29165581448823885,-1.5503161199616977,-0.27068607147943846,0.16465036853289852,-0.25917880819987604,-0.26188953998093806,0.6958059878315513,0.2150354551606825,0.2365886920488132,0.7810626788066976,-0.07196575953492264,-0.6143865017182476
0,1,1.8611788455274219,0.24175957460650982,-0.06961575096742106,-1.7591633845581343,-1.842546545207315,0.7583834426006906,-0.1995201494479789,2.0950213732323335,-0.7451760286950938,-0.29018379310386605,-0.8798648800843792,-0.8220951147232893,1.0574524759731472,0.45801807184735854,0.7569926654055371,-0.3813843266914384,0.40272840700050644,1.4600623515792657,-1.4358953863315833,-0.026622505282581553,-1.5975489142625101,-0.18307776241630175,0.2392135469705929,0.15213876817223648,0.4842838372528143,-0.07273548844763021,-0.7506292313122319,0.8410183717074567,1.6172743179537412,-1.005290308544522,-0.05478605541457657,-0.8048771729190973,-0.6213955663228389,-0.4218834993386588,-0.4541930273239845,0.717500745231967,1.0639213211645944,0.19798002879599513,1.3116196373198303,0.21048400093193104,-1.2751486573892885,-0.9133153622181813,-1.7519539625751313,1.0540230301971538,2.5767470907596226,1.9853992372368867,0.7498557354696093,0.44484789564519606,-0.5876822815338429,-2.0778401329118075,-1.1286841892286137,-1.242144533815275,-1.2211907975249658,0.34175704988941547,-0.618817263685905,-0.7058154390434642,-0.5236398826288944,0.2710531066277835,-1.1513730767756578,-0.28036928859176585
0,1,2.154140354546763,0.02149167161328876,-0.17046606346533044,-1.1782402004355967,-0.7694996142570307,0.5159023461836801,-0.38141806404197104,0.5376326512106316,-0.534094896263768,-0.07553979880513369,0.02814767193090556,-0.07629436074451378,-0.20869179772696506,0.08258560270729187,-0.4990963518133868,-0.3237877000492881,0.09426714632814777,0.49871979372272074,0.3742566591009907,-0.9125282182590448,-0.5057344795344667,-1.3320611962257813,-7.460604211364593e-4,-0.9028517306633976,0.14730821807056854,0.5471405671816667,-0.39704859797466596,-0.4933994452146668,1.028650962441337,-0.1952185228746347,-1.3375436058008627,0.025303223890883696,0.8757882177972478,-0.20301351226662126,-0.9390860468587594,0.21685366278882168,1.5888525929206967,-1.164858412222046,-0.8886506960699168,-0.3459054803145,-0.4996924711796346,0.43925948776958895,0.03420614989549208,-0.1617706334661532,0.44918091941477295,-0.7811097772771133,7.764960677838266e-4,-1.109538708589797,1.161167064766906,-0.055025077693762345,1.1428818449245022,0.3864882022956364,0.20646879386051767,0.020986654384753632,-1.4435259900162638,-0.6545899835711774,-0.03717942125487814,0.659020576274778,0.12099527375716773,0.15417838390468158
0,1,1.629355588708638,0.3386940613954968,-0.7605909503464523,0.21918051761916768,0.32030492351640516,0.47205966834798385,-0.748605506940331,0.621327733842043,0.4834460359206996,2.497186794078477,-0.8281098344911634,1.7611962341813807,0.06993839681542882,0.2549771962426946,-0.7089124951135528,-0.3293054319278354,-0.7240730157292549,-1.2697179966494263,0.9857843584841355,-0.3770067718668314,0.32181525156341495,-0.2294476161420125,-0.06204298819641047,0.26930439685258434,-0.395896765799444,-0.33834928062889646,0.6097027207854778,0.6621933499957419,0.608808404305316,-0.6816188957027411,0.2189522843183826,-0.13690404869858303,0.8593655834841148,-0.014971863186875461,0.9487479504949106,-0.06821838404104386,-0.915846302379864,0.7063266732288379,0.14972899701489373,0.6394104513327296,0.2673213869569074,-0.6474422583379179,0.7475222176542327,-0.09976497226153748,-1.5836823986474309,0.551384560284675,-0.8912321647801787,-0.41895138112409713,0.20199512784208368,0.1196933122089889,0.02546920211880578,0.5161548374484549,-1.1555919835582737,0.5560240773656999,-0.5427959105919363,-0.2361080844307204,0.5968278981841549,-0.09772415928850169,-0.2899953417444259,-0.5292737120419277
0,1,1.7162193301526218,1.249764275682641,-0.47357982232085194,-0.14247685733573803,-0.7144970749862651,-0.42368924129777163,0.6586144237213895,-0.4440322184814422,-1.0680588469580174,1.1765559945138009,-0.8809864251643204,0.6630400955909229,0.7589443263383678,-1.3186941697653443,0.4196199676760244,-0.14896714079814494,-0.9069970711568152,-0.588845757617922,0.4242011597983187,0.43956980743741597,0.3282011392434034,0.044856051371374675,0.3684092040813404,0.10709450055499145,-1.3264172995229477,1.1255390540148578,0.44153583171562744,0.2753606860831847,0.8967227680755359,0.3864624852570845,0.7275659436996342,-0.06209017624725375,0.3820931667305283,0.14436228135675994,0.5072730130753677,-0.7759975549407586,0.4942175096605971,-0.3340069423633896,-0.6950249867224945,-0.41237567170823003,-0.6097368285467382,0.5941652894803338,-0.22970393719308024,-0.23302794461104373,-0.0840743050064628,-0.7140035099898842,-1.4770493364269333,-0.1745138154750789,0.12459927735508666,-0.12713603545215604,0.8900750166614222,0.1855287620711831,0.6574910734664601,0.36714254576665734,-0.41137538333832024,-0.8867641164145103,-0.3213370518970402,0.32026251945347795,-0.22749632900228967,-0.029907493857736497
0,1,-0.3488521355389041,-0.8649842873031641,1.8352757601843082,-1.9191544080943301,0.3604536072677928,-0.4942084095491827,-0.018593498296553556,0.16482861650888328,-1.3887775298811225,0.23303233012655786,0.17209403978075255,0.12826035633224958,-1.237310397596272,0.9076569387468822,-0.029808813008161118,-1.0742471909167297,-0.688239439548735,-0.010017729301755473,0.2849065901170033,1.098471548896715,1.765415010822537,-0.3215718819459117,-0.06868218531800796,-0.1675506907958725,0.23863346895142382,-0.4673768067942671,1.040508640408265,-0.02021996191451755,0.38616437490885813,1.3232609527324979,0.6369507093894053,1.973544428478492,0.9818485319343901,1.0354787886599506,-0.2466402932864317,0.8260474726981839,0.5902273428209648,-1.3312041644418138,0.7656395438635508,-0.7461824479509525,0.757971939477688,-0.7247572400057973,-1.486009871211986,-0.38158567794606196,0.7754615932406149,-1.376996998557856,-0.17536967064951434,0.8951863212631241,-0.6205480312195423,-0.3482808350658038,0.25761309896739554,-0.7025821819683185,0.40568647580805256,0.0447795125144963,-0.500515832394909,-0.3331291304485883,0.36021724165996094,0.2784287937115853,-1.0730587435366195,-0.7724140225897046
1,1,-1.6836891584370102,2.2111442820273357,-0.49654947736513194,2.2640480805358196,-0.9161053019781621,-1.3351945757432517,-2.4078305564672506,-1.710538005666117,-1.91266452889173,-3.0082761738729737,-1.2489220789272182,-0.2207609036357983,1.4952740386622134,-1.1979044349464945,0.13284892642472548,0.6362814682528039,-0.22616307131081104,-0.4056687454760673,-0.26952042678576826,-1.9069494103872513,0.9537072820939293,-3.240014689839436,2.2034326048873547,2.5688825321025797,0.7070399744433216,-1.8172860506786717,-0.2206846922906793,-0.2839900048981585,-0.5487977745940994,-2.800559852373505,0.23036906989690156,0.47949677840443805,1.7181335174808166,3.294473584575004,-0.7248531069656338,3.2513318351754457,0.9625842937354797,-1.5091432932902902,-0.7888094263853919,1.6943133849836522,0.17705977493276073,-3.2508632946356717,-2.5539937595167803,3.988218239933674,1.2730320039361032,1.5694847507314127,0.5360415634238457,2.0473275159313653,1.1481008330059517,-0.9813760442254543,0.9983508197131215,0.5527907220666819,1.6894330052984576,-0.3310767019734641,0.48639316869652865,0.363644020377929,0.49199675187941533,1.0211771837369374,0.45633534774098067,-0.9250892328075438
0,1,-1.0103213504353346,0.2005204406576472,1.6848114023837462,-1.1291146121010105,-0.31298027788955035,-1.1197957890075345,-0.007114665240100574,0.8815071263629393,0.0870637370626757,-0.23445543380280212,0.06745750309801159,0.635992954872713,-0.07772808187282222,0.889044212165214,1.359180848982949,-0.8001748904660401,-0.07724804742936736,-0.22081481426511787,-0.4372894436471659,-0.202886276307531,0.7244134483629784,-0.332208318047478,-0.7585750866438423,-0.9705199972049671,0.2015656298902286,0.15224816946439523,0.55730031923568,0.565926138013852,-0.13709832849836548,0.338411378877568,1.419677050573316,-0.15092167880788274,0.2506898400398172,0.43890792627015107,1.0167976726757095,1.6032227172339535,0.5015183894265549,-0.07410110348111001,0.5979898802170966,0.8617507016416318,0.9675648879092517,0.9039060250952442,-0.778158828505629,1.52276918355732,-1.6204721000732143,0.6767883072102356,1.079911792986617,0.1670620439105988,0.7741502208505525,-0.872607103999826,-1.3877942675496817,-0.5284874163566128,0.2236332412135674,0.7488692466072443,-0.1790822880943234,0.7490127468853293,-0.24463850630667155,-1.2165841875520884,0.30676882921412846,0.5124303519991407
1,1,-0.3469064840209607,-0.10835227447918218,-0.03624524556206134,0.5699515709725387,0.08540516067994944,-0.44366515134230466,0.5544484643073502,-1.1828153691885568,-0.6575288152539608,-0.10217115616794459,0.6461811196161235,1.6517945170262112,-0.3144619290493682,-0.1205514545904262,0.7997156783131595,-0.6414969991879981,1.1707734266140504,3.7341701345547187,-0.08858308440984737,0.3522787224631817,0.31165950371820994,-0.6126268926240814,0.5135064069425122,-0.2962046659233234,0.5661761022101082,1.622070612993554,1.2430044623187286,-1.9854159162494968e-4,-0.42069065041491754,-1.1554289294099347,-0.0788920791751508,-0.16895337966637705,-1.6851671220435962,0.24445729684585332,-0.7228724261523908,0.4612548814004851,-0.7658906715323902,0.8427351697800595,-0.4637368685648173,1.7059857729407473,-0.07562303256962297,0.18638506683275455,1.6356196903393174,0.28317257082960995,-0.6813856705603812,-0.8399064827406112,-2.3297718399405913,0.180522870466437,-0.28976158232799176,-1.5450911371985707,-0.6079890363595827,0.1709262651827905,0.6423015914228074,-1.1900128752441168,1.093535166972097,0.1100001145816653,-1.2395523434422508,0.46783819284122913,-0.9975262588958148,-0.3448463732853144
0,1,0.3839035632909062,0.3926857471957453,-0.9079416750250721,0.9364618893184401,2.1167008019663376,0.11098768924882339,0.8462704170638335,0.9211164902299198,0.811793091020857,0.2239591193884887,-1.0014651919509698,1.103507796042386,0.30989967297699034,1.1680026274237671,0.14357049986696802,0.9191164617387475,0.7613795195297156,-1.0309120646822383,-0.08279499504361595,0.03962563733302593,0.7341479690664765,-1.053154046944962,-0.27925392746906014,-1.4082762761209815,-0.16725844990919564,1.0699045096336557,-0.721524241189839,-0.09442746653745046,1.547928614657647,0.19608028322514448,1.147587667025954,0.4204050660589117,0.05690976515325456,-0.44420813890897703,0.4164404719480508,-0.40041555616144575,1.2469643426984305,-0.41389946680644446,-1.2511794820078443,0.2477272938583811,0.9394376268215464,0.39516498163765423,-0.7807484042779091,0.738429054626066,-1.260542331805163,-0.16179819600226952,-0.06457165653998287,-0.026890274900777476,-0.11654859694275259,0.05396831740215791,-0.13895636077485946,-0.1707796246355126,0.5842323152443696,0.6320764096373549,-1.4788406990379512,0.8498813846909484,0.2541023824920425,0.08480195254018183,1.3910009384720774,0.03884820686681334
0,1,0.30209688460811046,0.30065542371460247,-1.01613258029654,0.9368993267410778,1.2255566775459117,-2.1911162962796227,0.5305348502729632,-0.7466268971951542,0.9763146854766642,1.3202547430963054,-0.43588467774994055,-1.5891993785231318,-0.5082165664176501,1.188758659364547,1.4135971618379306,-0.0572106609673577,-0.8304554174506183,-0.030738634309380987,-0.07158687881066812,0.38118873030681094,0.6242021458046113,0.07474564568688698,0.34589801930198566,0.8071370524787855,-1.1365502470378812,0.010910959885587846,0.9385897100733342,0.6084044631990235,-0.5331459440371142,0.8969907363432773,0.11043693864664206,-0.409213094179289,0.494420912672678,1.1107959412480348,-1.2388467862782242,-0.9483780925541114,0.20380998460341082,0.7965320106097404,0.20134657853710428,1.3424130891243802,-0.5211056589967379,0.5829645064602396,-0.12594162623447214,-0.2627773660460413,-0.0681942159470244,-0.29092549993054007,0.881723852971276,-0.19806899516767806,0.01603066984641602,-0.5680086316763235,0.3970274291169449,-0.6251101351626428,-0.5778481567602556,0.7073922461156917,0.07491542586631245,0.9568957011646748,-0.47846856421159306,0.25613971783384343,0.19757892496485982,0.035361584629341615
1,1,0.113984623699649,-1.1706232750214915,-0.32675435168656713,0.5328749774408442,0.635798518051511,-0.2000615942074216,-0.37606896478731006,-0.6139220770845845,-0.03659913112557435,0.21151652229372178,-0.9964075606176145,2.458441619219742,-0.4229597673067431,-1.5894943648288664,0.7125957190118757,-0.5586098821646142,-0.5872838894338716,1.7428102106771357,-0.24906288224654952,1.0486598611396905,0.5519459361328269,-0.7936302344798393,1.7299315220866887,-0.20129033843256267,0.4682675621294437,-1.4694904708163772,1.0789390742826412,0.7387559029719625,1.2742050914065215,-0.9045058161196614,0.27630991491677215,-2.0019658483815403,-1.3635710949631117,0.7572475136055506,-0.7787169993722075,-1.3157865070818981,0.7654189402496002,0.8466704104161485,-0.4349455677858906,-1.1987510363174314,0.3684859267360276,-0.8194061436765433,0.6390729334810601,-0.2403646532111504,-2.372280708123656,-0.09137614868588004,0.5122922799224837,1.535297719934223,0.5706506417686626,0.10805006361825986,-0.7750800122650109,-0.5708331926503323,0.09821767111570626,-0.6959346381029393,-0.14526715048366973,-0.09052326513096408,-0.2527536097120469,-0.4908171006529948,0.19540648607970004,-1.735616924520169
0,1,-0.45288887909250664,-0.06582241228014685,1.7092164776180592,-1.30745894091651,0.42848744020325313,0.055024751402906816,-0.5059401063602263,0.2368717355794419,-0.6312016931688758,0.14641759026851187,-0.1149610062636878,-0.23649491307234888,-0.7200876341989554,1.1697974978567207,-0.3741454765816749,-0.4407001320269582,0.38822201690411673,0.8167425158587457,0.07159763377863326,0.1391045123113216,0.4334292906334017,-0.3745097581198163,-0.6340198757523485,-0.6753368597408219,0.17860549903581374,-0.05569326324473447,-0.005515475957530266,-0.42625560566677284,-0.4917982033343981,0.17754177212397182,0.5898379278455369,0.6080782620429233,0.9258075526814348,-0.007341244987585143,0.266138959537775,0.45572679320096104,-0.8045823444866671,0.5007676342820545,-0.1870386859178964,-0.7028400658133463,-0.3415090951215804,0.259282712297068,0.07065013132829612,-0.2796531581617095,-0.1428356573360853,-0.11128372477884121,1.08277898254658,0.7993066300121028,0.23796610900533544,0.24282625520520398,0.6588224694749729,0.613713671531973,0.4243438664297438,-0.3517577625786458,-0.09298662853715324,0.11838736311262249,-0.681791170962176,-0.23788208402251595,-0.924050828950493,0.3523834438187954
1,1,-0.9917877801451793,0.2126022744332978,0.3165663168275124,1.7922235138007658,-1.5914041818266538,0.4575235432878885,1.5044371876034763,0.8651467127127455,-1.2689577339771558,1.9663337774120349,-0.014901911364410745,-0.17307059482776085,1.4115647900440387,0.08074769359306093,0.6789703460598755,0.5594090508696792,-1.219205999035926,-0.14088034426469884,1.3446372108004347,-2.0342285966038833,-0.8077539444999347,-0.7469736079401772,-1.0306811715958248,-0.11267781194946136,-0.6496500152333469,-0.3003516183265323,0.7116208780890796,-1.127839786686512,-0.5566133714864181,-0.6855243742058743,-1.0574780869469234,-0.6440137067618833,-1.145344069785855,-0.05068742302201571,0.8050739907695705,0.46802701101097627,0.5366265746980184,0.10828228884176012,2.18167901968629,-1.3645719325334804,1.6943510120137228,0.7331060184142629,0.8428470662544975,0.8626657024443717,1.2786118292008208,-0.7265290644620173,0.6831755448258567,-1.313855919100852,-3.2455622068412016,-0.6923417735697568,0.6174855026392237,0.04290615408113426,-0.43047062743096076,0.6499131126362249,-0.08481130552410157,0.123763860360925,-0.41218080966599563,1.8302694647990727,1.1026777587995087,-0.5514526266746103
0,1,-0.2521746343538874,0.8009838072116527,2.0835064035432427,-0.5402064486778213,0.6401997736814953,-0.5076527617287784,-0.24437636653763403,-0.5291848735345498,0.3646095538541576,0.08295258908984385,0.24079551486323153,-0.04156939620564177,0.28760031671481767,0.08635061716721967,-0.6291684288434594,0.6026755446502863,0.40572517005238645,0.42415653424945243,0.06207955230653886,-0.9998855029087801,-0.8479954341960351,0.028760577832976315,-0.13559016051774425,1.057227650853988,0.056824502846824505,0.8397052183630368,-1.080591648981932,-0.36879444135245304,1.1342536757568238,-0.9440442575257157,-1.396343031601911,-0.9698860590817826,-1.5527493679361217,0.11569667681218228,-0.1197754239426644,-2.0033378328413693,-0.11376986003828139,-0.7625963393369529,-0.8908894743137407,0.75239866483169,-0.4270531906901365,-0.6451845796208573,-0.3104329433053986,0.13746299887974017,0.37102274913720706,0.4690782733612384,-0.19058574184620272,-1.4799241220831472,-0.4184647192168734,0.788405308967366,0.23028019134605854,-0.053922951451191366,0.3438679546792625,-0.40741026883555487,0.4981425501124546,-0.1699716895552789,-0.5623340477525245,-0.23310598980585892,1.5690325417150823,-0.7308301114280541
1,1,0.39477459968206274,-0.6265230805124709,0.2890750462073356,0.9856654493416357,0.2263285195479935,-0.04132439097039772,0.06121010763893139,-2.1129542612586194,-0.3937475606019924,-0.3116103952284981,0.6489956480786051,0.11770752233140677,0.11482387941138512,0.11944170758726376,0.003672689497303155,-0.35226459627286433,0.06945270359729751,0.3954426474810818,0.22942962917964765,0.5816573664639809,-0.33087776470280433,-0.019882797446997093,0.47039322421718655,0.19420932242045294,1.4387327568394503,0.8289953558346406,0.6710680628702562,0.7309058249418796,0.5684688675592414,0.02292952137884076,0.026681347241572815,-0.2194240152829772,-1.04204171851678,-0.8787275986869442,0.8751079842704963,0.3313671168111736,0.8379535921126441,-0.1158832377792776,-0.012097517837113055,0.8010368453572533,0.9680634207379569,-0.17866870094895884,0.14231497564253162,-0.5005907698568653,0.5248409406045503,-0.11621795200975153,1.2803063418294827,-0.17261419150897755,-0.4538547094027442,-1.518761678407444,0.6535493417289819,0.09661951631609632,0.661167099319557,-0.2847470431726612,0.08288446928253716,-0.4834881819151122,0.16517957739531344,-0.7216432400972138,-0.9707707529630984,-0.19208949522817825
1,1,-0.4938299592686644,-1.2344765550237418,-0.06589950447608918,0.4425689902742118,-0.9859834506983516,0.7268741796443394,0.8181845246415476,-0.005299913260188738,-0.817413800832441,-0.5925503456612197,1.7004601674069169,0.6491633647185221,-0.7741967650043928,-0.3410416602832279,0.8854773189285402,1.4207040960538302,-0.4552183703373995,1.1983937832180305,1.1816016415601942,1.124096242339443,0.1382337159677893,-0.19615887192312256,-1.3186492344050837,0.9350569762158125,0.7635118319181339,-0.6942237105935501,0.04983918053280956,-1.0772284391713425,-1.6561926324783574,-1.475620877794297,3.0515914151136356,0.9789725249917612,0.6307657481555445,-0.28661284970532475,0.627467703441504,-0.7607124107172197,-1.8079665681818329,1.6729837175112463,0.5581285677321203,1.9592017596638216,-0.023914626090245004,0.20952438366944773,-1.4801684178995762,-0.5036656802458275,-0.1878382110800093,0.5369758695076886,-1.962574426802179,-2.915525260327864,0.8598172492410319,1.647616333876556,-2.312665103585792,0.7512960972570454,0.5600700859128251,-0.6459556893420341,-0.053492487732644076,3.329917496985579,0.3917494079869532,0.6697707761449825,-1.6385520050129712,0.26505079719907904
1,1,0.14656843675421474,-1.0070130097650236,-0.06169784067855702,0.4774159904964869,0.039340455044704424,0.330595156942859,0.030637274338369935,-1.4059442428327291,-0.8257514085940144,0.6921257023417315,1.3069733618178079,-0.11643806297929372,-0.8005083704969985,-0.6995587470071729,0.24986234921714137,1.1585505838955765,0.09749299737897704,1.295980464099853,-0.03574985687360253,1.1482102971578247,1.5244527454235057,-0.8505668411741499,-0.01719618141243837,-0.29035697525533166,1.5236046525934532,0.41741896571512965,-0.1722892395669365,1.1770240819887658,-0.3834421948127485,-1.0103690578200972,0.6918319997795964,0.48121235955717245,0.43374908714520577,-0.5977116995668704,-1.099417429617521,-0.1568526076085319,-1.9950352644277611,-0.13413460435808178,-0.1251677011987046,0.5323913451004859,-0.7449052047473254,0.9746943830792519,-0.9063197008805489,1.1056335035070544,1.9289935170727572,0.6003217896842301,0.1864143972571106,-1.2419899180826703,1.3145539692530401,-0.03354166457309352,0.3723523663511875,0.038024481048042964,-1.4020458736302455,-0.14179379042308238,0.22302801395531274,0.7689467915050017,-1.188025798734937,1.1995061928010995,-0.8663982826472595,-0.052255066619892904
0,1,0.3737901584928185,0.2739909097890029,-0.5219630332386042,0.8746677959465351,1.9651129121399866,0.46342714669302154,0.4766035315960604,0.589744914672699,0.48604930393733525,-0.6513158118055564,1.4312197409135163,0.6468862554202651,1.038078037210381,0.25426269291614434,0.6667350825858355,-1.0649331228234635,-0.3756686283750386,1.021849123467408,-1.5372094387592692,1.2673481668884439,-0.5280651138673711,-0.5366559598879771,1.7844973386642862,1.2058425495461804,0.09789726102871264,-1.7971973393111538,0.4402687340580901,-1.6790764294026683,-0.16260016511525327,-0.6577196165006648,0.7408369888717423,0.8866255378536898,-0.045581080437785006,0.0980350899177712,-0.017281060432789024,0.7070244553373302,0.8565274660748984,-0.08975952403650497,1.0598368572298789,-0.5582576311886158,-1.8182261603577434,-2.560855509111502,-0.5615338623637263,-1.009282083182061,-1.333525138925235,-1.412693461391048,-0.5015674797097066,-1.640024109814752,-0.37029907729173184,1.2822221567175909,0.38162035187404303,-0.46774712461014084,-0.2566211678454225,1.4531828617916802,1.2427646099456089,-0.7234391515855744,0.1108045714864334,-0.02082503277652153,0.7541957880619957,1.2249205632205948
1,1,-0.1978021710920129,-0.36713431845358757,0.2536067232137744,1.4190663414148634,-0.9053200244754881,-0.5720327194395669,1.0102911494296942,-0.3107309187007941,0.6393770343690295,-0.49682943584065004,-0.6865335295227992,0.20750834941049776,-0.020701191549445355,0.2894722826187408,-0.6781343709031421,-0.02543139099080944,-0.06607669963090171,1.1161728850455357,-0.7493654917409426,1.5030392160922905,-0.7820046468368285,-0.1412336769268173,0.6793800751685581,-0.6923105749953526,-2.596538117917607,-0.927792936407782,-0.9922961190269287,0.32035872560030143,-0.08290157256235135,0.493791289144713,-0.08215423309447671,-1.348289661034622,0.22036463583088908,0.29762351108334334,0.1411449083536238,0.5509037770129481,-0.24591592861887507,-0.036108158104270476,0.527098041030398,0.9660648792793451,0.9800737039710985,0.3888289203153221,-0.8673487775302444,1.2311489686519006,-1.3082264229294924,-0.05830547592224862,-0.19654429299041068,0.884827412649695,-0.7719855139163823,0.5226013605339533,-0.232769033418346,-0.785194984444433,-0.4159934108892704,0.25365257188867957,0.9288350105327469,1.3497539122199407,0.8626333229026892,0.14016291011178977,-1.069870975307521,0.9387111098094664
0,1,1.7259443485192083,0.5547204813900809,-0.365355193618837,-0.8568925005012885,-1.4418839651458295,-0.5730085230810877,-0.1408952762195875,-0.6142790607148386,-1.279979526781585,-1.3277574279187518,0.7933216945262747,-0.34804044144794427,-0.15662764853646993,1.0535048665195188,0.28580141033082246,-0.7886856712049589,-1.0360081403476171,-1.0107241361281367,-0.3962074958514543,1.0303653759532336,-1.5628944930642612,1.8626152649665708,-0.7979819663743588,0.14627324965851338,0.5693431648851369,-1.2955748136611631,-0.6933020004042316,0.9954785171353647,-1.1460051832385318,-1.2077021657370859,-0.44880580593008734,0.5274490447989519,-1.7745688314359673,0.2273129010627497,-0.6121884211496653,1.473599057252118,-0.9848448965981507,-0.5185557762463947,0.4816265901112772,-0.3387111635799145,1.3070064558028849,0.3282246670285405,-0.422117080973147,-0.7015780590301146,0.5811041807635335,1.83418011734,0.7660475361881043,1.2586351816040946,0.17612984649390676,0.37852899108147364,-0.22794988614651207,-0.16908259645840595,0.33674629754792496,-0.9775921766440925,0.44949060732460433,1.648369504398795,1.156136920122472,0.21843727772637508,0.8594292547925896,-0.43441778552983024
0,1,0.09636984989652154,-0.059152724742522055,-0.6793069141728196,0.4468219670168929,1.5574661137123393,0.3116628520602447,0.5787196387787614,0.937523999670259,0.0024702954439717946,-1.1595712565355298,1.2829381267595374,1.1742925020192811,0.9158872351821072,2.4903321683903714,-0.5959800180324084,0.5712284375843655,0.8320955153579598,-0.32646301815762535,-0.46061616749991097,0.6851712936033866,-1.149964357591434,-2.1706136656237174,0.08735091356359616,-2.2751214692419413,0.49078553204980224,-0.27311068683593487,-0.8619460471042666,-0.09911151241334377,0.6926507472388085,-0.7068215788115838,0.43406330617674604,1.3341302321431963,-0.6313014052959027,-1.2114795613746054,1.5234740190940765,0.47758892569874944,-0.06926924476843851,1.5931768740240273,-0.2944788491256687,-0.12390194731440136,0.4448409970029017,-0.2557305620312156,-1.2346837369212522,0.1493430985997458,-0.1296311749965537,0.19809194485198325,-0.16243617047111836,-1.644789417203382,0.14359421093309777,0.026482597924965358,-0.21992055085400222,0.2114781982315051,-0.11548291471592806,0.1621127257232145,-0.26768535506309565,-1.1076056917295867,-0.051520884024619074,0.0844269765063075,0.3660736270209876,-1.6542097765285124
0,1,2.3153183782453954,0.00715782791263157,-0.2120640109096356,-1.140040410652327,-0.7669805347290622,-0.099092958147270635,0.22863175108275893,-0.305058270539123,-0.8753949295585839,-0.39252358481908767,-0.23230916525518092,-1.1448112153710361,-0.7018906587083499,-0.336485652112607,1.2792522876026124,0.0732012902434512,0.8011172132362638,0.3946869079125479,0.1818259561212835,-0.17446996401758538,-0.17184019878115128,-0.11477456909847966,0.188856841445882,-0.4275429663168114,-0.4577244118788336,-0.08350413082280696,-0.4147413303331896,-0.6278832749079061,0.17832188260577858,0.239066593218323,0.05450432527909842,0.3730372473491492,-0.5974608302829606,0.25443634096383105,-0.3800549122952324,-0.15354678162702226,-0.37345649016716526,-0.3433348809402196,-0.6264695376453999,-0.483425359117628,-0.14015993009476393,0.18320138636857955,-0.6545644223324153,0.40996479798326596,0.30082057531777623,0.20545384659962543,-0.22201525795549373,0.44570443600104137,-0.7570721238082346,0.33213857679315184,0.6766809031736826,-0.13972057226247445,0.6966338194656001,0.5249124127242417,-0.05908017480060317,-0.4057036086892146,0.03247357133626893,-0.4032850403203698,0.26530104223497114,0.12447619551741208
0,1,1.9911852659738882,0.39277293947832614,-0.5661243694578169,-0.8201345113775453,-0.875720843430815,-0.4384163207764106,0.009161565961278591,0.5640471184978054,0.07291161236044602,1.8259344884156372,-1.5627316624907317,-1.099095857728165,-0.2384537545411542,0.32656451568899525,0.7081594291844474,-0.2906929786351132,0.37737312342164175,0.34638597142615973,-0.17583535009540685,-0.2049418644502124,-0.5586887650937499,0.23826517913784898,-0.004762961400641966,0.1813231582550334,0.2006166867313728,-0.43948783035729316,-0.20936927675971229,0.048526143393500906,0.7786276867851452,-0.16764847625914242,0.029837779764106332,-0.7734599153962044,-0.27187392396109505,-0.22942781093812784,-0.838824775081966,0.8094030876929796,-0.08547560280974087,0.498655991135141,0.1622957074831906,-0.4590219268374749,0.053924902177554884,0.8909690482330511,-0.4815295261946049,0.18442515285749106,0.11836435920400622,-0.27677190284766595,0.12518470574991966,-0.5167790603002943,-0.2949483767218412,-0.052536340314877264,0.06260172316229558,-0.5792175499606482,-0.6381938139860972,0.21741818117848472,0.7758199156853315,0.43649860090903186,-0.5371242646426203,0.18758027592168178,-0.6934900267655321,-0.994984592254599
0,1,0.5344665526682226,-0.2649294903992224,-1.0591292760109938,0.5396808273245399,2.1347101874036554,0.04587481914244776,0.5069448555164654,0.233375413218035,-0.523666574432521,1.1811051864304423,0.061375023577392815,1.3890224062075174,0.18290182219545378,2.0758729346460205,0.6184902561570593,0.10726101508799195,-0.04292398109723362,-1.0408472574909273,-0.25056686309797715,-0.8252986020593467,-0.6300022533321201,0.6253836402880925,-1.726930870680408,-0.33300237265187865,0.2705852018883514,-0.12189609010062173,0.11723491418649873,0.5251825572307999,0.8737508010460233,0.4635469989178718,0.7800566734011689,-0.6457576162711862,0.3162490806507248,-0.6005780750152965,-0.49799817328919793,0.5818278565168897,0.9084316107217585,0.17788232916194252,-1.147459373665506,-0.3455748978837296,0.6522975760954355,-0.19022870913394455,-0.818002317414153,0.1334627985719005,0.1419456978426971,-0.35765797894174695,-0.27034389304593986,-0.2062936388298516,0.9245794774332952,0.4059671513787534,-0.07719999514622082,0.5763476081555705,0.2666501660653213,0.927620847743495,-1.618200067959935,-0.14753790298016795,-0.20133660340856563,0.02599202741723414,-0.1359691398899152,-1.244855734893082
1,1,1.2378004091696422,-2.065032104459738,0.32002450194778836,0.3080714712962943,0.4359560255595306,0.5722623641655726,-0.04550574331195788,-0.31398286316711477,2.5589118251548753,0.7698445467723016,-0.8950713469799765,-0.09988301035069233,0.6693196969531732,-0.48660322810588735,-1.2299939745331487,0.21632370024846959,-0.28201855738588266,-0.06944927900607814,-0.6524232720877008,-0.8382319505473433,0.336075029101084,1.1854568004195436,-0.30776578713477776,-0.4401308586582212,0.9045954995086108,-0.10139870136805718,-0.2548975267468523,-0.39831899040232305,0.48650679995700924,0.06442290020408624,0.6918594282596459,0.9458055973902108,-0.25698648328787793,0.1625243568432366,-1.5386014320727173,1.340428829397958,-0.35698169088582743,-0.7509056625925026,0.17046271430315885,0.2903922053841476,0.07587291430149298,-0.6520654560741642,-0.40815251513127376,0.1532618056740283,1.103125492141306,0.5237499289982271,-1.083400844803798,-0.6596612698235764,0.215045099904691,0.007809216642934301,-0.7064537158381338,-0.14712099556009772,0.05888535121413568,0.6157836749642343,0.39810459914597546,-1.0342501993717264,-0.12969497322829399,0.1089578492161847,0.12275067214012897,-0.046534542446256016
0,1,2.118649794080531,0.3686352541256105,-0.3149216384788848,-0.924340157395825,-0.621872771648747,0.43149981546805904,0.06193441523774926,0.8082322519953553,-0.1656780448053591,0.28675884130827706,-0.9023786593611846,0.010698002019237506,-0.6534309223422072,-0.7207587576969761,0.21976573353443324,0.2725738761759258,0.8798401664530091,-0.016966291674925416,-0.3879797535614497,-0.5173194482276603,0.34699570452223955,-0.7198207250599419,0.013703099363736407,-0.899696514566843,0.12255017211148073,0.7409262844040838,-0.8845276885992603,-0.8866378418862534,-0.9197153099290749,-0.2499304713711826,0.5635512604738111,-0.02887533583053778,0.4676317406791336,-0.3338456942320011,-0.2790975845827584,-0.1258197820370925,-0.623058201147118,0.09816343742494714,-0.8589863338090896,-0.5432763947743566,0.25922120809909754,-0.6854405029800952,-0.676299793954302,-0.38025421834930845,-0.47642530727278887,-0.9018096892512804,0.2663145839612258,-0.094618128656386,0.4165871885343104,0.37082404771243693,0.09321220345104006,-0.07874220699030039,0.11204224703759666,-0.023621948481295528,0.16564922421475245,-0.5182751637921135,-0.19476798701619347,-0.22192174934542783,0.6392817851715348,-0.6954375972165278
0,1,-0.7107358976974587,0.6534150146623844,2.1407316564925765,-0.9527358293789066,0.7936262954006463,0.5208690684262628,-0.19284996865159093,0.4136829883779104,-0.4205485366592983,0.5903220266465874,-1.1309482272319504,0.6852956050573232,-0.2521272051224989,0.5345961965121947,0.17463932445725067,-0.7363309999690075,0.16883970107772522,0.2963256817218704,0.534792684601463,-0.16002347544970902,-0.4827570614059611,-0.643050457553701,0.2906683482594784,0.6471903621570964,0.8395976636787007,0.09232180340236935,0.15365339691439905,-0.07662416115231763,-1.0433016137783684,0.20243285666175695,0.29916810768292945,0.22867137147367872,0.36486132413922473,-0.765617700850394,-0.5580707992957574,0.47534527333507975,-0.18980042466725805,0.25267490155277533,0.40642924139669695,-0.0023446066649215583,0.3472804532086893,-0.3565979835149539,0.02987987714891801,-0.4332527458105553,0.9523498086248793,0.06212145005691003,0.2049910081957592,-0.1812907590438706,-0.3322193027994364,0.6644928164066916,0.5626713454093301,0.25031265956904863,-0.2619635444817404,-0.7699849691368323,0.056637644734339805,0.020360507930811917,-0.07249016712209708,0.48787739637194616,0.5050004815140049,0.1230443585963549
1,1,0.4398329583078624,-0.9109367327361637,0.26352953577148613,0.9795848155215053,0.35948015983576737,1.059358434219741,0.09964208007539119,-0.47142312810509884,1.2784803748612072,1.2281310990559828,-0.8947647458592461,-0.741275606096835,0.9650647484123759,0.04163717387632698,-0.771321417264686,0.04206516532414939,-0.10496185832089379,0.43588678611041454,-0.5773158248684594,1.5868089339996632,-1.0418051192823343,-0.08092016479570399,-0.24453720201461848,0.11339074631335604,-0.4602014163850608,0.575670417053231,0.07651707809684229,0.3529208730960645,-0.6116068896493828,0.2342994496163444,1.8539608859148722,0.03413062823792611,0.21368826044346068,-0.7015679370124639,-0.7876007414802716,-0.11714502373173896,0.5023923206295091,0.055434282872716074,0.9705339878712811,-0.2712992733574047,-0.2754200094397906,-0.32869767172475856,-0.34066611022021454,1.31455884338802,0.08414464086790195,0.10109277296819438,-0.23314576216289537,-1.0182034581744446,0.009719257119673275,-0.009768469630625097,-0.3222548561077825,-0.32982335714236505,1.176040900138065,0.7359944320122763,-0.05577742905654194,0.9133662612071471,0.6308183478657502,0.7454471053596423,-0.18386040269907766,-0.5568316378450718
0,1,0.10512944362954128,-0.042326732139116516,-1.1174138911866913,0.5140772730303164,1.6616586213446785,-1.1456599353481214,1.278073368334392,-0.04412788575481526,-0.9364176332087872,0.7496918778051032,-1.1254544804527007,-0.36100700697472726,-0.42074632838494297,0.042307642892486286,1.599662172909859,0.7857315244010841,-0.7946840216520027,-0.5325616649663717,-0.20030419710726402,0.8890573571384773,-0.42054053676994746,0.09108741063046552,-1.5404330356175622,0.7376093583264105,0.3093622251097029,-0.32696845682458453,0.5886576466600003,0.34539865608330794,0.6101099964955513,0.3128070616726782,0.07785654945848314,0.44843798672757085,0.03711085102898146,0.12500330372608184,0.5943367905358335,-0.3797128664390926,-0.3573139842797999,1.359915642688984,-0.36171540816062475,-0.2727892783619787,0.948377492878974,-0.3462711198158998,-0.6337797219290505,0.41981385958978684,-0.3268173403456783,-0.28409043212580165,-0.4093332813177269,0.0691982688786613,-0.2335089797138056,-0.6680153608534428,0.8523639697736465,-0.03325541584562224,0.7825343264417566,-0.47415408067809606,0.08368509334793062,0.22277220393846653,0.07055884219261269,0.05630873713374537,0.20175959965341358,0.0030125341994109846
0,1,-1.0916070108816216,2.204887913033838,-0.6233140922170891,1.4860121478540465,1.0108876280238606,1.227276813784347,-0.21674434828587807,2.8286888234591525,0.06023026992021006,0.3175874936013698,1.2703650807550038,-0.15975432092004668,-1.242533582391066,-4.540590705347554,-1.4383151790884767,-0.8417292911453729,-0.254685280029025,0.930768765950315,-0.40044144189690367,0.3733897842328223,-2.0585453251249706,1.4842935997824753,-1.3065419423672862,4.716363519655485,-1.7541073389144077,0.6026834546162951,0.004573712176616674,0.9305006452536401,0.49497525918773505,-0.9352954559043846,2.882667994656577,1.8923905105743277,0.021568716368278514,-3.025132642988133,-0.45638259140219273,0.686773063639409,-1.6681474556821394,-1.8987035100323766,1.7386741993213781,1.7480595623359994,0.7831577523286536,5.2584149045930735,-2.0561511721636974,-0.053369811914069525,-0.3000518550499522,0.05746544899459886,-1.1371128329128786,-1.2194222158616006,-0.995195793752759,1.416164247337937,4.942251787073183,1.6723071969721568,-1.5482959804967156,-0.818462611285499,1.2221778767810594,-2.097719092247198,-0.5713216484989491,2.9860892799310252,1.2824182806896365,0.6543049565753538
0,1,-0.27269794888949067,-0.8149001706077953,1.479605999879104,-1.7768982505210946,0.1259671548098223,-0.21526503598722893,-0.8949228217573182,0.652163414569428,-0.6508857102623957,0.19080966170491578,0.7238612115955176,-1.0003655782367242,-1.186020775804266,1.5312525345695163,-1.311016319067725,-0.974724716514332,-0.11539008073306008,0.10751407717997892,-0.773282205049297,0.7830132986928616,1.7637710391225485,-0.6542682855749961,0.2997381353784018,-0.42318907769624303,-0.18643631713594608,-0.17587448675997389,1.3300720397242098,0.20574329550809226,1.584433780492049,1.0436508930221997,0.5034517543968431,2.2614692799074967,0.32270098578526435,0.16098826867437466,-0.5091465954044496,0.5551937625323666,-0.7952945764324615,-1.3257847127343725,0.6407935807173565,-1.461940337934834,0.0562153384119143,-0.4171387064060514,-1.7387954321659584,0.18108174717832587,0.6758325980716918,-1.401105103707575,0.7026024239648357,0.3325438395934743,-0.007742628330570045,0.33004411406406897,0.19860483325647244,0.29072726420940725,0.2575713379752595,-0.4745030371958287,-1.207059007414772,0.048222906587919855,-0.9339608482158598,0.21280973392305258,-0.24259666622136325,-0.4822375404665165
0,1,-1.7016136501915005,0.6142360557822288,-1.6786071946140835,-1.8674763089813395,-0.8869889842033033,-0.02409848398414253,0.9482357718226376,-0.6161179229095765,0.21405464958584608,-0.6793930105671847,-0.9405770976856929,1.2404434496517303,-1.4588189573802777,-0.5288550810702489,-1.274800052979123,-0.964663518423487,3.8952525072246282,-1.4337759760117441,-0.9795279465882826,0.5701928717931782,0.49424970990436956,-0.674338889998756,-0.19613699067679533,-0.006158700740336112,-0.44327468058638614,-0.5965812260054445,-0.5537028453468126,0.32574049047936954,-0.9045653673774693,-0.29407648692079036,-0.9072586774583192,0.8535910454954115,-0.8920871024802306,-0.90161273878375,0.9830240487406037,-0.16965364573714237,-0.8252498362659327,-2.0973006397316536,1.220344969374146,0.6374475968190283,1.1360048959561933,-2.0502251825324422,1.9569916978070743,0.025723418214026215,-0.30467713159752724,1.4079293524211238,0.0507947417544393,-0.6488859560887109,1.364114929495444,-0.8621561100930252,0.21442477437023522,-0.0990954056429308,0.933641705314582,1.1500040483213176,-0.8876912109913673,0.747427207112173,-1.15718673730359,1.728160820256352,-0.40339105983207874,-0.44651047467737187
1,1,-1.6760993743254244,1.7847829617046427,0.34429669183435563,2.3006197420594625,-2.2939625270884703,-0.19557150208047822,1.4540208189291648,-0.5637800157907348,-0.7854468709421354,0.27087507925743415,-0.5620372605404217,-0.8865982635547612,-0.2720281741919177,-0.11495646979023175,-0.32494319586652004,-1.1636147170284532,0.1653756419043489,-1.1265012969107762,-1.1208589849912576,-1.10456006842825,0.49320397449771264,-1.3333854763938053,0.024665263319758244,0.427766745437213,1.7870177863009173,1.332218841610477,0.9207463456402648,-1.0058407832296619,-0.2981509009920983,-2.4643986606909145,0.35982382284639325,0.938149034974067,-0.9819471656617788,-0.7561998069463602,-0.5688984523720707,1.3015794828376912,-0.7843167524556665,0.6660113667710568,-0.3191891227151211,0.7731587344740763,0.45641637335803864,0.01579134228914298,-2.886323723130747,1.5372311142056971,-0.6508412695965858,-0.6311982924375663,0.5659779019495775,-0.611092131149799,0.6898463205494814,0.5522439594570391,-1.1019108369787904,-1.218771921521843,1.4388472121192752,-1.6034261450474827,1.9114350730475507,-0.24871477208025786,-1.0774702570469668,0.062477352099482325,0.7981972614532991,1.8995542168296908
0,1,1.9180501261592748,0.8315797853981753,-0.23338193666245627,-0.7140346154774494,-1.095683292770943,0.042465059762991135,-0.09177635586946689,0.2493702190025304,-0.5138913215370817,-0.3443167198393976,-0.3638476255285991,-0.8485432728734176,-0.654042782069434,-0.2873890364502749,1.0612042788884906,-0.3143971033054126,1.5733853427625315,1.0427818590592823,0.4695145120783025,0.016213798909413702,-0.21951851068301584,-0.4313797060198654,-0.12172462140264807,-0.7331775114940571,-0.3590571267717945,-0.0022928673073344496,-0.13893149889193537,-1.5460546884553295,-0.351231580498822,-0.3462736803364609,-0.4623513695896395,-0.12693129038031112,0.5203933013357284,-0.9624836285455961,0.13551855085091416,-0.011068986050373797,-0.7365693452888771,0.20179988072629992,-1.3328549496678337,0.26604853782160603,-0.011933406919048555,-0.7064306340793903,-0.35956038408328794,-0.32962847422021435,0.7316971100391447,-0.46868631818395867,0.8218442752045853,-0.27349536194365875,0.1177471945292995,1.1026321133570502,0.2899816153081284,-0.1879448105580423,-0.7786862826716052,0.09089224844675702,-0.1689775736641094,-0.3201225636460549,0.3752152479656548,7.280314746791248e-4,-0.6721496557007927,-0.13118036463540594
0,1,0.3692655626782689,-0.06815775758709121,1.6842020180121282,-0.7987111410923426,1.266461528909097,-0.5649403417469833,-0.023068929319749347,-1.4164246365034106,0.22348542566849397,0.18514309781571578,0.3813064738138264,-0.16209012025374397,0.031795446636034785,-0.6327835798326571,-0.7272667554771882,1.0462214035892683,-0.5366121357050401,-0.2665546093324803,-0.1039534747095073,-1.035904284743077,-0.7138972974808387,0.4881271372794174,-0.3510929505180772,1.4040244201534018,-0.5770796386277829,0.7277136195114429,-1.5113870987309377,-0.24729806546643468,1.8413366883420184,-0.4850813918883205,-1.4057184300585899,-0.8404161053828139,-0.9711398632057355,0.5829303533406911,0.4207675131110867,-3.1289149661970956,-0.6368612548597489,-1.2219001035428283,0.5977483963839034,-0.10324191310484541,-0.16772660706081075,-0.9502839815694663,-1.0149300925699067,-0.6135005383905532,-0.2567573921226814,-0.19698614225215597,-0.2747176332527828,-2.463690431400062,-0.11297441140682271,0.1516307734029343,-0.3281122568798719,-0.6445388303331553,-0.8222268302451399,-0.48360233321900337,0.7598198925239832,0.23180893309345932,0.05431147023614156,-0.8394409653460634,0.5251840453255809,-1.8318305036717142
0,1,1.7321996225199439,0.6136017071708811,-0.4235137236130604,0.005855493687846379,-0.230091799705582,-0.3444824332675041,-0.2256201683841328,-0.3862813635883654,-0.03662748600339498,0.45666965106309193,1.3728783193255916,1.5818818486501778,0.12190254710459096,1.0230039850414911,-1.489119261623016,-0.29163819336610486,-0.37798429960591406,-1.1321349208719804,-0.022825205814814547,0.9920388350285638,0.791275811167466,2.091649275477434,1.2693199136834281,0.7194485926092654,0.9278939507242723,-0.9210204260199735,-0.6040058638201482,-0.5883388654578974,-0.5037778563374161,0.8176315799605284,-0.15335181947380602,0.3953696529051518,-0.5566622975119098,1.2595037748588462,0.05970001032329471,-0.49986962460434886,0.4759124258514374,1.0649698988233598,1.91893591665193,0.13549153942639763,-0.24190592431285585,0.3996095385572034,1.4018091732371363,1.4664793316237983,-0.1803813132810746,-0.09933954033809955,0.2103692288214174,-0.6359263159759502,-0.4139465465311213,0.10392092357513313,-0.607074527461342,-0.13942485131666738,-1.7472171209473233,1.4088390078296629,0.6266551799017741,1.4185308253331301,1.1391300146405676,1.8396454320956968,1.444597950164178,-0.4674515185478653
0,1,-0.9949701762172795,0.4342346488739456,-1.3298627809625212,-1.684524560276009,-0.005951484469466533,1.3072095994917825,0.7193625504836324,-1.5259046077285139,0.5897613478686279,-0.0880966362112719,0.4741341001327869,0.6336318124973659,0.8911581256379606,0.21969568015392615,0.3151641665583317,0.3053761217262926,-1.3819540754189372,0.35381352600492155,0.5918574606338161,-0.04357681315277861,1.1665319930711329,0.14879730055071527,-0.0769153976930241,0.48680673502740274,-1.1037634543703536,0.026876352471346083,-0.015685377527138486,-0.9904266457292447,-0.13846831999662826,-1.5103337253602163,0.6080656989762522,-0.1751221055942974,-0.9905409032144944,0.18292383066855028,-0.03700271873554751,-0.17105573179000497,0.7118723983089452,1.1021501368953504,0.10947504844622881,-0.41590117032655305,0.15711710039219284,0.03576291813537595,0.009943796627325146,-0.8698601548834503,1.2673446907038306,0.4919187768392171,2.097762167528473,0.37408980358574234,0.09450792094606167,0.3809594751804036,0.6296709222236481,-1.0643144119937902,0.4036155549541939,-1.0803200747260573,0.09166967269496216,0.6264895268051973,0.391472411231753,-0.6263942057463274,-0.920068155795517,-0.6462923444811832
1,1,-0.2654029077494723,-0.2238632017375199,-0.26188780452404875,1.298105528275254,0.3870426041216652,-0.5196015334257233,-2.239823806617858,-0.999189727868959,0.4094836758776795,-1.6315687328807402,-0.6836935665011283,0.14848628325704605,1.370960729188869,-0.09378190235493049,-0.44754905070457307,0.31671074267927113,-2.0401404787004576,0.5124266372877948,1.886125898549746,-0.3008346360643569,-0.8306937996019472,-0.14449167049191966,1.2803155666226886,-0.29636301033146867,-1.816655818121277,-1.1873071691597783,0.09093316947888117,1.1306785468299714,0.1979321900500671,0.45167906364908156,-0.17370645417346295,0.38090861639295714,-0.6432144860627412,-1.2923691393718362,0.47120865976817383,-0.013949081186456203,0.3377650734353045,-0.3551462716015953,0.9127713311383625,0.10802550777977173,1.3351188850201001,-1.291274774853066,-0.30205055359891625,-1.2136945511998811,-0.09106670556967529,1.4861524455497688,0.7030246156669895,0.9750651527605486,0.15657428065386594,-0.6706953765377864,0.1040296166925698,-0.541228864195603,1.2135976058756213,1.4434586434207763,-0.30412575754886406,-0.38760781164788016,-0.4323971487610191,1.7009819998809343,1.5865615062031375,0.8812654056956
0,1,1.846006537296483,0.8878970236919547,-0.09521113253952261,-0.3446005134335548,-0.6456758255481673,0.82354340956774,-0.5775192545059171,0.6625418458839848,0.4563071743387169,0.13438962736640908,0.45780273873780303,-0.7526135498340538,-0.006152617202869551,0.4447848364074278,0.3152846179350873,-0.06689566523068291,0.6148746911320078,0.8709581404109812,0.24756911374764112,0.34291914335278784,-0.969018507427653,-0.5078696109863523,0.5828396386731532,0.19342583735540222,0.532237309271077,-0.22390629822500493,0.23712845688008063,-0.12140674506954686,-1.3773222071904563,-0.40763565514193806,-0.8861168229116597,0.056948892105139544,-0.48199010571301276,-0.06838005387426899,0.785370703514961,1.0032371066440973,-1.7701219259579861,0.10036413265839422,0.04281972800543903,0.7121223704380527,-0.5413843572210183,-0.9534707520564705,-0.14635912599865625,-0.29020904146577625,0.4071158643044702,-0.3183647568829605,0.9528670320360342,0.4377464394766987,0.11389437329237195,1.7715230085302573,-0.48673359605895905,-1.284693219437164,0.14407397915043438,-0.8171486871255583,0.5369431786649811,0.00799556856055533,0.9039013243665788,0.05892687467161855,-0.2007778491165565,0.7043148303415733
0,1,1.486096748449917,1.437668429293458,-0.2935840349511623,-0.28261238254916066,-1.0584179634478754,-0.12404089448004567,-0.0848168728955156,-0.02015363268687401,-0.8703928024578992,-0.1358903388371865,0.04171815883472287,-0.9632745157021956,0.15155687801630638,0.3061032132637242,0.02031218041831328,-1.2918975732192863,0.37862717890654957,-0.5863795426711843,0.3205935384430685,0.8233872197040046,-0.9623965278828456,0.23636453783281744,0.7813788370896855,-0.15968695596838492,0.11361583160207674,0.5667064343227779,-0.8189597988678214,0.48148691643655567,0.3829551048194836,1.1190744789307188,-0.17342020186348775,0.12547381790565443,-0.8003407451616307,-0.018157997590153265,0.2415804934584295,0.08842476540465276,0.28293896628622006,-0.6504867537028657,0.26576635820920436,-1.0611620457548039,-0.4440904027140369,1.3990522269278542,0.29251254016255596,0.8427006495680662,-0.4525669017332852,0.9655086881956503,-1.9187475970944947,-0.3194645985236368,-0.7861538205791686,0.7207944878827267,0.5401572945219407,0.6891829521359052,-0.2011375666119056,-1.0913290845412538,1.4163983933678919,1.1212799180881032,-0.06817147239236028,0.49965791477429056,2.217824190356599,0.6102673199204732
0,1,0.026931322861133925,-0.7503255488385656,-1.0905246640930553,0.21729901272841853,1.7314922551720655,-0.9952359697168949,0.41715411764078425,0.5363111931728516,-1.3666126973840962,-0.21097729056986056,1.9533199700576016,1.073120855132104,-0.0910140421745509,-1.1127090242115862,0.8861361077826753,-1.8268452474955126,1.7774274809784103,-0.49374168843294913,0.4810815698523934,-0.9556659255350559,-0.676157734199556,1.8700370296338429,-1.2399291200403109,2.5939681019682945,-0.3641029549810793,-0.4403488345304186,-0.6665250496021845,-0.7847442812314354,1.4210180205534253,-0.6866063903527354,0.43992164401000494,1.5172156959649452,0.9663768819969167,1.9678903379737325,-1.5875841143368739,0.9490938614237597,0.18145502468321797,-1.7536805147258197,-0.04501370259456276,-0.6884053804615344,-4.165933440806621,-1.1089322372007917,0.5471257698288404,-0.14186504550713858,0.47504524340622323,-0.651619871777593,2.1627257166939295,2.620801367810708,0.833388044840339,0.4634395838487813,1.2709591429386353,-0.12794244710254465,-0.43261040113746824,0.5347337580714321,0.7586124660312347,2.2299810293555002,0.19928003995967314,-0.9715672160034964,-0.1925223664847113,0.530820758091347
0,1,-0.8005084524822923,0.782370436248151,1.8896083159794828,-0.7912642080278497,0.15017475596429733,-1.507542747536271,0.42153258889474643,-0.6972555785743172,-0.3802097760454799,-0.6725473268155607,-0.2003629926627247,0.582204014096129,0.3973433728558244,-1.1906810741885496,0.37521486222275746,0.022254516467496824,0.15911358283565166,-1.37695473104444,0.7493438667798301,0.09335010168707356,-0.37482250944507317,-0.2586524690058837,-0.44988058495797467,0.3496662022108779,0.8518652250650527,-0.06580904340224233,0.16234290657951944,-0.5790593480774724,-1.1053794755332094,0.7664750077914602,0.40589408597096305,-0.6322250451463536,-0.21971902001135077,-1.0788840681254723,0.7408126019395509,0.04554095515732464,-0.15896253412371203,1.0772062011923709,-0.2962358933249364,-0.5881056655286835,-0.4345158287506339,0.23837930687503067,1.0069754405178866,-0.5529264562156914,0.13022486739458203,-0.2196636122494268,-0.4003018057009465,1.2404712003267102,-0.06491430032385567,-0.0104903523617379,-0.13829447047735202,0.20073824004822943,-0.9571336951811611,0.5331251631491445,-0.38060092297459347,0.3753938167835323,0.408857620146787,0.7290942439828869,-0.1553475590184164,0.5474970962368444
0,1,0.454331151974027,0.10269290615397059,0.6167365307127021,0.3439028128081295,1.299909814643149,-0.4134072002717481,-0.5506623260092717,-1.6209282397755205,0.6295423471777789,0.48012220931765864,1.143009482466877,0.9982409237696585,-1.1045224318344329,0.5370430248349478,0.39421581099991115,-0.24698828717252552,-0.38506311795275355,1.1944809100083007,0.31477127540060423,-0.40825225626866124,0.5820041248007295,-1.2014409871009617,0.4081472454467527,0.43452920402946105,-0.7263366773357256,-0.040959207277877996,0.6000499613775686,-0.224378580068548,0.14792569487963722,0.08653517915321636,-0.06620212960966335,0.9465952813326431,0.12469142393912976,0.8710058458808183,0.5743027001496366,0.2402078456802309,1.199206190854611,-1.3695643784344538,0.48696911764877143,0.5230095314253751,0.383781272645811,0.8409899736999988,-0.366676762740366,-0.39677568991106155,-0.908430659509438,-0.3459593722257733,0.3235852668803372,0.3712323142687453,1.136191297889318,-1.2451728629033465,0.18201023651899695,-1.4341883022791437,0.04225416025311237,-0.9849136022446544,0.3401190275993171,-1.2586420960287272,0.37071833582788993,-0.7013067674384147,1.0018501368066859,0.5908191280320907
0,1,0.7046041861710821,0.012964861675216608,-0.15660872707904197,0.2854252432840312,2.192425601461889,0.8729796204233023,1.1358969279773115,0.9633527573801951,0.5365163999940529,-0.3938735815747888,-1.26666162513275,-1.4222609070335106,0.6009545274132528,-0.07845408002789674,-0.08264902599172798,0.9968996817394824,-1.4986396668328221,0.5360571895130064,-0.8993734778745078,0.9227649900140957,1.3671753895046,-1.4806089990789872,-0.6372693115050357,0.6151727801755178,2.1464759843090464,-0.5455788891383183,-0.07609084377094912,-0.33288715466905955,0.21609440429585045,-0.9998729975930951,-0.1685922131900494,0.5714686946642163,-0.8587216770594462,0.5521930294735203,0.6301272377442942,-0.5992565127866821,-1.0624343742068991,0.3992442515903083,0.9947680275407332,1.928434721221452,-0.8787654386241773,-0.5029420220907158,0.38879628161118507,-0.21595309306976926,0.7663468369382511,-0.8794293236568136,0.17719142781168712,-1.1018627573811788,-2.4450287876222796,-0.3679101399061066,-0.10518764939609206,-1.3973993482999327,0.8298091100754307,-0.08457485748612192,0.6095901248519594,-0.9330058879812455,-1.8135823731171385,2.438340539872195,0.6282608544627142,1.0755255032751985
0,1,-0.4339163367409895,0.4751756441945245,-0.6850595023794017,0.4884028190706502,1.9510646693667448,0.5679970701608962,0.2845057484603801,1.410938993079927,-1.2486241885872962,-1.1063806866648975,1.0001115424175104,-1.8492502307070044,-0.9627987827754881,-1.0449389196001193,0.30023555650297645,-0.6617070999766383,-1.297965081885263,0.39563198068004773,-0.020013819352954158,-0.5882293238883765,-0.9445225740523651,0.1148202149968083,0.5788472236351231,1.0049097920103378,-0.44277355293083215,0.44032294581496023,-1.1966213558643148,-0.9622744463552297,-1.987218526828097,0.7126616638458844,0.4960404205539127,0.9869370927244632,0.34048208904092514,-0.5884833200401173,-0.19234347590891346,-0.18010104114184913,-1.367281857282758,0.05862727983575671,-1.7298353235547128,0.6242284706607422,0.4867674332566536,0.22644789959181,0.8155683809665729,-0.36126826788238514,1.258605146971456,1.3301816168937384,-0.8542306058982733,0.3011968461466757,0.864575217037242,0.6134158057796878,-0.49283296305934826,-0.05288729907552839,-1.437288909080827,0.57470190242835,-0.2227377962126491,-0.8145627779646486,-0.5593219993794766,0.6197344084630856,-0.3895127729251871,-1.5326682795231952
0,1,1.9540113390963174,0.9619875346132507,-0.22626642117204937,-0.5929865047513927,-1.2586664914370467,-0.47397419071171826,0.2787990964433058,-0.3508420333927393,-0.736122413095305,-0.16910312391350982,-0.2358919860809703,-1.0229260741149497,-0.4714521060413204,-0.864427985738483,1.0148579551847596,-0.22992241622816792,0.0704589956450222,-0.3370783181457839,0.12622662218393377,0.8587800046747708,-0.3850426359591645,0.6946225557261316,-0.19087405160925222,-0.6805161720350871,-0.4562052553480644,-0.9145609571494213,0.06811785403796991,0.027382094158906224,0.09526676497695905,-0.10118166850640133,-0.16861696178430843,-0.43215063137833953,-0.11906922429045357,-0.2020778711749022,0.6252778414234021,0.8370645959334785,0.027109308986364523,0.0056693473856511386,-0.29440729408079996,-0.7798680914616066,-0.25999339019740203,0.42698421674106335,-0.3977670825690744,-0.44354313322006683,-0.4143960498141705,0.34725580531653666,-0.48567335499743336,0.14403560381596403,0.3468038869773213,0.416514417357047,0.4567559703706216,0.08026895059077487,0.0566622905948156,0.3149101112776261,0.546611087668355,-0.0794779339428717,-0.11638784173842182,0.00733778587080896,-0.5427775984950225,-0.5682513531279182
1,1,0.17716077350596648,-0.5676498426789737,0.14809192343683172,1.2452771640450024,0.055959990317189456,0.0447395884586756,0.1865250917117633,-1.2626420683899453,0.14804662310332645,0.8812692416621803,-0.7586072321963735,-0.4848242900061246,0.12997282191320697,-0.1822369549175655,-0.6099613464090353,-0.14060475695359304,-1.0844009190971506,0.9173677667963516,0.22218658166102578,1.0318298510177424,-1.68398715556014,-0.1695346569905635,0.4308759130931608,-0.8919175121797075,-0.6136801605659801,-1.1501390925071053,-0.4576600419141104,0.7952618801654344,-0.28256950034835465,1.2589757640076775,-0.4389302382381119,-0.02788732476396118,0.7797418413590942,-0.15393866326365893,-0.5613208779282556,0.6404151906077038,0.4281846622191731,0.8566927660578614,-0.27142200608210193,-0.7189888769996019,1.2135718075228457,0.07094356616408709,0.5428818588595608,0.1659252150280321,-1.0322684603990042,0.8035562940679589,1.8151441968856241,-1.2534511220729092,-0.742928325233448,-0.5086547547211597,-0.002515686677604101,0.6007317569336692,-0.6144491362421981,0.08258583904821495,1.2121023759968441,0.6011716995539782,0.04396398531445982,-0.9481917425775063,0.41078770836589606,-1.0352317216539455
1,1,-0.02475114039982782,-0.6155756018648256,-0.8070251476580952,0.24390940363582866,0.4784634560122889,-1.1401664648928527,-2.1755816666199737,-0.3326597360318342,-0.34890305622687984,-0.04808998057342224,-1.7543033951837526,-0.4241739195546372,0.881665884426448,-1.457335765930737,-0.7633647842292658,0.973555886818994,-0.039831866157625156,-0.40450170732015583,2.4861733643214903,0.0510211205312917,-1.1325122073072593,0.28137352178756814,0.09657843213536688,1.807144461934475,-1.2327619289701952,-0.6493709370849821,1.2474283659429104,0.4677156000688047,0.08932358041500776,0.43473969097720017,1.474310732248498,0.661098949389695,1.9429262449934412,-1.4178688805455166,1.5494242870808865,0.06173138343950621,2.461415932555038,-0.059368023298401684,0.8013594756732455,3.2875920216756125,-1.013503629035307,0.22338103114853392,-1.154384337867141,-0.8647565007210084,-0.9573262175852448,-1.2705481453654666,-0.09085413059653868,-0.8376601503768542,-0.14348436516240778,0.6705708451367319,0.5921335927098306,1.5720699250352939,-0.9812443685889655,0.059931438366084035,1.216887236574887,0.5894347632985617,-0.8661470154790861,-0.9644572660247632,-0.2793934371256852,-0.2872864562560887
0,1,-1.1380217213260817,0.6350341139130993,-1.3188338841889777,-1.1595880841726776,-0.4029012852444957,-0.47019273725646693,1.0896988461563313,-1.772490328411979,-0.07235562735900931,0.34207147665443066,-0.7377479377681427,-0.15409298261190166,-0.2970991242499336,-0.4421853244062402,-0.42378928938589794,-0.48704476719102374,1.8821789016516026,-1.2532456471275144,-0.6521847511648677,0.11654907247470012,-0.006118312066748225,-0.39647169750265177,0.6872429228489718,0.49074751919672377,-1.8164689824742688,-0.4747002031851538,-0.08411519931943674,0.8088522797343551,-0.09749455742062525,0.5583756307869479,-1.2029258213785647,1.464589598863891,-0.8080609806908339,-0.579597206723089,1.9092695163385804,0.2176568641780483,-0.6103043790547827,-1.471342325206006,0.4801406664280321,0.03185982393420028,0.28698013176627657,-0.11014130352815252,0.685377172688927,0.14122258675350371,0.1901213364722002,0.28888520467257767,0.23474055366692625,-0.5867948978006291,1.237425420451164,-0.22705207582161752,0.17414833715675965,-0.022409799399050447,0.5673448876022624,1.136016456640886,-1.1924462209489002,1.3984419070795897,-1.7352662016174851,0.42826110017871516,-0.48350337728542464,-0.24303441785460356
1,1,-0.6792791547164293,-1.3053761666550145,-0.8031831381595687,-0.5879487097161514,0.08808155978397354,-0.7550141757147841,-3.865877997042597,0.6749431760830872,-2.066111824868823,-1.9441939899057468,-0.23000661626306343,-2.1034017106562346,-0.5296887742708752,0.5093370703766885,0.5666521138554014,-0.06606463560388759,-0.44567605460016146,-1.3246449503695357,0.46845282920173276,-3.864817700455924,1.0690768460081095,1.657594494851412,1.0471043588302813,-1.103793797258064,1.2212235279709196,1.461135670186878,-0.28693089778829856,2.3993049488772726,-0.33689778683737975,0.5372642186850738,-1.340835592162911,1.3712514077157003,0.26227333563188393,1.716981769812321,-0.8499748905806557,-1.5137940937316312,1.1256949047008424,-0.4671607494213507,-1.3672533769178494,0.8860320211434042,0.14788291942362783,-2.050768295215154,0.8597605935622811,-1.0396542099784352,-0.9688508270361459,-0.21022785966924457,-1.4035406104107035,-0.33547146005021483,0.7493176427759581,-2.1838918158680203,2.556616430207094,0.6164611253665233,-1.9485871518582092,-0.7350429689123047,-0.7019910426361434,0.13241771536141353,2.099338144289984,3.8344267537930468,0.853628340402973,2.835529131214068
0,1,-0.7203185942984273,0.4783484975609527,2.305647275395947,-1.1472613709754746,0.04522733687671671,-0.6444865896528482,-0.24082468411544897,1.3764789127260606,0.3639255475736446,0.8142952628129043,-0.11520482951456208,0.2500818100108971,0.7612893361866964,0.03843267583206569,0.032745169476817486,-0.5637044954193294,0.14882207096896846,0.0914069117509354,-0.25230036541830775,0.04669756167601353,-0.773002274756073,0.8226593520874096,0.3420564471285369,0.7304841154969655,-0.060647275674198094,-0.18088498334937195,0.9670397697041074,1.5372849356206693,-0.14541861144448162,-0.38630417922913923,-0.29331525862271585,-0.1346785228898671,-2.015863329410748,-0.49318335407815034,-1.1569953181669703,0.10664464791283469,-0.7701413875589705,1.0560585282489925,-2.091193960095956,1.6284641932814576,-1.5455014922015335,-0.5673086589132175,0.3559103514548775,1.03829992107347,0.6867689724238437,0.7561782596849126,0.15701346667132618,-0.389864745499123,-1.5841763229291985,0.3637884970808494,0.694010032947435,2.5475776114889777,1.322936799165897,1.2106314052479852,0.41882550315939177,-0.9028179505534071,-0.1889114027131685,0.7111253234831396,0.7565615906909238,-1.1239740489806838
0,1,0.16605425654073064,0.42175311980700314,-0.412048317706819,-0.34069563718073964,1.0581471414108314,0.1268099543594462,0.3268173387221892,-3.2013300118432615,-0.09689770059473019,-0.7294571540417514,1.2049113884483877,-0.35008439266764435,-0.3183247232882144,-0.4296693843481875,-0.5636297234176341,0.9508746480902757,1.3820327392408327,-0.9875799203421226,-0.48775600201305913,-0.43469670096789315,0.4249591340175473,-0.43528743015805293,-0.02560762273193382,0.10133942277330128,-1.4946884276931645,-0.7409792578123527,-1.0285595673743493,0.3153061497909728,0.1625099412907998,0.08304721144051676,-0.10534523653240581,-0.3783088484178193,0.5893135849619392,-0.5046587443721778,1.4388387698184302,0.0029586522344732472,-0.6910885479791969,-1.0656749666383372,0.69848806404139,-1.3282595609144303,0.7221483038778853,-0.7728964003572968,0.5940644754097061,0.11944823669281587,-0.002999521920942492,0.021239063985438428,0.20697160087871522,-0.4601070254831044,0.9172202492707355,0.03867662856910013,-0.20631735687441569,-0.6987444796237502,-0.11192600030776059,-0.9344045500094398,-1.3847502891581749,0.30890253830447034,-1.1252736827903531,0.7476706840080182,-1.4386610487831653,1.0979920539733976
1,1,-0.10774132283445513,-0.6091541112482646,0.43241772453214633,1.1859039721646427,0.30557719858235355,1.682219799633179,-0.3674275460507849,-0.5779959913333874,-0.6654133192828695,0.07509147827219176,0.035957817301046975,-0.055128017457508546,0.18584787716102083,0.25595014622694157,0.9126542643790923,-0.651703338078879,-0.161061275444733,1.0826401508386814,1.0863241520043576,0.0363244793584646,0.38403113650226833,0.9334904968636074,0.6492894766183,-0.016483991503085393,1.348839965325005,0.9295626599401983,-0.9068371141202091,1.2427839966796201,-0.6804413382949954,0.7722420288894808,-0.17066444696157446,-0.6424792132111805,-0.13810638838145117,0.05159652193084997,0.27562068888629954,0.3744942631235865,0.27626308192730864,0.17593645609854047,-0.5230396805157539,-0.8348589405305838,0.8527047708651385,-1.2829164517274216,-0.8968102473408177,-1.5507101475185239,-0.11611162847147857,-0.7485507316677414,1.6006829337254966,-1.3013190197673479,-0.9738485869548275,-0.4247659524380997,1.1727621862022053,2.0433226306158674,-1.037141052778325,0.2095092051370995,-2.4296190423107693,-0.13059442798638032,-0.6396665567641194,-1.5464641018628469,0.4569304819533835,0.9524536227116154
0,1,-0.4434439105758884,0.028318951382574852,1.9014501693840988,-0.9633110574515612,0.8748636097204165,0.14802771560834935,-0.42511933034922006,0.8476463427895558,0.022719313824955786,0.8954927425285145,0.03688737632908089,0.7452557122714409,-0.390571743768334,0.43101145849829525,-0.09176075935164854,-0.9019534218063202,0.17626983194815435,-0.18952421335248598,1.2606605491033405,0.6354835399873018,0.7725463446270403,-1.6402556797425987,1.1216511196092895,0.11542142425047644,0.12390072884928573,-0.5152732478738923,1.4147294238850865,-1.0446770609273575,-0.21743043407367404,0.9807102375231783,1.3008071631880345,1.3991948386362434,1.5164290623438947,0.14111699289919732,-0.08073634292613835,0.15045656097034624,1.249805984042046,-1.3868093145398688,0.5601630657399943,-0.6602387400454837,0.07459977329179333,-0.17093080957741952,-0.12118306589932365,-1.1964217768721979,-0.36178248499576054,-0.3525573124925947,0.5923914445198918,-0.2632100439085381,-0.09796949312990466,-0.43147331486981294,1.1345613890283328,-0.7883930251960594,0.05444021015480126,-0.697680157308705,0.2890725526120932,-0.06020034460932031,1.126126439140101,-0.10485681648364469,0.47389541210703806,-1.5814598449342705
0,1,1.9035809911177797,0.6076580994439639,-0.14305046738152993,-1.1271938282451517,-1.51005034821489,-0.6251555646535906,0.5029710831018174,0.34241459513857364,-0.6403557969954126,-0.5922429449237433,-0.44098180518535723,-0.6057676299167427,-0.06844488109808707,-0.5873807672947862,1.603387061885472,0.2761905341852774,0.4759296868912369,0.9024634196354786,0.41947796696461553,-0.5497111835772002,0.4716530500832472,0.38247788863721777,0.1659593830290915,-0.7791897137497298,-1.0800858646240603,1.054436924944585,-0.4477483419951602,-0.4178195548216984,0.5543330905262083,0.864917725870777,0.26983046056162485,-0.8111285696385001,-0.12083858993395487,-0.5774337066934601,0.22204258834576707,0.5231157120330049,0.11586138807208626,-0.15081362484870905,-0.25304817721959966,-0.7578808353523881,0.5076623951413267,0.25065260168401743,-1.0182530569652233,0.6030958550100399,-0.2994770273426865,-0.7249356976571109,-0.09423329687308414,0.19434866871900083,-0.14271967874867933,-1.8389753083891012,-0.1643764175188194,-0.36325490630025703,-0.3119248814762792,1.4780213799432023,-1.6442312136816133,-0.9063823166144784,-1.1764652427313107,-0.22106380209341536,-0.06134815136674704,-0.5683569787722719
0,1,-0.9583521751988255,3.3442945879833257,1.769481877646525,1.4334608650808998,-0.34994540055279993,-1.2612087865273964,-0.10977234604907894,-2.321407841794344,-0.2441732206844431,-0.3908262880714252,-0.14948483913055607,-0.8940436482880841,0.2768513660922522,-2.1951777928047824,-1.1118197596343384,2.37529998237638,-0.9270025857031993,-1.630312975415643,-2.9239752198799867,-1.8128257992617012,-0.44410327439641517,-0.9847237668720081,-0.4260210918205581,2.9481707677474147,0.4460480469653913,1.738576291574104,-2.1027353336966663,-0.37601462798527246,3.737542103731905,-3.6592377796714204,-2.4660990095614,-0.9674067043838008,2.464629140987164,0.9399925495743638,-0.9642109521244722,-0.9795758012103082,-0.22174386982765593,-0.44011783947930483,-0.3825905569985897,-1.3672844604866778,1.9671930963979711,-2.1541627060448767,-2.38409329604378,1.6786162431373768,1.2753195692727366,0.24167706955768695,-0.37374239244323426,-3.9030743247875925,2.6602260065770498,1.2322676011431746,-2.5434574272848174,0.160643710048836,0.588685823997281,0.8557670213794794,1.1682587606220454,0.9308330479060601,0.9139333954695694,-1.3522360473238753,0.5656693745358184,-2.0782788078966985
0,1,-0.24330102834988404,-0.4315591262867683,2.0213310527163695,-1.5194307874627728,0.8932920272875258,-0.025649657846886616,-0.04519907071741274,0.10140418892887575,-0.790867183592455,6.391030671027171e-4,-0.355248791080962,0.1458187452350941,0.12480038827562454,0.6035838451328026,-0.3139034688491753,-0.0328054496810577,-0.7400489488148169,1.0212344510197682,0.16937599617293478,-0.37594501631052973,-1.4839618033484228,0.7953392113730252,-0.07821885586841902,1.2912063903856996,0.3979830519247089,-0.5294923084769995,0.1337523959460632,0.5930907909555968,-0.23794026110258204,-0.25149764622101883,-0.1895573569348878,0.46063298634777006,0.7783633487994432,0.32210254686160106,-0.51868067001875,-1.3332498728264082,0.2784803904716452,-0.14180959506890797,0.7713610807368714,-0.08559675063790495,0.29993487139340147,-0.7999342442948579,0.0180764760428622,0.38745443396062884,0.13123129674775738,-0.1961377810815965,-0.7416637385344086,-1.5372017522964672,0.4749118742211846,-0.09630309252817934,0.35485545870911145,-1.5620659972419986,-0.07323581337965533,-1.1548905171627446,0.31367751034732294,0.2991088971127317,0.7719553855355046,-0.6706965341546023,-0.9994489225291884,-0.9148013309370937
0,1,-0.24792397752877599,0.3843957194348163,1.6780643510887534,-0.6630793833264422,0.7848761701630326,-0.701902444198743,-0.14744743523223572,-1.0044704766745116,-0.05769976171971354,0.04241711696288992,0.1379230571376853,-0.33082777696354054,0.4555595331389546,-0.654259969394157,0.08819262969506488,-0.46718770811053445,-0.21402923320274927,-1.4143808538439926,0.6050460430386667,0.8976117740694545,-0.8226094097599954,-0.09010622902584478,-0.04386959708343383,0.11658217618674445,0.7219802555773296,-0.6947364233175138,0.613912536414522,0.26468304654998215,0.10302015615830595,0.6668458692595618,0.3044026532579819,-0.29630898827589147,-0.09727726439086283,-0.8475355898877251,0.8450713650996181,0.16969353188235342,-0.2064483457145247,0.7198428337541364,0.3851252028598819,-1.4910440490438928,-0.24923406316300195,0.6203395307825154,0.32756270337908155,-0.9628196941970806,0.5929408744667474,-0.09950256547521265,-0.8535318472814275,0.8043920246111136,-0.07675888141503942,0.06476918519148436,-0.4742210971321814,-0.2848437086881991,-0.29373296354405243,0.6546906945084227,-0.7127158758614036,0.25160892811956276,0.3150868518981467,-0.018240431700136145,-0.9720725123740077,0.5794825246481498
1,1,0.3557164489631986,-1.3807506715175266,0.13064548045317212,0.839155742095593,-0.044378056817396656,0.46598124453543066,0.2932227418348615,-0.6443209753847049,1.063389318932138,0.4812405658313721,-0.16174667355229588,0.0694566249075638,-0.08152086615568743,0.7499084096161122,-0.11203510376490755,0.2151517296760463,0.45435284397974246,0.21679590977266594,-1.1583003721645084,0.19626323163175946,-0.9769510203097979,-0.3434747726613412,-0.3406653252500237,-0.01865392108511095,-1.8004508768620993,0.7671909970426688,0.19597550847768339,-0.47792370117798727,-1.1186770681866665,0.2074057189610918,1.0973556948275418,0.7189511383597258,0.5522873387216961,-0.20655641346607267,0.9901137354257747,-0.11172908128719536,0.39082546733456214,0.3990036913156322,1.0167876863040701,0.6398626470759898,-0.05688965431667475,0.13749804996654058,-0.2761261524291967,0.9969637982994013,0.36256878282886046,-0.07505371518460063,-1.0964025200456489,-0.21754569565021964,-0.07766011314384813,-1.1334496972447565,1.2554913351535677,0.0913808404651257,0.41643934368125135,0.13805928148187202,0.3562914351282179,0.9278710801702517,0.6971123916453089,-0.22633632625866304,-0.5387526444524874,0.07674780347838735
0,1,-0.5053091050621719,-0.2653504723533204,-1.1315545597789634,-1.877431460296051,0.04769132023293972,0.5463633112430275,0.6521284907113282,-1.2916341201151895,1.3348649963509667,0.10144748675018267,-0.14924742729613716,-0.33600948416480614,0.7159587219102407,-0.09731090992943735,0.29610118440533084,0.3505401142322178,-0.939878190402951,0.3436277555738652,-0.576360822512154,-0.39020072750185997,0.6521287695846814,0.027044723358926624,0.6493334033011466,0.7800381815094093,-0.7307000315668755,-0.25664647405101493,-0.1056287866533345,0.41960301972986536,1.048615450161877,-0.6459731860921932,0.9608580496153224,0.8617213733235884,-1.0950926570303474,0.26160240457697487,0.198370338981051,-0.18553757465211063,0.6016863854525609,0.8563791391375378,-0.48042925142610265,-0.5751935358420199,0.0349661180618682,1.2623127126154106,-0.29642544956711736,-0.4020432623786795,0.7228491917689716,-0.6494116452797921,1.014925654555375,0.31994313592794427,1.3579648976710308,0.0649655220752001,0.48372507085517863,-0.5095713868557311,0.03444526967136694,-0.7112750482947665,-0.6824128869921546,1.426449904447942,-0.9040925225220985,-0.8629429711326729,0.29243793962420744,0.42600631209502554
0,1,-1.3041927137965652,0.14864211802883273,-1.1220782113357601,-1.4734255711049162,-0.07184192531449601,0.8198629187382998,-0.5400397087327986,-0.45181426419840603,1.1369670051299647,-0.8045968635041645,2.021786215154406,0.27027086175138865,1.1472795984196742,-0.9105237675818829,1.5749897880551469,-0.3565198954008579,0.551017681988112,1.5187482339008564,-0.5034319433010814,0.8156820189377698,-0.8843026054761093,0.7478553745564844,-1.4681686478874072,0.673736671370773,-1.2743861459610855,-1.816174856985616,0.855152726243016,-0.1865848719054596,1.1051742092536252,-0.8205998133579273,1.6144633504350399,-0.003145978031960345,0.7843793727481009,-1.0028082308812085,-0.28890126796422183,1.1048340889864428,-0.7658612576832786,-0.35227964498422826,0.419180361864572,1.1934561452891543,-1.0496600205935689,-0.6456454308796139,0.9535393983473642,0.010046505805940433,0.08274134698267155,0.3284836172008904,-0.2342940007522193,-0.906034279990893,2.179029383370966,-0.7330994684258538,1.5415035110355912,-0.5703636267404485,-2.458326196966785,-0.574729415720141,-1.3607865140038422,1.440393626647556,-0.1318213076934859,0.19477209433240092,1.9850600507297023,1.1960172011691765
0,1,0.4045151849039056,-0.6307134829185568,-0.7881931445574566,0.13082144588512154,1.604111644687958,-0.8263068615226343,1.3950618916180504,-0.1389315934899949,-0.9369373225360718,-0.8399185013006784,-0.17805902479772975,-0.10176725980773425,-0.9511941102646032,1.651159796435671,1.5383519376531773,0.7433398735778938,-0.9633135298226357,-0.16040609327922004,-1.103623537752069,-0.9052827276142317,0.6097411411346201,0.21476621273130322,-0.9924278694539467,0.06782903704198241,0.04902545302502552,-1.201344733804576,0.7275532897771148,1.4697221516143915,1.0273552918270827,-0.1819514841946742,-1.4974059583558421,0.1809453176098438,0.04062892194318458,-1.5048772559763415,0.1857394508946043,0.6365561298447604,1.2057152708879444,1.0673624435164586,0.47733582264865476,-0.6039675669402403,-0.7864723374594114,-0.8038095269629582,0.9277572387142583,1.2133494540690273,0.04237883487859773,0.35618013419934946,-0.026692207477990698,0.16365913178171348,0.09047780739567372,-0.08963707806199442,0.9867710422452278,-0.25277657199062453,-1.0435342502312783,-0.15651024863992613,-0.37905503437292715,0.32082825252187414,0.04898976387060277,0.5749157895108775,0.11124889877533412,0.7497662678783005
0,1,-1.0723282485730543,0.5216060172005218,-1.1214760728456785,-1.0239609269883583,0.23871304827770096,1.9954754691268504,-0.24519520194998765,-0.14001155748813898,0.16677151675316473,1.284445740667449,-1.0472358653689235,-0.1541932836853292,-0.03393517638709698,0.6056201749531737,-0.7260620376167962,-0.18775027432123123,2.390174798578177,0.3577674477683835,-1.035388009151268,0.6063172447228242,0.3792910150324802,-0.7047313019062175,0.6162633243068146,1.3734538131263883,-0.5061453666514358,-0.8389183852060128,-0.008414572890061662,2.0713250263668197,0.1637521941902101,-0.48323229700080716,-0.44532582384157543,0.5129695126410306,-0.683628128870263,-0.3743316840430471,0.1273238125691588,0.09415345393464243,-0.7057141983412946,-1.749078294364004,0.784151837937476,0.6380080945107736,-1.19347943300756,0.5048442866798537,0.9794883479767,0.15602566894299305,0.6926112967587862,-0.18344989441980605,0.09264554994062198,-0.5458754610623865,0.981953121228367,-0.06583551582264095,0.46389230481119564,0.7643403696575213,-0.29536420773733524,1.5967623459760147,0.3919021356012617,0.3377540550308375,-0.8581055492551697,-0.4709367061261157,0.8679337260102288,-0.4260279604608792
0,1,-1.2289614639741977,0.7440702575519699,-1.2775667629411052,-1.1583807073441748,-0.38118271854839686,0.9018182373840941,-0.10046303078928538,-1.5055735299481035,1.2715952576248009,-0.6991443265191715,1.5336433897133595,0.3961182665572335,-0.5277566146008572,0.17585461420273255,1.133896237331766,0.20377297643194153,-1.3665868331011042,-0.41815681148471795,0.4219275721186795,0.41357271853790517,-0.9834267930956642,-0.7908837325611632,-0.7899635548611353,0.7091352992679429,-0.35949631601608834,0.100107803829432,1.3393390137427394,-0.2024316208624086,0.21457209371616937,2.7077197633475465,-0.3694565584751967,0.21799206303298468,0.8387252037228327,-0.3611933763640732,0.5665992800949218,0.12957792294746695,0.03211523371900632,0.24705729044913047,-1.429500934151416,0.7733855164650223,-2.1015265492803237,-1.2333544616221455,0.11289622905271904,0.35017481570237846,-0.1886482037328257,-0.7888164834946864,0.3248823082584826,-0.1593571723418541,0.4630767861779127,0.11952075947325762,0.8652137373900276,-0.5410424920296923,0.03014144365987659,-0.18165208085381546,-0.028217154519188752,-0.4143138210146853,-0.20204858193509875,-0.3921947865881328,-0.6146767856419174,-0.5346798187083281
0,1,-1.0385308506430777,0.28445384120329986,2.154945596832999,-1.5432545554115666,-0.0840209854714911,-0.3257741871920753,-0.6350724598352775,0.9913196514203786,-0.3612220041974921,-0.05185385682481785,-0.08238900090131389,-0.17454895422550065,-0.48872192120526053,1.0392951494859617,-0.48345980388619725,-2.0287135561663963,-0.4371827491579701,0.009400117663125472,0.5385011042352024,0.7744963313832882,0.17516715322044274,-0.5833492667679638,0.05544960419179102,0.4344410976125429,0.9362520633542248,0.2633873933106064,1.6476219698289853,0.4387076087034739,0.7521856864635149,0.02285485931344166,0.26127529835636953,1.40584244801072,-0.4810561242232533,0.3904124113768272,0.2843171145694014,0.36418708663873234,0.02585941874161863,-1.412047662955822,0.9203254240534643,-0.22901728922049755,-0.5605305304907156,-0.45496677029595844,-1.0182137328775989,-0.59693113114169,0.87905954927154,-0.5397120679306585,-0.34699799296648826,0.08705150807119182,-0.24135068848250696,0.5716797697754273,-0.7454973677225163,-0.5288069606723143,-0.4548811122001894,-0.7876147072517437,-0.6167530835965043,0.07191819535653064,0.18231883864938303,0.4411710489968396,0.4803516193749653,-1.8729394672832789
0,1,-0.21364429232053514,-0.5529242696684811,-0.707619887195104,0.03703919541412376,1.4369439483125026,0.8503640643164199,-2.124515365332179,1.1590990796300322,-0.5578962408982121,1.156033505559883,4.52430142925308,-3.4956405085434747,-0.265338705703093,-1.2142188674758714,1.14368562644918,-1.0535626608041873,1.5762814204386255,-2.523096407663572,-1.3992883560767644,-2.0003468811556187,1.5375554129837332,0.17132823614454534,2.0725342494121057,0.055266129605922865,-1.4498051747622362,-1.2801476789847328,-1.876340558606434,1.2663518646987366,3.161705778532383,0.9629217027227709,0.13973994346691004,-0.5389858348639124,-2.0884720363921403,-0.14315695130988,0.6450990701698132,0.4003391358940818,-0.8187606858792872,2.264761483481534,1.604658595065461,0.010659125238582043,1.612987182235236,-0.3595868843259981,1.7061728638153921,2.223549502708323,-1.5161831535284052,-1.057368355267027,-0.3412684768630642,-0.6552892003868654,-1.2544317225011092,-1.4905937717531579,2.005095323842885,-1.497423238794707,2.5478907321193267,-4.052659279334848,-0.3331433746325316,-1.1536755488087325,3.3579711825791096,-0.9616225383974624,-4.479105905639683,1.1908201553707025
1,1,-1.126068436756771,-0.8252958503352377,-1.3160672589407616,-0.38258112584611453,-0.5532806240518718,-1.7376123665495953,-1.7663569526586211,-0.09195848905063612,-0.9053107880815674,-1.842174071901913,-1.127006419486229,1.5688010671627175,-1.238474049486493,-1.5131307717639335,-0.7783436275407503,1.36217281682928,3.1432077692730527,0.4872771666969183,-0.3457004081783476,1.8676544828159374,-0.0613643633211922,-0.9977278461114653,-0.8233085476936025,-1.9739331333276366,1.5475469560563098,-1.0136855937059701,-1.5185978667875857,0.5411301012336938,-0.3804672988719834,0.1195064798084552,0.5684026876146768,-1.3832199206080786,0.3861908723325794,1.1644978098683376,-0.006602611214258582,-1.2593510823387366,1.815121731216143,2.382381191669546,0.013476058695668454,-2.4063072481963816,0.33816156953816373,1.8017576838348068,2.020027560218591,-0.17012707888811354,1.011552962513519,0.2879008877545888,-0.9656351720420547,1.8007892047785306,-0.44462795708042296,-2.4667087821873825,0.6055768999919439,-2.844991080397862,0.20072652242739744,-0.9669265336027327,0.6593495423718793,-1.2827392396460304,1.7132280271270142,0.3359731023264812,1.3370127652613948,-2.914129999440087
1,1,0.6159263439925043,-0.828650229745815,-0.14738658031961052,0.509576699923803,0.44888321165246503,-1.2152738206232845,-0.6118166609197465,-2.6608177058436024,0.49277831540501643,-2.3479361710527784,0.7437633997801857,1.2625861134065965,-1.1066713287564223,-0.9779415932275398,0.6311462674632917,-0.26213228853571546,-0.5549621221967118,0.970584506048325,-1.098785898042153,0.35950256148699744,-0.008168777974969227,-0.694576558055286,-0.514049702275825,1.0074782171842516,0.1275348563151086,0.092802263582308,1.381021998408414,0.7724758532622845,-0.7651208974021576,-0.8658658930819021,0.4121347174870258,0.10428657627695538,-1.1917317239933858,-0.4261541950478225,-0.5919179478292474,0.13970227033863925,1.0093916940368237,0.2772599024847323,-0.08552996838600845,0.7213270703926079,-0.9435688501206975,-0.31394378736070494,1.113698559646148,-0.8066098315210922,0.730702729697601,-0.04977012381961125,1.582694379351788,-0.023492559054404217,0.604809520891824,-1.9729832509105671,-0.5265524656837097,-0.8204178835863625,-0.5920844384511741,-0.3539647139549608,-0.2338391477324605,-0.8886718315010484,0.5603314602774958,0.261165976879894,-0.6763662836345858,-1.0796557552012234
0,1,1.7982451072140253,0.5500673476059886,-0.1133500309835792,-0.45264148391419734,-0.5657677004166647,-0.4464941995849666,0.33971074416395886,-1.2245981658972882,-0.8483936311585849,-0.6492672646847509,0.9817395791236103,0.25860574888777477,0.5725948040561277,0.6479986108568156,-1.1368725583047246,-0.5623436486987167,-1.7972341046339948,-2.083435090277998,-0.3879811445790223,-0.04505184578279406,-1.2687625176781763,0.24268073869027817,0.7482533689498366,-1.2116994281961324,1.9443626731645465,-1.0398384146962483,0.8331753727227281,0.09568774309070228,-0.5837172036824347,-0.3607681340024956,0.9077600953797742,1.5254755910196285,-0.43307416592420095,0.4062128888425422,-1.5010021604987018,-0.7380177485227428,2.1390819535103183,-2.053204330727279,-0.5059632150485232,-0.8440694392396854,-0.5399508285721751,0.9495311621561371,1.0431192906112192,1.7711282340727592,-0.7526644246449146,0.9254678704218363,-0.4712656224885786,-0.6742236532981887,0.6808218537331903,-0.10529373935427386,0.5943567835599765,0.9351765796255965,0.22165315449365994,-0.6338484612300819,-0.8055368122890495,0.2627563125316795,-1.833886618784148,1.1003304199001256,0.5408050489510757,-0.7398987219561833
0,1,1.714232929865997,1.3028804842070287,0.15212620582380443,-0.06328670807407412,-0.6533481789345982,1.7746091239927642,-0.6119465914266945,0.9007343159489895,-0.41837057107472325,-0.5024112577726643,0.11035973666692744,0.540641413231688,-0.1630978476208303,0.23992474604617017,0.26643659184073337,0.5647048855694294,0.9678878185054135,0.24040342293183903,-0.4650308087827854,-0.14299430654115547,-0.8014694104308916,0.4258460608239068,1.09084836820831,0.14909241875144913,0.6754892615191085,-0.3691004884784312,0.8498301915359722,-0.3942626559469831,-0.07820980237814362,0.8609898985028189,0.5379750297195298,-0.6230864623480056,0.08099752066974604,-0.6826993929627043,0.637317477795089,0.46892035899125944,-0.422557330340697,-0.5441646849676559,-0.10417666494154758,-0.31299828358089543,0.21286966748844982,0.42991753830325463,-0.4802148413907939,-0.777658116814174,0.24240338972301606,0.33525603551703476,0.7639324150470573,-0.3034026479177096,0.0720026902388315,0.24987832562565646,-0.40411763053511823,-0.28821217447820013,-0.5208101201901576,0.021470308718336148,-0.16664292269630518,0.5917054235989343,0.29328644457384223,-0.30617707973671615,0.7435106466843647,0.36873912104562445
1,1,-0.8362598624341908,-0.9278976561079588,-0.04432594514995612,0.8499833483200591,-1.3133730276423408,0.4221089128039695,0.650090810142797,0.9440846831992913,-0.6351027186872471,0.9659068358519326,0.4954328102177085,-0.8475483037137086,0.33811963718663934,-0.3126112935008835,0.5749795173189362,0.4430744493982058,1.209714013187531,0.18703456256376005,2.7501701991960568,-0.42331044422828973,-0.7755506306116836,0.5799548021205536,-0.6013120773717884,0.18931558072186475,2.1129043700768877,-0.18775174763864655,0.69159299001210806,0.8532516124868682,-0.409306242528047,-0.9051545606786028,-1.7044169251530417,-0.6866987507432767,-2.8077143513452163,2.1443159921532517,2.294700745240321,-0.24910566010068322,1.2202387595559194,0.4248206675044565,1.500058572713493,0.82355225325183,0.11540518077121349,-3.7491536780478016,-0.567499715672101,-0.5680306948892546,0.3780910920771123,-2.272454897964349,-0.011450054706188378,-0.32539089262206594,-2.0212440351723453,0.6394033382551311,0.6265539047060116,0.11223524778096806,0.7549806108869442,0.045712445635123666,0.390425021263422,1.2986083373848807,-0.4809130445045645,-1.5925212774297284,0.10230321748101294,1.7061200788975461
0,1,-1.8043381466043218,0.6980845907574528,-1.7403594326105989,-2.1881090059410933,-0.8370026866082162,1.213066540449141,0.3754871359733745,-0.40905341799750194,0.9416982699089853,0.16806824555927763,0.03799213550629131,0.42602531199139604,1.1406024685506042,-0.04803196548973672,0.6512943885527852,0.19139146798511403,-0.801842069468658,0.0721164993913171,0.4098492673854593,-0.37454803816169197,-0.11588153781417383,-0.5127378479833472,-0.16848699156246588,-0.24146648091491552,0.023290367548101338,1.4009586724253846,0.741175338555615,-1.4893480722027994,0.7351058536561805,-0.8289191815462372,0.07399671607204471,0.9444054154379298,-1.002100089075106,-0.8280019270306502,-1.675298938911085,-1.5788074575349704,1.7834506598047335,-0.27413734645491294,0.1715955206010943,-0.3928785071900295,-1.490460635271589,0.28609050944958947,1.8078950946216577,-0.18131118016933742,-0.5101390175119124,-0.9519634515962464,0.11339709813295758,0.07169775489032097,0.3901842121692827,-1.3700929030644298,0.5323105103349475,1.4853970237840481,0.2741358692240039,-0.3476792769714277,1.1744222789306986,0.11639998507100943,1.179882461246515,-1.0682110098120383,1.095741612446274,-0.8608625798026788
0,1,-1.3076233781503641,3.276316495275821,1.693841385635985,1.2360205548904415,-0.23765917254996194,-0.6454894408083953,-0.0975157837258947,-1.084624796065689,0.052427314351820804,0.09061326232631214,-1.1688027688306637,-0.5484555522653615,0.10221093132493544,-1.6641119392853607,-0.36217435850060403,0.7585622353938191,0.06697511786062377,-1.6726676708604649,-1.0008335726762856,-0.6662481994914906,-0.7534960444785344,-1.5539089838319395,0.737889878231943,1.5782014760541097,2.2772414144865594,0.6150587809270429,-0.5971543241323333,-0.18478351051708491,0.48998652945840687,-1.456212990238445,0.3208669218158235,0.41456419963077923,1.1932265646188185,-0.01935963947431823,-1.580668691477902,2.336058256715782,0.06922273497405275,1.7624841371545308,-0.7496962721823579,-1.3264759232410164,0.2693366698858277,0.03057734109886121,-0.047114880461306366,1.7058694854894956,0.2576193669093323,1.5064106618111026,-0.4983732882636523,0.12868813709010593,1.6042889408071108,-0.1001870892445519,-0.014925884386832861,0.5720917947947647,1.2439454306169377,1.8107108754148251,0.11952554595965134,0.041436577134082886,1.6849780793689724,-0.0070339334957190535,-0.6640324956215679,1.4097272859660972
0,1,1.426680841661188,2.2291530426535173,-0.08591879070216343,0.554913438962894,-1.186792295086032,1.2859033026037519,-1.0861148439710735,1.3533204844612086,0.5622192879024251,-0.3113911240909223,-0.29313448119708974,1.2346534046850064,-0.43375276802027146,-0.6007232372906615,0.12517515368841206,0.039105227502678634,-0.0735723308306015,-0.28676304921726764,0.3918377313588695,0.5640308725893334,-0.3422017279822235,-0.602985326776006,-0.6716935905583415,0.10814851990956845,-0.5409480842970928,0.1719564111182947,0.93177599464506,-0.2858887352170895,0.1795485280865806,-0.9205876467093952,0.013874475143253757,-0.2760867302333027,0.226377208351263,-2.5932716078976754,0.9809898627160007,-1.823768834218302,0.7030143807311183,-0.0057922271401763354,0.46999619004850174,0.246901836805839,-0.41807637174045076,-1.4922457513157337,-0.782559279304957,-0.3861481951156655,1.9232022638195987,0.26165623398675536,0.32039621947447733,-0.015020768154233047,-0.2590152459069425,-0.45958831620631585,-0.5400060886711981,0.2860730076543638,0.6967210864501606,0.29440105676884476,-0.4154181424690901,0.4368576295887577,1.4623155742590817,0.09416310740590186,-1.1759333147339466,0.49932599079683965
0,1,-0.38191892577769293,0.6637291223466313,1.5344740195651498,-0.4729704155236461,0.6186987822627652,-0.1832672098902021,-0.7478637527566727,-0.2533489998528776,0.7963190492101637,-0.07029279440497917,-0.36252286634950487,-1.0765011464450704,0.503635889953483,1.1422352962160387,-0.7455601028665622,-0.8372859682487656,0.12325278422862251,-0.42847796132587695,0.3629268563423903,0.6904188411851467,-1.0340517508658846,-0.2877480218054527,-0.2080500563184185,0.5595340143042765,0.9830172285213788,0.025303343006251217,0.10934395152760226,-0.16118193892230556,0.3552107977391968,0.20958699679983425,0.6635555022675775,-0.09766540787854103,0.23624514016841874,0.26017139474524986,1.4364213645519313,0.02794777079625405,-0.008446936037925854,-0.32585328121591783,0.8807003795534767,-1.1237428232142672,-0.5793466894946269,0.7633136446733734,-0.5604816653702779,-0.7358020778154486,-0.3064428279682566,0.43438708542576876,-0.34037777192857194,0.7813422059335129,0.7037391137095462,0.18257245347085913,-0.5914552490820448,-0.7660558326205376,-0.11733231463044187,0.2050497708082013,-0.21766945341270702,0.5931616408114981,-0.0746821830411766,-0.42203914164998435,-0.2773907529269834,0.3419577582546837
1,1,-0.0325480267134942,-0.8996911197851821,-0.028446501538213008,0.9907754552867342,-0.317394249285383,0.03707426226521502,-0.8121630363789375,-0.6113512882814572,0.6037154805981472,0.06316718815223447,0.9468041326543584,-0.6030284682842392,0.7903613818553071,0.5547616418377854,0.5523317717324244,-0.23615572017328432,-0.721414710228316,0.795935437912681,-0.5550469036033202,1.4838714726313682,1.4447499346584216,-1.1501471027621593,1.2535243569915755,1.2937326881087037,-0.499989155895188,-0.5461254148681429,-1.6970027121749056,-0.2648847719414575,-1.0783899823043601,0.428660423917303,-0.949277642041312,-2.3515542662524895,1.139253878876292,0.022026381739738306,0.3134700521272128,2.421314995449901,0.1632518577002819,0.1214043346418183,-1.5445063308418745,-0.5283123246709042,-0.34942618678691617,0.20471070415485146,0.7032479296258127,-2.221209357318098,0.49112697062211874,-0.16493996504329275,1.1479456956280096,-0.47813675644479803,-0.14182126927767216,-0.12788545937655363,0.138670453969037,1.0661174175744565,1.174837084802686,0.16382176979056673,-0.22313483746129087,0.13436406766676184,0.3458257105697048,0.9655850487523074,1.3580769012396428,-0.0914008593114357
1,1,-0.808901148739771,-1.791533728798151,0.12244326647612219,-0.36772747255032956,-1.5808522884315346,-0.3065939169784344,-0.028823270204833558,1.8190889000121142,-0.18562531954361658,0.37237869865369233,-0.5771829282989719,0.6759501944045285,0.5897948850900921,-0.7653489431326173,-1.1799695466147122,-1.2088834135834923,-0.39061680767325213,0.36037630869485854,-1.8770900135931126,1.567763722229128,1.0911280906101002,0.6034943268068265,0.19596865629453214,0.25120048600718914,0.6468890396125162,-0.6768305595342912,-0.049877307958497256,-1.0225778156142207,0.5542062340691577,-3.404511646421225,-0.23631367920428412,0.8885628275523039,-2.093556865787757,1.694462097236707,1.1248493678861455,-0.6824956871779357,-2.306342157293382,0.982873863668888,-0.03069971034004357,0.20253866591828132,-1.7086921242800828,-1.0976731885059494,-1.9237413337257465,1.5467857049941574,-1.0750859981664636,-1.0483370699878636,1.7832834086412703,-0.06015892251031928,1.321067995812301,2.1774037433427766,-1.780280779086437,-2.574566052394469,-1.9356615339707834,0.8578042544098669,0.254617963118321,-0.7985312266766562,-2.7600386035918185,2.2748814007971165,-0.8166170141556286,-0.27739930106803296
0,1,2.257866963190984,-0.12382006638607311,-0.22574304492243777,-0.6730911642815367,-0.014315708808350825,-0.1336765962917722,0.2993692130624186,-0.8355304764118199,-0.7936611417879277,0.011345660762140098,-0.5091468964609519,-0.032216890361043096,0.1721338773294526,-0.15279887102164647,0.4958713668591281,0.4484217759955747,-0.5186502873638973,-0.7434050192879115,0.4029838025294297,0.12073347177661196,0.19609071933366728,-0.40265285028993364,-0.06733482179941233,0.5769763496179202,-1.5560740671372675,0.7764232867914729,0.3266682339349013,0.38484258280457645,-0.437333680187301,-0.5666482604526737,-0.0027730047954640023,0.4780235886878735,0.6145022209059747,0.5355460318606338,-0.012735994933985797,-0.5397675003227508,0.14953546310585497,-0.01121375222172091,-0.4009365109564942,-0.23664572282995863,0.3720921187563645,-0.0851630637844398,0.042887206507095724,-0.6325661491483507,-0.6436784752274268,0.2961933866358213,-0.7879587252441922,0.3894870489162009,0.4676139913192336,0.5289232830391517,0.21561284563680735,0.17104660121316662,0.6928810380091907,-0.005514728181282657,0.16894501819456503,-0.7487537641063082,0.023470429357834718,0.030096685055074023,0.37868501131505966,0.5257228446552028
1,1,0.10686903456715618,-1.8925002677778928,0.08347088774515644,0.03578459184430097,-0.7950406595781939,-0.11733499328119362,1.0825383154155126,0.10618388302046979,-0.35972739713957014,-0.670630565204134,0.008454764143405144,0.6208153854657166,-0.22932299606262335,0.07663563032536701,-1.046265160934285,-0.2385226083187061,0.6326720326537832,-1.1442263697628436,0.5755266201336776,-0.8902699106522222,1.0006628374114932,-0.5767799056818295,0.36987539044665907,1.4167698142395047,-1.0625417846223248,-0.3853481539586126,0.9116204413551194,-0.8351179056844723,2.3508180267851135,-0.284853556426865,-0.717648709771946,-0.6847727788940426,-0.6936300459910799,0.1255111113212353,-0.03875108294280335,0.04319285091214033,-0.07270358573356014,1.2523247143511305,0.293306780726232,0.48845837452423,0.06704710211468021,-1.3221008562765033,-0.4657295550390617,-1.3213778216756884,-0.9462270864891011,0.2970861168841744,-0.23496619146884162,0.01253985912820514,-0.8727076195677018,0.5191162569456356,-0.17961487674868123,1.8855179736630145,0.06307744030027093,-0.9285073200336034,0.9717911377114051,-0.2537796667458858,0.183607337549924,-2.312436557463759,-0.19253699507269104,1.5529362548213987
1,1,0.07686462757723961,-1.6986245123637345,-0.7837114729272543,-0.0381715523171488,0.9317791320599929,-0.1632413963465269,-3.3845442678992748,0.22316901496492308,-0.7372454299581345,-0.31229603952071344,-0.8591598264256953,-0.4275057860585602,2.522594131379367,-0.2036663847072752,0.027935630726657713,0.6348026764303579,-0.34218827069175023,-1.775940501028556,1.0968385198116535,-0.8663643358856814,-1.2274619958571855,-0.16528630241254194,1.4172895785056798,0.9598823922281192,0.7065427612798095,-0.4291481513728824,0.7489758559613013,0.9736306101874604,-0.14713225340933458,0.5644608748228143,-0.2852213975995698,0.2315958318419183,1.830553265074886,0.9093972505992127,0.8957768831216325,-0.13517931697108698,0.6055900774598223,-0.367881064968937,-0.8857021264237505,-0.6826137630328741,0.6567552235059619,-0.7162009607567938,0.11801750517803955,2.1407309723113164,0.10933149197326837,-0.05603280087319346,0.20187288071926893,-1.2093230027455362,-0.12690948505186342,-0.38468845202478424,1.899826979566359,1.9061744304042934,0.2229428924594554,-1.1600203536787406,0.6536229740477391,0.77754858396369,-1.9194301346907536,-0.8724878537067607,-1.7797616617839407,-1.218858065700869
1,1,-0.329449543999779,-0.7074346973333522,-0.46589055049687594,0.4643229021196763,0.5536177662446207,-0.07080955852495553,-2.7318457365842725,-0.9833429659396198,-1.4617742236386508,-2.5221788549149933,-0.6154450874943931,1.0665347447558247,1.4021459694616896,-0.48635242982402754,0.4674383911457917,1.253113267967689,-0.25825278996413137,1.4616167569756087,0.8772530059186195,-0.5528067653131107,0.6452156571349617,-1.3721920332725248,0.7923019132352392,1.089025920443629,-0.9207804557714341,-2.433827748654873,0.1495763153031686,1.084484300658812,-2.223096844907691,0.5358677209347008,0.5924671846563029,-2.1019712815998544,0.9183360680939389,0.681880326555737,-0.3248017345528741,1.2109338253849384,-1.7062003670279664,-0.7120088007815422,-1.0029752644156489,2.5168375351073986,-0.2302288813318994,-0.1695887451803962,-2.0409869856830283,2.274365020963577,-0.45238897154158314,-0.3333280053056532,1.5689226302575816,-0.16364912881300558,1.1744952886505342,-0.6009867780001281,-0.8933362843217191,0.0521148683459303,-1.4262246862230699,-0.24623804919176676,0.3676152825349339,-0.09256811041227397,1.259021901033068,0.8294447739089614,-0.9370657049584944,-1.2067941502074868
1,1,-1.868149804519455,2.571243639167841,1.0284034638322879,2.352614703440979,-2.817055840007493,-0.32274245130702284,1.9198864617104217,-0.07410181826417825,-1.2632166438826615,-0.13463158811497625,-1.2021763263972183,-1.7549127058336935,0.5337813948206586,-1.4266085649193134,-1.0735854909154623,1.3901229618152728,0.7203898932854621,-2.7224928102444803,-1.1342635689245673,-1.4219238835487076,1.0852735335912032,-0.23629981809802222,0.3947039707426303,1.5829416287322766,1.2262109946428306,1.0983438461374506,1.7091673967862078,-1.2899572406175288,0.6359641795635148,-0.5784388098847397,0.018009132692912926,0.6578593867083089,0.5797714759107049,0.2004667116601865,-2.6131662315901685,2.480279596232896,0.8891965345167726,-0.7905119417176617,-0.5603089866014191,0.26560796384026325,2.5215688770430513,-0.3075099135619659,-1.7208463241805527,1.793709984928522,0.2384111348397407,-0.824503905073491,-1.0704689358859796,0.8001789338511021,1.6073202650511929,-0.8509649997067013,1.8304097758729467,-0.7576600251994663,1.075628100365066,-1.2912485553917323,1.1221693143519187,0.23024681333455396,-0.6296193458836135,-1.1545177744213921,-0.18833720760031236,1.8176321199712737
0,1,-0.2910536153892951,1.2103776594667521,-0.026277362082203576,0.9699403964698177,1.1218608471290423,-0.7537254426279194,1.5536764628734914,1.9332861636442786,0.9353816482536021,-2.1643363200559325,0.18807116339675065,-2.2670353110803725,0.19438385295870514,0.29173231942666594,-1.2450104217245006,0.019979887182184096,-0.5930717874293145,1.4312986258916494,0.8798134661283321,1.4333735246488346,0.7555818548069129,0.34593801917034117,0.46487549548899165,-0.7336902021841148,0.3494974657871442,0.8006565143227775,1.1597990747708744,-0.5132675567573601,-3.0338792545407487,-1.37171246444343,0.8130360470067848,-1.5699077602482572,0.09378371109474022,1.312456386522372,-0.624543494623318,-1.799299767020766,-0.8222007158401125,-1.6162944452071386,-1.1369524983416228,-1.110297134503945,2.122202444656517,-0.48745406412214115,0.10210240840495136,0.9623406499808286,0.9201011655767413,0.17663880335701973,0.014622199751772865,0.15724831316864074,-0.4109035105986103,-0.6042835562853324,1.0884877497285248,-0.43423580996083155,0.6141629389397381,0.6587049949692451,-0.695624930921863,0.5305358009096517,0.7629868784134892,1.0574666900154797,-0.440920863685404,-0.38296946161906154
0,1,-0.26044077176010255,-0.2745674511817485,-0.943437602343599,-0.09565799065625194,0.9672997309679725,-1.2573736389218089,0.9245843933943678,0.08082626885887595,-0.6839562903617524,-1.4208308043755167,-0.03675508928137454,0.31418581548048674,-1.9177563240738298,-0.6168735305076479,-1.5778186682453799,-0.1399951232203541,-0.485981137516025,1.0929998380563513,0.17222780457062184,0.25883201516982857,-0.2723578193014619,0.6091973731762579,-0.4403500143914537,0.7518419455154928,-1.201457641807409,1.1463270323023786,1.2735558399090159,0.1111157180777794,-0.22846097893435408,0.3617159682357556,-0.1885022749017041,-0.8987911105515818,1.0555542588050466,1.276344274011769,0.1712492672055107,1.9061672074939129,-1.5298897607157205,0.6986057826311662,-0.4764395194841566,-2.0200305336497815,-0.9923719160447353,-0.36792267283407565,1.058683010890116,0.7620150544597927,0.7099521964786272,0.563550789219039,0.9339729608999542,0.1017519219707231,0.8363684176982076,-1.134881742033384,-0.554337180626378,0.634815284922006,1.5351474307289006,0.22407486228931278,-1.052929864476572,0.5452876482345796,0.8046651560852905,-1.123405540689573,2.0126329794658364,0.16373111155014378
1,1,-0.030131755276000007,-1.0634113714694347,0.5325922568481951,0.48167399691670826,0.0045208010568002005,0.7870256712447067,0.9893840152164287,-0.5088939788529365,-1.079590763036862,-0.4413279341503606,-0.45749633939989165,-0.08118139881525774,0.12014983287749761,0.016838859079611027,-0.8287298319732689,-0.6806640015851152,0.8749136970319331,0.15182705063192983,-0.07438274107968756,0.039692104270967164,0.9989377732368602,1.7746478976500553,0.9618905725980191,-0.08140809767731841,-0.15481230416123662,-0.8963616376334792,-0.8236632064304604,-0.6945771144490439,-0.4870527303914839,1.9251287590216921,-0.2892702963342922,-0.1135543238691222,-0.5413782174841925,-0.2229975253072893,-0.1961111486827624,-0.18215442434877055,-0.7028192811444196,1.1212621337039816,-0.2735568720617518,-0.09538408028858575,-0.5239046420827599,-0.548174283950522,-0.4336643963216051,1.2138870462476652,-0.9791524079019456,0.6177584605699326,0.3000061812727903,0.40502756759508607,0.1331571712506072,0.42186694555871723,-0.3251721323449968,0.31004486054549124,-1.9282898388360312,-1.2508283304733905,0.6795718298846153,-0.712727605762293,-0.3130246854169445,-2.219140338435483,-0.14058304987408224,0.26678143961536066
1,1,0.2305947451514031,-0.9874417771125678,0.5394419736112174,0.6974724278102585,-0.48144252050873887,-0.07026037958187016,0.4161290961478044,-1.19395938983699,0.7059025286180213,-0.6872339199886738,-1.2681750045597922,-0.6446727339815694,0.9094034928593709,0.13792447215932477,0.14299809682658196,-1.540100761433778,-0.34683928733374714,0.3422143435456387,-0.49554274363033285,0.6130711687218287,0.46816162530176303,2.5395925643374673,0.4556803160363976,-0.0627874268044259,0.3003783538677278,-0.38795481785104363,-0.5610264571604349,0.6949559488555596,-0.23179039728612033,-0.7447260414877863,0.2923052422615514,-0.9813682196939578,-0.6567039875919365,0.2396406979517701,0.2462594720093721,0.5067883801032165,0.9159441004345316,-0.21809130081328398,-0.12940679904179173,-1.0460522680545656,0.13167856171023445,0.7593377256391232,-0.590068180146803,-0.2521036078086302,-0.9840166812392445,-0.5884857123703604,0.0064927104026057175,0.048009352704242995,0.19033476802761426,-1.1917016625087729,0.4431055523336774,1.2249251230048404,-0.06582828879049388,-0.20484662746434776,-0.05143367431190938,-0.6364628397583116,-1.192127227226631,-1.3919993810990179,-0.046038636898099304,0.0105016027308264
1,1,-0.2583182425039703,-0.9177930996814987,-0.16932861725764473,1.1558662452365793,-0.4651428106335497,0.3605027345637688,-0.5583013380490516,-0.1206652390399266,1.1991972948254166,1.0605132992374653,0.04697298865242317,0.04851005456074838,-0.16254609370452283,-0.930069094983051,1.8487753670832818,-0.691362491070924,0.37526553898561843,0.06732685141349785,-0.40948152840164037,1.2612280102293545,-0.33729667444992373,1.295808125958808,-0.6400198708945491,1.0253821788743702,-0.07883301916274998,1.0597486881371316,-0.5064864774884249,-0.5393160593907738,-0.9246981017505376,0.4684137603029267,-0.2539922101798088,-0.7209140510657841,-0.2767124690430571,1.0280403984517608,1.9302738148209757,0.6387189532052253,-0.2815482174448586,-0.9498751448291478,-0.6950568696206338,-0.613847419687821,-0.6357999210675638,0.015268905368956146,0.24250362997008487,-0.7517576964079605,0.6942084915248983,-0.819789525113909,-0.52475156381782,-0.47045436238002825,-0.3968044533191917,0.6581241294079031,-0.18354886165541648,0.4757260066865629,-0.6155971682139709,-0.6208669919531685,-0.7377535532764852,-0.018648368091671166,-1.0270046342949262,-0.7968258890752816,0.1347001552714852,-0.24309788160237567
0,1,1.008865558127517,1.4891989135259107,0.4618124450782878,-0.08174321833310755,-0.6978489625396064,0.06381624942857575,0.48646859300980727,0.34615431179876577,-0.4442641498152353,-0.15253851891837647,0.5174370270568507,-1.1056146503521882,2.5290234044441147,-2.05074921374778,-0.8612765262344311,0.23707493380214908,0.47802163213446547,2.674284508541209,-1.0691440001678676,-2.058502156993012,1.6656807373104674,-2.0696338910661245,-0.9968985542503559,-0.9731524282590384,-0.40895005458857286,2.548320559759317,-0.21329291016915236,0.6326318666414202,0.7113705850739175,3.4443340388995396,1.2414736603489664,0.09170707716307928,0.7031634408819784,1.7520531856181072,1.9674421070973165,-0.009186479864426427,-1.1123050028563857,-1.8625239540844223,-0.3647880950005808,-0.558816799900718,0.4181683038317841,-0.5550534029348075,0.5426919121821395,-0.35738504168762436,-0.623140936240986,0.48640021633657154,1.3756419826015858,-0.8612265190175167,-0.9565368410926095,-1.6820436703762607,-0.8172491201874371,-0.36976292970259167,-1.3747860782228976,-0.5456702438771961,1.2202959932131332,1.0842629869697078,-0.19061735012027733,-0.9294963060657906,0.9017359770671418,1.9023516917329928
0,1,1.8807079983562132,0.6991748459785434,-0.07811014787525311,-0.24210705954718698,-0.10582834902063222,1.6493825245102711,-1.1598369384487197,0.7520347649768714,-0.160079269842273,0.29830059116984803,0.7846322303880525,-0.6529273305883645,-0.014217770510850861,0.6411927619794728,0.4563761239239453,-1.0854649718209493,0.9691913042299637,0.052406625137245956,0.36496649960254285,-0.4305852022925576,-0.1693702783661054,0.9358686959264373,0.397408755184428,-0.16220486648359217,1.282057034440788,0.38680035089378473,-1.0115542376860724,-1.5748530555800486,-0.7208929578920408,0.09214301857867377,-1.6797156667835895,0.2789894301016729,-0.11202127587240357,-0.9544158416694791,-1.3583505145473924,-0.18454080724423746,-0.7566008504965391,-1.8007728467588962,0.3971566146325217,0.8455311087590771,-0.7522237191708869,-0.3748349573515067,0.007194639528433465,0.2559229528614391,0.036320384610512436,-0.09097304859296407,0.5351541716730929,0.3479871260564689,-0.05868696814263941,-0.09070266143042159,-0.20958275738635743,-0.6506910153939437,0.8146239419870676,-0.4996263640882645,1.485275702447145,-0.7082321216815436,0.01659110377574786,0.2925172204965616,0.680368843013996,0.3233177629503179
0,1,1.9249260821902312,0.18954757096915206,-0.5487725816176223,-0.8812385869740244,-0.6342397983934503,-0.9465519722520744,0.5213049780020728,-0.6914292745845187,-1.2453920277218598,0.7960397159067839,0.11884470438773104,0.9442356425047485,0.9814011181067862,-0.09321329683747115,-0.7520375351666252,-0.4027727501065737,-0.8487866575716309,0.32376669037492095,-0.3345385395107181,0.5478232478101476,2.056365274926331,0.7924898689753886,0.6116159685399012,-0.5280790067794926,-0.5086986392918754,0.2704769464567872,-1.1088830784930512,0.08899650095020173,-0.27915385286672245,0.07263252640159701,0.7056488084497329,-0.09005918809569083,0.6906088206669229,1.1712474496879803,-0.22499240655376043,-0.03161373349092146,-0.37143772827232774,0.010923419543571527,-0.5327401458908447,-1.5671925702190665,-0.08617778124118536,0.649419143810919,0.2496722224808826,1.1069024603877549,0.5139693576183063,-0.7124486275374249,-0.7939677629005449,-0.7105347298786798,0.854139799069433,-0.4946591960530086,1.5442993165905816,1.1892785763335185,-0.383777479333206,0.38663480594503463,0.1112364182087347,-1.1395282379765466,-0.40992033788720006,0.22570856813480525,1.14011256923447,0.023645777292002488
0,1,2.0716848350456476,0.2620355676615877,-0.27404299343412847,-0.5701574157055977,-0.044700950596630235,1.7014731930295777,-0.5812193800413294,1.0518547352758139,-0.3052303728505195,1.4053039333296071,-1.451844728758039,-0.06302027094635097,-0.4903793370281142,-0.47134326875894567,1.3787373895797224,0.8228823533856976,1.4013507857416936,0.7771458726178685,-0.2640509859077425,-1.035051226480251,-0.8568790338788399,-0.1126020174390931,0.14126686599788751,0.21524754629671816,-0.3126447142012825,0.3490562141439522,0.5370625121665159,-0.7856572666021986,0.1190350265477186,0.1614608817246139,-0.2175626485321418,-0.3595873287529842,0.8721600057000171,-0.5351286655504489,0.3537706627726348,0.04067947421076386,-0.4359462804433334,0.8681103364029522,-0.36162204882611954,-0.3252895708153331,-0.012122609335402348,-0.7732794743178156,-0.6449825860053712,-0.08001203895113213,-0.07738082072947439,-0.8638709717606047,0.7048695677659916,-0.07742294556021476,-0.033522672504943,-0.5385610687107394,-0.12094194485162328,-0.2886903135926383,-0.6009442225251895,-0.11909047124227902,0.1920888947033115,-0.32970550693637113,0.42778545535145607,0.27942173602476644,-0.5394774654614026,-0.5683211964306276
1,1,-0.7878984060330742,1.2190574540981818,0.1687913380816789,2.3002740567534716,-0.8701456486508307,-0.19263564704536104,0.9505043053283878,-1.630230405289598,-0.2515142275640083,1.0857285384910467,-0.43789493546443886,0.010733910717896599,-0.7466575796455307,-0.383533548587958,0.9094524031179699,-1.0319921524334958,-0.1016810066981465,0.19794942659049417,-0.6240613781576612,-0.08689850751055965,0.5277452147423765,-0.6305845830434272,0.12046504907607745,0.5291112823322125,0.15847276047456876,0.18867576076204431,0.3725937556465126,-0.7143787405459328,-1.170020038720934,-1.1815667307818276,1.3044840795527826,0.0500127844886704,0.701441961615315,0.294477544954427,1.6575526350423126,1.0484635368919382,-0.38463424096335685,-0.27172379505035665,-0.9772109142224189,-0.005098843381858053,-0.6766870492711959,0.12476463674585146,-1.5579918816077778,-0.12485564580092635,-0.2204104615443877,0.20767698213180646,0.5296540671460127,-1.5856582167065054,-1.1235543152363896,0.0994354793418113,-0.5790437479320744,-0.45810933483354715,0.7881114924715603,0.08135538553525251,-0.45889510783094933,-0.3116735202337548,-0.64246456914411465,-0.12424786964797548,-0.6416194609314462,-0.09399661319695991
1,1,0.2174096391290436,-1.3990155163911462,-0.5675334417111456,0.4282464959223235,0.1955684924370261,-0.6598942878223375,-0.979169359024173,-0.044792397378018885,-0.3889315968039997,-0.19285067475849227,0.5771413147082506,2.1617482508985515,-0.283218786999745,0.035481409212241105,1.3072516358166593,0.31693703947513885,-0.13837741763208036,1.0746456898832142,1.1318703722429475,-1.1393909133962288,-0.9160818044489475,-1.3098000557592793,0.6662917060272068,1.1465135529218533,-0.4673833415864703,1.795580532835254,2.331942900778157,0.2917146298583426,1.08978956431962,-1.266817416621743,-0.872498558328196,-0.0868099803993308,0.7900546132794024,-0.9473298720142039,1.38469044711679,0.54402022888986,-1.5860884135017885,-0.7141095451455318,0.43408445227644393,0.13631220395535426,2.3472642093015272,2.4113631275800924,1.6518741221645987,0.8174621728682866,-1.3654316156670188,1.5974999771610023,0.20851357492630207,0.4178965800645569,-0.35400948021672307,0.05756979764099818,0.5665433730559186,0.7563717840808969,1.0194137119847597,-1.3968025892658222,0.5635697456396451,0.12446659459543367,-0.5716030973575958,-1.230852607391783,-0.46734310281639624,-0.3212849585899279
1,1,-0.536228839524164,-1.004996063834012,0.41692593557535207,0.006918297373465363,-1.368434616199408,0.10512763330473397,0.8426808501735658,0.9482042144846105,-0.6156493871963497,-1.0979239890489783,0.08849502043920209,0.34538871918364333,0.5467321110792357,-0.6420273460167341,-0.921926847203578,-0.33352577434557223,-2.320610916868748,-0.2992517712051178,0.7911592860140957,-2.246793039213916,-0.9887086363785224,-0.9068199173637533,-0.2910832910544262,-2.7982982817715167,0.11996000010781065,-2.502338402258358,0.1755075963884135,-0.009327052814344245,-0.2864625962284205,-0.12275603805764668,-0.28061268151271923,0.835037045339614,-1.4752959812237392,-1.477445243954855,-1.6579952313915713,-0.5252519579267138,-0.9776022374567931,0.7324161114732844,-0.07883603058263171,-0.27547808616159514,1.199158679824292,0.23329213265933488,-1.3687737090079162,-1.3749926188892498,-1.72194828882237,-0.5707741506155285,0.8514029155069134,-1.458131318507851,2.856407137893495,0.5144879053145119,-0.6481634723701378,0.4776863088968008,-0.03685941401130574,0.305105475523542,-0.27710645604445083,-0.17908479967916605,-0.09687840541754682,-0.4722019042040823,1.1900483905447037,0.6593387097300049
0,1,1.7595303293242848,0.5870263728200915,-0.15928521966258022,-0.41466439340477423,-0.972235026041832,-1.3070263773656396,-0.15577776941361235,-1.321837770972107,0.0033081563986691637,-0.6812711613586415,0.8047464995816423,-1.4165050881148074,-1.1803295049644509,0.6645589765890102,0.14450679503170616,0.13122743958119823,-0.1154616462919893,0.6610656617706535,-0.09256012151838046,0.5404937221431261,1.0341688925733394,-0.08321226769647978,-0.014455516282848897,0.027106885377834237,0.33183841303574413,-1.4216964316703438,1.811755216239187,-0.2479327147191265,-0.07062403828723687,0.02457486192099224,0.013003658466397188,-1.0627471281408918,-0.01174712646634126,0.6139328878723803,-0.8312053400001191,-0.31947442903373363,0.34822190463141234,0.013786960903729373,1.1347164999253254,-0.32667516283220815,0.7340673680189775,1.7808615829407493,1.0996295636136768,1.0283581134259538,0.5167401406534895,-1.9092175527680115,0.06232376711050102,-0.8269045170929188,1.1834186717032604,1.6096333811667876,0.6772081795436118,1.5771184817748867,0.5329649131494575,0.9939292752138488,1.670117463319444,-0.1216224418558889,0.5504872337890209,-0.8967296398553505,0.9503127907502247,0.22160232287688908
1,1,0.16105144305924257,-1.4687045056381034,0.902846586693938,0.635833943899332,-0.328514982432796,1.3992685070307107,0.9245835648644805,-0.2278400581642775,-0.5039844474445723,-0.7930319686858325,-0.8805015749632467,0.3331559850001941,1.0229225312363655,-0.2184193932998253,-0.09520281687397784,-1.6060055081846936,0.181677709661415,0.7768079039747834,0.11200206943174629,-1.4302918572389935,-1.0015506255311775,1.2629703064055604,-0.5693589231797491,0.7050900402818484,0.1247568640893372,0.2722481091345407,0.8691197177278516,-0.2221490241031706,0.44076478593068014,0.39087354793896806,0.10099675768433243,1.6823390270984728,0.25050142819260107,0.41682837620895413,-0.050812024347808224,-0.3907609385349869,-1.8989909639738958,-0.6776958245099349,0.1943031321537952,0.038759238363552814,0.9035166176939523,0.42145903737641666,-0.048809896601752716,1.9048691103951718,0.5496723748625907,0.2198144490261147,-0.8714392719121139,-0.884607730811471,0.32666276125912724,-0.5902580728592969,0.5119237611493853,-0.869721156551312,0.8099607349566499,0.24785457253363652,-0.41645769870149163,-0.27012291760561935,0.9462292714984375,1.1073427508950402,-0.5819871562012231,-0.655569948340622
1,1,0.14775122171249125,-1.2007220522777866,0.8460243441310846,0.4392762376625227,-0.16206485749104804,1.0054519966654643,0.3472535626415219,-0.31097253150589443,0.7796500584800314,-1.3050648642714484,-1.330409507590669,-0.15410292692373168,1.351582850746396,-0.010444815899527584,-0.5014237297510818,-1.3076044779493097,-0.009884498992076775,-0.125845610013156,0.17051803380678865,-0.223354296613814,0.6737599472970544,2.1282979588712,-0.23497952233467406,-0.10025654222194434,0.5415283374234129,0.14274075801617964,-0.6591081446097042,-0.26614375161937087,-0.2551005451809835,1.2538154517405014,-2.968583288706066e-4,0.2349655557927274,-0.012920699073809773,-1.084113811826304,-1.0951295442859244,0.2741905894760525,-0.046643474939842236,0.7604743540188577,0.7797716363170536,0.1848200560453442,-0.43927729334430743,-0.6003418422069876,0.7858284621455255,-0.6409385028163215,-0.6559568588287105,1.104564682160342,-0.12677797997324747,0.4251105921853816,1.3593086513573165,0.7874637936603296,-1.0668182522090488,0.7282163594175642,-0.046990145042260685,-0.2757102596925045,0.5075959134472332,-0.8849586483923593,0.08228935050184416,-0.3544416950719527,0.08955645780665099,-0.09859627834456683
0,1,-0.09164851634819408,0.03145704048845044,-1.447102311589336,0.15616194196434882,0.9653535514678604,-1.717779723231955,1.0352710293251117,0.0871560821539657,0.002015654417611953,0.06544018197756986,1.0757808946624436,0.00907650664126898,0.22900357022409945,2.4944676843683977,0.6069904614876541,0.30155668225671634,1.1872865616236365,-1.492220739711741,1.6065799390282856,-0.7226086950099571,-1.6638151913169315,-0.4768361955716905,-0.47487493287233495,-0.98879614385313,0.49947381410471225,0.6199466458560535,-0.01987955166216026,1.0206037712265164,0.4631232970451944,0.9511341813700827,-0.6573311222216415,0.5872626647832226,0.7751400879642342,-0.9510437273638539,-0.13987977572618654,-0.6975669864035475,0.8975725249329704,-0.10379381718639846,-0.7882619506633496,0.2212626365007293,0.8508060901626369,-0.25606104821740866,-1.5308008923471017,1.5837990653397165,-0.4221013921438495,0.6143716460080727,-1.3780842708083545,1.6612205659886021,0.264382828051774,0.9476503307204411,-1.6223836420721898,1.9501472620549054,0.022758771631752963,-0.4071039690742146,-0.16768258285409532,-1.2640494248146725,0.13492495057109782,1.718285268374101,-1.0132049324505819,-1.4207931416654924
0,1,-0.25462502000923015,0.2357791220120164,1.4763553957318294,-0.528136587763161,1.3748575655982784,0.1515707362571886,-0.46488306207054136,0.49884590419728086,0.6414976137932862,1.7987887540545398,-0.598619748876283,0.11576866223907914,0.07496906933769701,0.20945146258660172,0.2434631955736269,-1.327720602851344,0.044530971931593166,-0.6504463327476113,0.48904378870981136,1.518032539083904,-0.15543069979010754,-0.6877282740743516,0.8979605893220195,-0.8116512576215679,-0.6082732988003244,-0.005849499120592429,1.2722389276452126,-0.1322560242847849,0.037676268796441356,0.3299480881269744,-0.5804497010313355,0.6927817200584445,0.3562622446701907,0.8648505971528846,0.1689734496639313,0.5178177613836817,1.1231403235989694,-0.6960705551564701,1.355035411491726,0.029418192093058165,0.7921727690336009,0.26649217772533595,-1.2321722986717871,-0.6094841825057283,0.05459580724628309,-0.08389816429072908,-0.46708058728101925,0.10779194746650464,0.07930536539393805,0.13485821127849568,0.06383198307722646,0.5307714021079348,-0.7399957122970543,-0.44613916234419204,-0.124962901047652,0.5202778368016372,1.5404508999729065,-0.33869733210477987,0.19800250503214387,-0.2906727663058831
1,1,-0.32432681379956707,0.3121296151759498,1.0547882760384524,1.3069023701491114,0.0498848648987851,2.6438818970963065,0.1467283993922386,-0.18352648519289308,-0.20892364923631457,-1.128070346473192,-1.509662958423907,-1.0542073352175025,1.4063185690350768,0.9259076467820389,0.06269744196185248,-0.8179510582681203,0.3827834593824541,1.079344415033104,1.2941096958734595,-0.7718276855848633,-0.10739948373180461,2.2426488448247097,-0.8397085216100855,-0.39135994678756836,0.6038661316085225,0.0378577717952263,-1.2419967758722992,0.060929879613777806,-0.6263578263032059,0.5095445097383794,0.3753139821676832,0.2950339378606863,-0.26144610574833504,-0.26720181896381845,-0.34875687241325987,0.23584376301376278,-0.9884769741979075,0.5535519244832465,1.537008526570871,0.514950128614971,0.5768730620015827,-0.22978019088945834,0.39841848360603577,-0.6937493273848672,0.40968660149226305,0.877721601853984,-0.7831800931547883,0.4753232849497697,0.6686040916854606,1.001645649437889,-0.9049678962115694,-0.09961620718732812,0.8807401080933276,-0.28791547650451804,0.2613808996435014,0.13756157259407312,0.33157845009552334,0.086195586102485,-0.5649365893835866,-0.5126895867404183
1,1,0.19717288096758712,-1.1464935251694748,0.7195632155519808,0.7026937496464852,-0.6855187893386888,0.12208493492180618,0.4592403352492291,-1.0480015444752004,0.5597370793600815,-1.5102789225852193,-0.3856247868690331,-1.3400093450528365,0.6188702447312999,0.24683783063300085,-0.33359654354918733,-0.539881715161602,0.5047991076835251,0.43830098826530345,0.696592161627723,-0.3178544830475269,0.4790889729079268,1.40458231387209,-0.26265479576153816,0.8315345480013405,0.32011182192893084,-0.25280390400267816,-0.5878192885476735,-0.047477791160289384,0.5796551325888446,0.17847084778478242,-0.341916010045749,0.776537812219505,0.12615197425163197,0.48258700690365824,0.9049590395527121,0.7060913287297128,0.13408929576362763,0.49004685017754485,-1.0552127785870506,0.77584214378584615,0.576763421641649,-0.6542182244566314,0.3716722766032563,-1.9085772320185657,0.8149907350587438,0.034202467230018345,0.04811761067387522,1.1120300436139248,0.16711542197794949,0.24523308965276575,0.06441496181760058,0.9352157564015179,-0.6160085898044884,-0.02644785244039085,0.08991285727277568,-0.2641998730753664,0.08516924461901247,0.8709847237828935,-0.32867325772057543,-0.5755557415992009
0,1,-1.8050964125253197,0.8732176717473612,-1.1857225733586978,-1.4630836932153188,-0.5322320833756646,1.2294401195649003,-0.00924061949728261,-1.0749954144517504,0.13956411668218796,-1.52416309933907,0.6239323760893918,0.010980808258657136,-0.6686298839975515,1.3805278920958535,-0.046699885417593845,-0.45524152279441193,-2.1608182151081894,0.4981447194561866,-0.10195946961833108,-1.0234350597615873,-0.8564040119209771,-0.4218088610066466,-0.8804573767233145,-0.8314316210652494,1.3539272456477445,0.17886609944378337,-0.6087267169211376,0.7616113027830115,0.36435221540573126,0.8709666524679069,-0.39118951626163784,-1.796190423325786,2.07004586981976,-0.006261836702747648,-1.228241449773006,1.0574029363714512,-0.48276112819535155,1.093119015802863,-0.012329799760495438,0.6175341050419944,-0.07008306221848161,-0.33579935547334033,-0.9176293921721376,0.5875863652834568,-0.6588186971364546,0.4522735837949244,0.005759282786621234,1.0036512095736871,0.3144729289546903,0.3266170900452114,-0.8132087866871626,-1.471324422928844,0.7152949831615654,-0.6363905285204308,-0.7728902057274194,-0.32822084017288683,0.18704168546709257,-1.832467724000309,-0.1271012657348408,0.43519892809897137
0,1,-0.4227977488265757,0.29276014964935826,-1.1138704737483514,0.5396419526024591,1.0946235236701434,-0.5707905711654082,0.9533546376430106,1.0266911645920729,-0.7290363411438826,-0.09040797135934249,-1.0655826899988294,0.8413445850654394,-1.841474553414578,0.3081846032937908,1.1042009295195747,-0.47740301279676267,-0.20728123554571093,-1.1555880236088227,0.07105238791612789,-1.2896469149688732,1.159946202714951,0.21929279223918136,-1.2585069916334823,-1.30568609756039,1.4262147738599391,-1.1201329114169334,-0.547885910321702,-1.3608455596188949,0.8951150002618874,1.0103140058972395,-1.5110390293627975,-0.34663638137701636,-0.46661345860767106,-1.0676090860626126,1.4577352912415202,-0.9399385552701907,-0.8801313835051849,0.15774150133942366,0.24176192397794,-0.5064859718949598,-1.362181482395691,-1.1828003073875588,-0.4282334378731742,-0.8758595529111377,-0.018130769649701405,-0.5518893494344548,-0.14050041283805167,-0.621473739698744,0.3689719137951469,-0.3964997462951129,2.541165772247358,-0.9707732632867893,0.7780348666482678,0.5202579752443098,-0.4242253851144778,0.4335920565278854,-0.8118470839155594,0.7139877270585622,1.4239400442393946,0.6901636281098752
0,1,-0.652132310120883,0.7533522202329419,1.8723358401026586,-0.8043673811645026,0.2775656476113952,-0.6934498973615967,-0.33057843592892483,-0.15861857602150242,0.4955282245868716,0.22144693091396114,-0.07216198169928541,0.1471644527367103,-0.9403941985408623,0.2353137322859149,-0.30164488290315,0.8695236756408025,-0.4922562236787979,0.796020965590816,-0.15103901829243097,-0.713545069489015,0.01990068584323619,0.569232903294442,-0.7405165030345104,0.4318180614854424,-1.143463311267509,1.5792824373142769,-1.3699283029207792,-0.72090207463629985,1.4814374795611478,-0.7099535329777441,-1.5145598281494626,-0.8698575440935952,0.31563620803106596,0.013327168976040832,-0.00610433635086231,-2.434821728204492,-0.570405347145277,-1.326121396768293,-0.8552803030705163,0.9818284650771936,-0.1880720822495574,-1.9558583524467634,0.2924985044512232,-0.29890350502247115,-0.04926350480281045,-0.8987511355064265,0.8810099663233988,-3.7211098001706104,0.15484308434799,0.8352270111237894,0.9960830955987342,-0.36024732666180626,-0.859956633682826,-1.0658138523764626,1.4361086028243932,0.1713635246432544,-0.29028684936531796,0.3823879379282607,0.9092000391257542,-3.1224667933902777
1,1,-0.0203101839553547,-1.8467609905035152,0.17913773363861946,0.8849141161825006,-1.1951061225370134,0.2148857678744508,-0.22378512214009155,1.344504373179779,3.0856124911105622,-1.0990831675559933,-0.05982468886771646,1.5508540448906263,-0.2101773870226013,-0.6757086780576264,-0.026745663518278298,-0.6690159041337475,0.474415186803592,-0.9513756620242829,-0.09191488405799449,0.9281188957328194,0.6051998972851562,0.3088472438948658,0.7083064972145444,-0.47567536622874274,-0.1767894218792932,0.6747944781035872,-1.6366809580344304,-0.3216020245582269,0.7550111199689892,0.33917155941611277,-0.5105867271107096,-0.3214000226237662,-0.03270700849301448,0.13616410341232382,1.2719688858870508,0.1377134583800293,1.065970610054113,1.0439854787298914,-1.3996084250925152,-0.9604582898652282,-0.012485283698251859,-0.8756330399337694,0.23531452894104557,-1.027600638121748,1.5765424084112247,0.47536213333583427,0.0933359309431412,1.4891533845550349,-2.3170049643360424,3.202844715007565,0.16332871118691064,1.055123236151179,-1.0552944468593262,-0.18374058376624736,-2.0088486194288255,-0.594780722398837,-0.006966977742945431,-0.12188871029024331,1.0406122119598569,-1.6658154061115562
1,1,-0.0454587556726097,-1.4624390217058594,0.20723194309142814,0.631995404113288,-0.35905793599011965,0.4452751278391392,0.3133288355399417,-0.1872615737158876,-0.9898460326900582,1.1115827075967364,1.2613456150550568,0.5678481586163091,1.5222459374284105,0.5567000252343294,-0.9417560828492393,1.3539905864187356,-0.5353414120633011,-0.4992412155019142,0.1237620649963492,0.7673451896900442,-0.2983205288578882,1.2095550960328967,0.29272209786964726,-0.09169959244636397,-0.7434808800533583,1.352076924526035,-0.5900542237619627,-0.2879745871596449,-0.7300449230162566,-0.4481174379255009,0.12682540998196642,0.3751854454433139,0.1415252905440038,-0.9735431601634348,0.5481140488410782,0.23972270918618574,-0.559179878918354,-0.05667997760769775,-0.5678872669092081,-1.06127843245875,-0.4938435818947991,0.3880790782987252,-0.5442951761623956,-0.22477860730916074,-0.9330187653956243,0.36128663950555906,4.420148519039644,0.8016344638756926,0.8121632627187247,-0.5122587372776868,-0.9375454001274316,0.8748332615420462,-0.3637611443779953,1.4447294593483802,1.1001891497083818,-0.23061369373321758,1.2275547704540126,0.6159442371620698,-0.7616261356058055,-1.319413114025698
1,1,0.21640694047904066,-0.9723434737483491,-0.18254329858007515,0.7416091004820163,0.5971259347174827,-0.5726322679770459,0.05898313471088413,-1.3138471249758898,-0.266294673590164,0.34529213585939844,0.08009235274770206,0.9542728904578857,-0.2926051533375365,-1.9446621483632083,0.6592840915784653,-1.4151061377566692,0.2833948408461976,1.5263011451875947,0.5434957436270146,1.4922881013763762,1.8902724429284066,0.7735427000124997,1.0711924283600287,-0.8083902166699389,0.07888950615757737,0.7518228531846645,0.7883977719602172,-0.3752491816574563,1.7846419791763801,-1.7857382629013854,0.2215201403446366,1.358820774044353,-0.28144025801419487,0.11816091584016575,-0.622222213294821,-1.4872451685223667,0.6298214241653827,0.22657693247855165,0.6784356234925394,-1.0497635847325695,0.8754411858657735,-0.10621120292428787,0.6064726445289542,0.8114571486342798,-1.5145470879794845,0.5033394771751879,-0.6932234630602997,0.7229466516487593,-1.1346809505885467,0.8624086055329515,-0.014480103057756741,-0.7876492287168598,0.3530901950053923,0.4940706412761843,1.753356546189876,-0.18136497204292568,-0.28630454379641457,0.4721428999041641,-0.24487682712678335,0.4968524797597621
0,1,-2.3235005851835764,0.9731422002728531,-1.6000210444526701,-2.225757574226854,-1.5118380775236449,1.3608811078472838,-0.0986680578859092,0.996571420175771,0.48716221760243034,-0.7842577673889284,-0.7259535455392455,0.17949818772030054,-0.11859763018491297,0.10958296015218358,1.2751986272698257,1.8240381913116221,-0.43688150919447666,1.1662453542848477,-0.7704382946444066,1.2322168379419591,2.2289969846300313,-0.08187766005134002,0.500828269234573,1.314235006941772,0.05374166906707693,0.7381530479664967,-1.4722533400156965,-0.6348887103843235,1.9297645177650238,0.3498632589727278,2.189725646806419,0.4570832410781927,-0.5209457231162486,1.3117374753463096,-0.362007412703824,-1.5438508489602196,2.0323496397267458,2.677676832346295,-1.52265181398625,0.3346107937483932,0.8333690259474681,0.6175724782306796,0.6657860137548067,-1.3897652815115717,-0.7094285816742871,0.050157154623837685,0.4080650765967833,0.5812091031231162,-0.25876659626076626,-0.5798659824354374,0.6997676416453793,0.38061764200082965,-0.5886509913736739,-1.6570211330878264,1.0179121567294411,1.4681236551274228,-0.7413692521572427,-2.271957571526673,1.3365690973553341,-0.7611891052170183
1,1,-0.022068795073796683,0.1723157600688093,0.30842077079036845,1.7113254269833453,-0.15601410475844904,1.1516958981373822,-0.6769105440730993,-0.287413912293043,2.6728253900900136,0.029495216588507907,-0.06394896739070594,0.9864794606805064,-2.3471464420420842,-0.8860750599325022,0.3397093673173679,0.03566289225789284,0.07342317951087922,0.7291337234915891,-0.5286631435689195,0.06367594509710896,0.771879313854734,0.7865011239846388,-1.1723651927094356,0.548660176000349,-0.4856479520490115,0.462625222135887,-0.21646919746082,1.1813571686973852,0.6016914398513834,-0.3366032473535561,1.7900674578028333,1.2708498174813054,0.13615419084064379,-1.0920065162524277,0.5018493025222841,-1.373416442844636,1.0575699840177823,0.3388891114728238,1.7453663364126342,0.08981609800258933,-1.7295803190127974,0.11126127735628617,-1.6004739965812909,-0.018675835778593664,-0.28425007741564445,0.68016133316795,-1.0365864863312066,0.39018925045477354,-0.5920541173999855,-0.6113638083551912,0.5526842559580771,-0.004363632828793872,-0.7561929295766142,-0.9167345085766971,-0.01612141239252061,-0.42147207814623816,-0.35561998394537064,-0.22869287508096858,0.33087214694321193,0.060589141931296775
0,1,0.41365926402940156,-0.7439400932954598,1.727102486390774,-1.4004360367653073,1.5018739037557232,0.12119410922565628,0.020994726352028977,-0.6672400609836776,-0.4053936714677635,0.05956558757970705,-0.20595889611438806,0.07131944723237299,0.21669797835744056,-0.11069984796302755,-0.2817147894364486,0.00823983242113052,-0.05294990728170438,-0.5065302902958116,0.1857238358889364,-0.11423552517192087,-0.26771184027167577,-0.05003430407568297,0.003473945166828003,0.9086630248635504,0.13475574318596437,-0.2578461561823737,-1.0614684299893722,-0.23043004395970618,-0.09161538696207136,0.5242840170993546,-0.010353502887479715,0.6781093501918348,0.20100508902859318,0.5050706750300367,-0.3034195882590712,-0.6538067440101483,-0.5887853416165906,-0.3800645753702829,1.0281420331570872,-1.117415852695701,-0.859657692111555,0.5529749504856273,-0.9817639586716215,0.0985050634751826,0.1902588574493602,-0.36904335262946436,-0.9386821376108087,0.39398887428084456,0.09977830311929284,0.28449539781390787,-0.4643390598234275,-0.22972549556251426,-0.23806233445354322,-0.18417377420430783,-0.5513915806885502,0.516347621825048,0.0027635308544641246,-0.022146763855638376,-0.8014012091728809,-0.4449001949676889
1,1,0.47873269798142476,-1.3562136302296584,0.5686421425711227,0.3959610727688489,-0.0565982688315697,0.6316752673308054,0.28939152520306977,-0.18080932037670527,0.5290866593006884,0.5757754274883689,-0.38778561153502467,-0.716471851329287,-0.5686045394289294,-0.4759923103688529,0.13561517563506156,0.5810023198923251,-0.1165169859601982,-0.5568530400701176,2.2934271536196307,-0.9474469496551801,1.0516096623570905,1.135575239926518,-0.16205717067801467,0.1908050948923664,1.7554462355651903,0.09968035994776607,1.7410587252556988,1.8186665617903053,0.47129725539396955,-0.21904795960364667,-0.8535814558297187,-0.05154034503846402,0.31535708647191146,-0.9589632855618576,0.5258896323637449,0.5812728997513313,-0.03894699275516445,0.182353401743828,0.13120104472527927,0.774900955641531,1.9820029222442161,-0.4246809216331405,-1.508307840960963,-0.7082172296214809,-0.3606686887406819,-0.5313173468371027,0.49918070638211487,-0.5226390871492118,-0.09079783653586586,-0.6447329795712713,1.8871351712894016,-0.3185627306848291,0.453701081453869,-0.6270705661850905,0.5505728752487852,0.7139890253754929,-0.2888509630440597,0.026507807577815245,-0.3782233700277676,0.9739137979153087
0,1,-0.9840544685798921,0.46158495848936104,-1.686423140468714,-1.2491399315234992,-0.2354055600292481,-0.36387627581783455,1.2557161368096275,-1.378349295906055,0.05851421605732721,1.2094793120580103,-1.1506869624747609,0.7470471397616404,-1.0848860362827297,-0.23738129546033268,0.103758791749694,0.08296707191517284,2.7597997088148603,-0.5961332098279446,-0.7191934190334593,-1.1724684319619438,0.779678274732028,-1.1355963781367515,0.30359263076805854,0.251372914952699,-1.2352620170113084,-0.8318616161125799,-0.7053439631511377,1.8492088887558007,-2.1033297784918186,0.36372777048577265,-0.07315144032816544,0.044515156688605534,-0.23375068608767394,-1.593893743198849,1.3403629173132716,-0.7239397113316558,0.010678638802664564,-1.689499456725854,1.779332840344113,0.5133181343408703,0.8316627767450958,0.41117657549470976,0.9661822565892834,0.4527875719116531,-0.45936315099409475,0.4406869977057195,0.47831467980599646,-1.473420518509653,0.39784302274895145,-2.227952335490381,-0.5706618580167577,0.9789170722104594,1.1700491566985027,-0.29577907938697295,-1.0727262541844234,1.1569569984493562,-0.7968252929492706,1.1865616481707932,-0.18051195528170036,-0.9888491069704733
0,1,-1.1570540640983789,0.6135299963654283,-0.8663888479182771,-0.2370271557979272,0.3675914832573825,-0.54855563689878,0.3062555626919196,3.085169623485968,-0.5093715860020088,-1.2392475947840789,2.7902415565852996,-0.7859417692423611,-0.72781081732849,-2.1106620427316147,-1.0081030031318987,-1.0734183937163742,1.0443668526609866,-0.7425388282220757,2.1030299186316577,-0.973955986921287,-0.29913383096882284,2.380558206840388,1.1026362966145735,0.7954074005280397,-2.107865342122194,0.1897062747354987,-0.6233351486807326,-1.2343897181138783,0.23184227822246015,-3.600599447480909,1.2207680206382125,1.3027931737203693,-2.227666437233729,-1.7440873694564363,-0.9262692490942926,1.7816294460594118,2.6254857893033305,-0.7397097389180076,-0.4926821082178216,-0.001881915667196766,2.2955220350593497,-4.961962129043588,1.2653883745290004,-0.06079947045278869,-2.618499062486526,4.428538952543144,-1.6288905027693026,0.5077429592816077,1.0038274184188456,1.9124613964015935,-1.7599713670848034,-1.9542890525570225,-4.048453301900435,-0.8282066343750728,-0.3111360513706638,-0.17544756212680082,1.4254947094968924,-0.7795623772864758,1.5292027721826695,-0.2173840733454728
0,1,-0.19840436352169863,0.5022262871534942,-1.5942036737539438,0.9493367289727284,0.43763704578698104,-3.4036577931255403,0.13757324327929613,0.7355071717821439,2.118935259794302,0.8941597401583351,0.09536963064630206,-0.7292973815777023,0.015831715364081896,4.039345348616598,1.8837268556772357,-0.202289350869836,1.416839578430936,0.8947299112435604,-0.4435170411058501,-2.3279839953084696,0.06903674539830815,1.2974793402425089,0.09629791516632204,1.383825627079741,0.053967273576915734,-0.007043674497305816,-0.5742481370428141,0.9864300177721391,-0.7476194535366005,0.4740148680255339,1.4960656232316545,-0.46224971758891836,0.8130822823734419,-1.885877898264246,-0.3830789367832137,-0.9935140759137397,-0.7662326704881491,0.4951104723315312,-0.9217998550822739,-2.0985755539693143,1.7801567167603234,0.5841603896535916,-1.1365733771064057,0.19013973410606405,0.8603190876217545,-0.17928237558344826,-1.7252187826677001,-0.29234789197442196,0.7012193448403112,-0.0437192126075419,0.0873088681799657,1.0919173252358885,-2.094974957693401,-1.0404177732588018,-0.30540035245658465,-0.14464428514260647,-0.1480025724512205,0.047174046765744146,-0.8386076947175296,-1.6124360895446501
0,1,-0.6245102730725967,-0.04868119425492843,2.0141652537849284,-1.4797195428121441,0.3149839661162236,-0.8859928516779257,0.5515886786085562,0.024082199377872492,-1.5590278083294418,0.6053195737085486,-0.18117127059688734,0.7584952994269009,0.13115622405081784,0.1448193302038605,-0.20560032849493898,0.0631161933241545,0.020477147808131174,0.597910023076396,-0.5625297951071359,0.9671091271733879,-0.5018214793448953,1.0341587286249678,0.290828521897798,-0.128606452921047,-1.0668539219768178,-0.7484639310529962,-0.37185685353796394,0.6186825400230723,-0.22941125969657394,0.4740528683963659,-0.6627324485006192,0.2771768546531405,-1.1709269724980118,-0.15198202234232577,-1.7098469614726635,-0.4877725488787809,-0.2852663700384381,0.9131265244684854,-2.083723655350117,0.32981438515720946,-0.5954853617693693,-0.13486612191123087,0.21176130315973088,0.7770593028700911,0.8360354067893535,0.3058108402755056,0.3383808492860608,-0.5492879069714344,-0.7785741806262939,0.10168486272338238,0.8260400420662274,0.24740639883409002,0.8309383407817982,0.33998220235707083,-0.4906735934503674,-0.1205655872148398,-1.099455065774433,0.3989254522649824,-0.5831650435198463,-0.7867864597644443
0,1,2.4007626291764446,0.22479653345071526,-0.08019721953164864,-0.4542477775723941,0.12077568585445785,1.846509161613804,-0.7754389332219694,1.0719958112134382,0.04599849968399793,0.9681829699533747,-1.1281343478347627,0.2825749514968477,0.2957868376506574,0.5285372180144401,0.07458352907186301,0.11053520316764337,-0.18122577620817634,-0.7858276729577285,0.1877080127828157,-0.37280138261925183,-0.18840616165790125,-1.0763721218670985,0.5157113058409775,0.8006181005359333,-0.14831483030188275,-0.11352412209229018,0.04085886514393727,0.22132616348183556,0.09638984796562078,-1.7292900342873792,0.6993284191183061,-0.37535088301417907,0.760534385601881,-0.335946545330935,-0.7807158157389864,-0.2898304501227952,0.6570111279837736,-0.5049691546904896,-0.12770495924053166,-0.05840738746936151,0.21875154257733906,0.9012197003276734,-0.26274216319155463,0.23494701257426845,-0.7024230477247791,0.3107316396870336,-0.5969451698331537,-0.022134725179517627,0.06591623033335173,0.556192566501145,-0.4958797583019499,0.190392825393104,0.7617540606635399,0.2604237637782255,-0.014424793668352807,-0.4629214671528803,-0.17113137112999538,-0.6553462950873586,0.48797424801038414,-0.6635031455417604
1,1,-0.5424284944141319,0.2869099151626099,0.670673022176768,2.0629806666957093,-1.0256712354111681,1.2971213947885603,-0.37508623637654476,0.8963431663516265,2.702872673005695,-1.6148195796505171,-0.9529660602379191,1.2096407315258446,-0.5463039079853943,-0.6298753068495263,0.37602041163826616,-1.3749577150914187,-0.5394734523129476,-0.9150597873504209,0.8908538065383559,-0.47442211396727696,0.4314804040087612,1.6468059489381242,-0.5056231856638213,-0.4887384058023159,-1.3797776236576216,-0.43886901945622636,-0.30427551934639724,0.5984051059608051,1.032045073103174,1.2652253528524389,0.2880468349914928,1.4746224113185367,-0.6022792428826045,-0.0818471547578256,1.171654925786185,-1.867874381688686,-0.9949366336614217,0.3665314297735265,1.288904859771918,-0.3393607496312538,-1.7921838423386258,0.5388797261311714,-0.48660170660439117,1.4218428813651762,-0.03866115735093761,0.5012955796339426,-0.40182857247568254,-0.7693088282209107,0.29931821625733884,1.2114923494423089,0.4785524881087377,0.3280791486302892,0.2915631665575341,0.40480287777435026,0.9793481299554591,-0.4088990369450792,-0.3609287282248294,1.1072814854888293,-0.45080492740529343,0.26885936126742177
0,1,1.8614643969578042,1.5074265340481787,0.27123634314054873,0.4183218630358812,-0.21881414275792124,2.476633786200809,-1.9190025996928575,1.3915200241727828,1.4284046970859345,-0.8091503068192535,1.4882564652583743,1.0801560770339005,-0.24295529629295146,0.04429805612307004,-0.6248222283375372,-0.744831057020886,0.3355637479404156,0.14905396040376925,-0.9389557144123948,0.15835720904613282,0.012810531243837324,0.32450978631139826,0.720484069589293,0.33260252970658044,1.3600527692594993,-1.2007739215370272,-0.39524317424009214,-0.39796850503858544,-0.22569976456151983,0.6259524488741801,-0.9061256493785231,0.2780855824255658,-0.6907759112586942,-0.8800982143992174,-0.4798156493147943,-2.201671151830132,0.7320992896430347,-0.8833844054410568,-0.06390503895399671,-0.191361686993215,-0.6705218645623094,-0.008200441523988845,-1.6343081228104757,1.0749558605801146,0.4794408599716395,-1.6701561034164878,-0.017709880669511676,0.9278101757494348,-0.08231096218592893,-1.3469338929765762,-1.335563228787868,0.1957130773315686,1.292947806573767,-0.2783029138834167,-0.5388591357833304,0.44865647019495913,0.5003209515410716,-0.23588813371856704,1.5570528457490784,0.46481332364966244
0,1,1.6612646366429,1.4739848338320882,-0.04250127967305899,0.029379224156940005,-0.5727324849209243,1.2087063948726136,-0.30096775288000605,0.391975508175473,-1.0335136275799532,-0.09481172980869626,-0.26677378906010374,-0.07273681753784424,-0.07726313541685713,0.42712610897695424,0.8107710909894548,-0.3156146857052747,0.7426187559247959,0.6958795116344656,0.4821090840592403,-0.19665912434806848,0.26160318085696327,-0.654825670516347,0.6293573895441729,-0.08676496793270354,-0.39740861043216025,0.7540276946867426,-0.49707133662888525,-1.0309617676743719,-0.8826133590953779,0.3991770546999799,0.23791948681820524,0.4778456354205665,-0.6883479346987033,0.44951469550805767,0.014306303702962023,-0.2680495263032595,-0.7811510632998823,-0.2675323514763733,-0.2825429654359559,0.010655392986597083,-0.2404605246451076,-0.6285978780664713,-0.07267592331376171,-0.6044058794130956,-0.690128195278802,0.08084766632535761,0.998038114757688,0.3234907820207984,-0.7917378581756149,0.054855295850617436,-0.07199922513773856,-0.5263436074693761,-0.08834215047805762,0.011494128459468119,-0.27016369183457584,-0.7364604853597702,0.3329578237958672,-0.14513174349873442,0.25471738157349133,0.36615856649365586
0,1,1.072212993333328,-1.5971063517585846,-0.9258793297491189,-0.5109713946843821,1.1673048893007083,-2.4033394916925546,-0.014352680100803556,0.011667700574484428,2.1875150823799716,-1.309957048848834,-0.4759474690357947,0.707029507740135,0.685701362841197,-3.3354398814426243,-0.32219259613163204,2.2815681286786975,1.2471506458156885,-1.6574055120767577,-2.9621680574373253,2.129853766126213,-1.7050957797233006,-0.2228312447430162,-0.43198624105793987,-0.6838212748346397,2.1112353418721352,-0.6251270555167151,-1.3140029356839313,0.26373593976270304,-0.2302661251343214,-0.7768322850023076,-0.4780628414154614,0.36899973621432286,0.7785374680252214,2.082964717301654,-2.7057915301701634,3.0692390905246087,-0.4701613674482208,-0.5181280295902833,-1.473559319797066,1.6820908173888038,1.0312586650643836,1.7616634220842202,0.18206965015063606,-1.0629451944183959,3.280277142721531,-2.1479345962659613,0.9181833066028171,1.8451781390063948,-0.9969272302265336,0.022956181429378907,-0.8577688623092345,-2.785281437819353,0.01546290301689045,-0.5539452530483204,0.21008321842205957,-3.738667490081075,3.2520650520020453,1.2264808192949888,-0.6502449488204496,-0.036488342033123435
0,1,-0.6520795942882411,0.3985339017674785,-0.9664772885603744,-1.0623680010218848,0.3945165382742344,1.6945738941573234,0.18975138988139229,-1.536780400049182,1.2473412431351756,0.11821082912931247,0.9782451885694711,0.07463340094075945,0.9879247814938601,0.6699067310716991,1.0730651604951489,0.8861664449936827,-2.6989851506577454,0.6294704846987524,0.7083220861167658,-0.013202242005870701,0.07273744397350228,-0.42595352421046173,0.006455546364630193,1.20875294675719,-0.41095698480681153,0.4157743861385775,1.9481918629695059,-0.9299131163961774,-0.01935511797346113,-0.4539907980552217,0.5811857158809715,-0.8310830511741844,-0.3357391005159246,0.11001962943228345,-0.07253438052178456,0.7070891196322875,1.1935771722309225,0.4460838973836592,0.5403159698414307,0.47264933507368806,-0.1757416980980071,0.06785713574855504,-0.3713491022774219,0.4761978705750089,0.4227292606618621,0.4859019674599937,0.43446909357591734,0.6751346628153995,-0.0119443209917255,0.7281829170379058,0.12183936339094575,0.247048683282379,0.9785248636578858,-0.4167719292320104,-0.05607184362595129,-0.5278995659144097,0.4559344826108932,-0.10026248894088352,-0.7380082363319913,1.0191279511774063
0,1,0.6565192656407033,0.4824035132453354,0.41293626989261895,-0.953583850340178,-1.6143438432689459,-0.5591918897028157,1.2166645105513507,1.3402489333579197,-0.4983932755194527,-0.254305653369669,1.5901069585411025,-1.9521834195671264,4.701332618587783,-1.3590130945750047,-1.372939116612436,1.3740755837953373,-0.4252135887893147,3.177173192605041,-2.3629411689223905,-3.3708526322166756,1.378820460810998,-3.0482802104463604,-2.043784093328822,-1.458679248631065,-0.9129500168880927,2.92576138843523,2.864108154040534,2.5278939088777674,0.06231936211270337,2.669744240597189,1.1746494543002168,0.2012038549725654,-1.698117001874944,0.008365515890651898,-1.743869818358947,-3.0773910687345962,-1.8513948802578761,-0.1852564592202581,2.5520949634045076,-1.3389192401218903,-0.08941992149894921,0.7860264325183617,0.9878355388999183,-2.833444396940529,-0.6561975986813375,0.1875006564393599,3.7765926057795554,2.6750927956890456,3.868521854572434,-0.4341602833592315,-1.0548122668875448,-1.5123671423209375,1.2068747930502859,0.2826507225056255,0.5995633789014598,1.701303596999452,-0.9435639035020846,-0.3819668367111091,-2.128337697646642,-0.7712545149689579
1,1,0.4392492475862477,-2.0469667095955026,0.6608398364173339,0.24946594923647641,-0.8129444381118665,0.03949187477222444,1.0371046152374963,0.22148041689022183,1.8458805608709983,-0.3475148314821533,-0.7784876515257343,0.49889768639962007,0.19032022416994443,-0.6184140626334973,-0.1113733359109118,-0.9546595872530521,-0.054902520552582816,0.03590491092100635,-0.46884896930981,-0.32274578712601704,-0.14345880771909994,0.4197350917026993,-0.6530670938696714,0.691381274683672,-0.637903549352826,0.8022820038674826,0.8293334841332834,-0.2943346287485205,0.3083144961831197,-0.18674848453288181,0.45852685466901133,1.7649614943599363,-1.2602834629243345,-0.8908447411105397,-0.7780295949140476,-0.11124719087788426,-1.1490363944929693,-1.0411193470416056,-0.05890348631397999,0.4809989792860191,-0.044062292919739,0.1425834263076302,0.5320732879063422,0.9076280613314831,0.1955775093621488,-0.15999925950143803,-1.239850310452756,-0.6958148676086575,0.025555210557481053,-1.2163116137643424,-0.38304559929901266,-1.0113780331688738,0.3937103621287792,1.1001795561070922,0.34827594767021613,0.32881946185799776,0.5816954555996928,0.03253726544303084,-0.5347144458920449,0.18266060920414834
1,1,-0.06070305743466257,-1.4431215955816858,0.43352127323243106,0.5149980968194374,-1.1351385856242053,-0.2651136971351269,1.0320750290850214,-0.6611029212789138,-0.1514106947876117,-1.1456755178197557,-0.8695441145463613,-0.6167911204553368,0.4232876900859616,0.3527091085899342,-0.8427205067442705,-1.1252254920982805,0.05349020897768874,-0.5788230953432841,-0.9490793102423796,-0.67931350847225,0.38105504968062504,0.3319653214297488,0.47040939588976405,1.1183457913907364,-1.5496575177361156,-0.5035349074416403,-0.20404557256400133,-0.8342164977577483,0.14434056095773812,0.8012749399412332,0.26714580033977364,0.22787959956360823,0.9007665874169042,0.5555138930370616,0.24975031475789505,-0.054943419153329676,-0.20026725775851065,0.7766089838733699,-1.1654863228488683,0.4088822239975747,-0.7491306537644397,-0.06252267010229043,0.38563122312266845,-1.0449856256008052,1.9387516389531003,-0.8246427370611341,-0.6951398778450611,0.9846268394438773,0.29696765933627345,0.3547502478674065,-0.305205087096866,1.1923164753353024,-0.16152713831733717,0.03735461505719774,0.01202075863742474,-0.06116612206647238,0.5104015706135814,1.9330793056245505,0.052887335681860305,-0.38430976858083493
1,1,-0.9318993396082409,-0.9511189371306513,-1.4019409105873466,-0.11996311278072266,-0.5663800493837666,-2.181155336713405,-3.7205040424562625,0.6239900896451639,0.6371502628909519,-0.3226797587873862,-2.228965511522294,0.8043995154972176,0.32440898661502443,-0.9401626584961718,-1.2209267097099938,1.08791381571933,0.5220644635882261,0.4937816211466928,-0.7308254730798371,0.9452271252739868,0.44649165443801864,0.7262918407994516,-0.2335579064787401,-1.271274431891341,0.11217753972780097,1.413198236797378,0.776012190665692,-0.4276836664527292,0.8989610840597771,2.2094029823773575,-0.2022099184658363,0.3559029159113811,-0.9108294070281006,-2.149036149996136,1.0361483191926522,0.7643550110349455,-0.2160122424666405,0.5359455261459309,-0.49679382099741065,-0.580921510139276,0.40438193373902365,0.3089909323228551,-0.1940037838226418,-0.6291633240964576,0.30157814108302194,-0.48058549540115625,0.556995886535526,-2.251941625225018,0.3872298055838771,1.999980020415112,0.8991773562480008,-0.7998595167732601,-0.31233214047288016,0.946149972867267,-0.8239879677409023,-0.7994018421510272,1.0289653562858403,-1.9216439851343516,0.13757874317279475,0.48537516449100143
1,1,0.9901608434508368,-1.269726216485454,-1.1567739163446145,0.22889001316594054,1.2861112720405963,-1.2473677812557207,-1.2418697816437267,-1.6813629689046314,0.6748978762320329,2.4314557264431893,-1.391353120268292,-0.47625861905205474,-0.8856515433551025,-0.3214990173419087,-1.2514182342509257,1.3646197419591382,-0.30181374466888716,0.07338748615829871,-0.7084835410478224,-0.30603533732502225,0.70743679797112,0.26580726902925245,-1.3776201545660334,0.2555581843402562,0.03498115102000139,-0.3447546233845216,0.4682766826521741,0.16669404254962003,1.1293759169083835,0.26076223025485523,1.0771074233678308,0.7595592378737174,0.28828957400739,0.715638168532104,-1.1302427570631017,0.4961519352545148,-0.46985245558411004,-0.10899667206750975,-0.31736851575896385,0.5051785556851488,0.06675411692647423,-0.7931883732834578,-0.6784306051865019,0.6392159058005548,0.8603255342589362,0.003991804758926353,-0.17389296015036634,0.41644330716735545,-0.17016788373891228,-0.35432886318156626,-0.6841385317015591,-0.15963160822036224,-0.5704137208542835,0.5348072546128186,0.34871286557266656,1.1907342666509284,-0.29601915727207556,0.15184555045143547,-0.6558323130332128,-0.06285372675621416
0,1,1.8579947710566704,1.0413926682322938,-0.16388087651542965,-0.16714611779594013,-0.7916066557146926,1.0932631120751477,-0.5612493950398824,1.476609006627643,0.7295937209535694,0.8226795633304634,-0.9665575945121345,0.10383789274922288,-0.558757782498099,-0.7733949011037496,1.552861843002147,0.9576310085463398,0.9944932069668455,0.764907373518673,0.043378002736450524,-0.8640721983287479,-0.6325735352587695,-0.05301882608333366,0.6854497936919144,0.28315182694685764,-0.5776205550410822,-0.17586147957628379,0.34515015944769006,0.16719869053805372,0.3620273944431796,0.470465331246345,-0.09567357968337252,0.1329149601936418,0.2843895194259183,-0.9145583599198843,0.9168531810235341,0.10459639854082228,-0.5451997730822481,0.48597862965071476,-0.3545065465286971,-0.12902909863767117,-1.167880164335353,-0.7260951038752855,-1.425862439492053,-0.17914886010850722,0.05981176273532774,-0.15956583905017377,0.549947945579914,0.3843825820486621,-1.0134467276045447,-1.851520013358314,-1.1999052004010753,-0.20616382147515275,0.06897191701402763,0.12170569106272651,-1.1886706659148756,0.1422987650399689,-0.2066793691433868,-0.4183390320835619,-0.37951443440975874,-0.2585396773874865
1,1,0.20755908301017698,-1.5305848218476197,0.004682675198387009,0.131965636733357,-0.5377814733797635,-0.6927124898281428,0.6141511999335191,-0.6431390206521272,-0.0779813020812019,-0.88724883849194,2.0567926156635092,1.1960878114969364,0.007945426328262272,-0.6896448824042947,-1.0622855118576497,-0.05125684294809612,-0.39721855681113016,1.3032554414982715,-0.0046906454922048596,0.7882399092765523,-0.995556078731139,-3.447946795437772,0.30336135186295243,0.31368304532581853,1.1024562836405163,0.27063970449583563,-0.2621653301282929,-0.9342436378498601,0.7315659209088619,-2.144975725621621,-0.16346661077798316,-1.2759078594372488,-0.26015963533593883,-0.3537665312164926,-0.9433667988609724,0.3290876312167788,-0.9274712006308558,-0.9212159894399994,1.055790107829845,-0.2394330129386233,-0.2856465193242094,-1.0945692083202274,0.11509204453047389,0.20432865979739445,-2.265115006250144,-1.1668777699537962,-0.9904988356247,2.380204521908389,-0.17367331633343036,-0.585190311260232,0.39436648158724946,0.3223981239109369,-0.32614559994110526,-0.34029562810618674,-0.6209179617632149,0.9082875854631172,-1.4661912845134948,-0.3016671159889638,-0.13170196344318952,-1.4421496215517342
1,1,-0.21115306554151098,-0.9993205284189538,0.5399746270294989,1.1111836468166474,-0.7898450818228004,1.4426983762061896,0.627646964044686,0.06259235470092014,-0.6071915645643015,-0.304868354780783,0.20966894102346903,-0.08937093870769267,1.0555326969987477,0.8763312812345668,-0.7868359206026775,-0.6510807756619909,0.01530712296103352,-0.1068670161560598,0.20589585973520014,-0.12896990904209044,-0.3776574503843579,-0.866815558617756,-0.644344518760518,-0.11859612415462226,-0.7847476446767117,-0.40001559822095484,-1.2450028856728874,0.07879014880357128,0.4666785351990931,-0.31085511498584006,-0.115917756590664,0.44661751745021955,-1.5230449616705126,0.11756090660869395,0.1958938005339594,-0.5904448333084238,0.7840031882878724,-0.1471495201699834,-0.4744247724692859,-0.22895089281911396,0.20365918249660936,-1.035181010390083,0.2998754822778289,1.2269429752887766,0.5458672768075863,0.1529789932297474,1.564929190833206,0.7435468941096336,-0.39871774049547853,0.9061080869011716,-0.1293479832961666,0.06800296604864356,0.6842705860839015,0.7268781329960321,0.09591445618110857,-0.008863083115537438,0.7773101085770041,0.9366099286055736,-0.7489747142550852,0.01880569865239557
0,1,-0.6645101142135591,0.1622026304607236,2.131021568366583,-1.3777416771293807,0.4838319785575352,-0.6822401045725401,0.41317219326307325,0.15978641682682915,-0.8623116945153965,0.284976470542805,-0.10351534837526492,1.10922473600436,-0.6435589038470071,-0.11898008101894553,0.46208583516521456,0.2938944007098397,1.1433015843850367,0.4732466732490843,0.25659339655629343,-1.166789186209479,0.6812118125914419,-0.2667528165847769,-0.30763709466814765,-0.24197109168054917,-0.25141919765264975,0.9494432067446207,-0.23208158792772585,-1.818735847499412,-0.7509084347537813,0.13981811792710175,0.05206321346041885,0.09070112642100922,-0.3108932405515629,-0.7378996220894104,-1.124961681324066,-0.48649823782406076,-0.8516625387385356,1.0919870016044577,-2.0788398769457115,1.4273699822968553,0.12921010906894037,-1.67850819081466,1.2851005142212797,0.6949602213477231,0.0758503529028084,-0.7075014310181881,0.7341091384710419,0.2506384990692167,-0.6165441300399548,0.6409766340256547,1.3892360347299737,0.8069756236609525,-0.35880426851419567,0.4332821238082452,0.1490019300869728,0.10001126809695611,-0.41985772976913954,0.5577168909488857,0.28744396928959115,0.2758574937151907
1,1,-0.7982906364754192,-0.08034364192495914,-1.3635678123049193,0.5358498996084283,0.3065174771755389,-0.9355552139133654,-2.6853436379514037,-0.2740469522139246,-1.3875700582639967,1.2382408242212732,-2.5028385919234193,-0.15640628149445707,-0.002316213175656806,-0.45776417614650766,-0.3938920287937571,1.2691769821485834,-0.13379590349126333,-0.0566634393320281,0.88336866636793,-0.16777007522759235,0.6365002916341667,0.8672668306028742,-0.11462132341592349,-0.18338872157479677,0.18433042893012647,-1.0085957308289522,1.192710476210661,-1.3399987167174958,-0.16524127700727598,0.9227124089659112,0.9457493916691355,-2.1232961520367177,0.48703919065313067,0.28567100242395504,1.764595593081049,-0.8431763681142134,1.2339799825191904,0.3793271472764169,-0.1673055334052923,1.7626014011738813,-0.9461801769488776,1.0475262318590948,-1.3290113477266063,-1.5517808384597298,0.9212685851064251,-0.19798083446733347,-1.1008093374827477,1.128969753120161,-0.9461772928198635,-1.1686213962035532,-0.056006763918921405,0.7887929481217861,-1.0464609653008545,-0.4972322430344994,-0.6912098813165383,1.165588587092757,-0.26182025314312285,-0.08912189611827769,-0.2549678380504845,0.2498480431993362
0,1,2.1694320022339455,0.19917323191485717,-0.11285531538504838,-1.010213439431243,-0.49241284701194077,1.1720299387503847,-0.540038056208122,0.9721085814682657,-0.14755393944100298,0.5907711640054938,0.4383527884238421,-0.5739410053969058,0.45081515152768886,0.16464283276767702,1.3675414129595795,-0.2293811346629356,0.8358228641198938,0.5126384350835251,-0.5158639550694948,-0.8543027523649491,-0.14271170648857254,0.13968170860028625,0.9564599323123316,-1.2720393236392424,0.8595979974826741,0.26990727030352324,-0.660214358761892,-1.2763590656382364,1.5287652669534006,1.015433210709277,-0.2478853632639704,-0.587866287729314,0.15456671528730967,-0.9075346874978273,-0.6920151019213562,0.25939239304962297,1.213808492271018,-0.8678557402390242,0.1319193258628485,0.18419959721348084,-0.6305280885364848,0.5000627651334956,-0.46123191030358734,2.4872471846314195,1.0068751127112807,-1.794762170293496,0.0861857975943278,-0.28029012595989594,0.9939061828133058,-0.3726794230668351,-0.040137299011534615,0.17384681779737857,0.11552037941731881,1.3291326486312267,-0.12822512259965763,-0.299075042855233,-0.9255770181021769,0.582592279486458,1.10730637629234,0.34544742283876584
1,1,-0.001503109437100282,-1.101650312358709,-0.16454942957039265,1.0966051138227035,0.23746341157044742,0.24179602572276856,0.08615818251391304,-1.3090245700150887,-0.4593830461890704,0.18666500586389528,-0.26233822209555546,1.1740269783779118,0.31040128155821284,-0.024752257200301858,2.0496010437724164,-1.6419305538457198,-0.5031182990278337,0.6540920604752383,-0.9220907530625349,-1.121983850111025,-0.26444044103319436,0.41091383161259,0.9356996867455706,0.4376496167768104,-0.7546143380555124,-0.3068101726689126,0.06904341566956143,-0.5618204962566906,0.29738005448982757,-0.09507832795428489,-0.5118749659776037,-0.25132620032910713,-0.605545010466272,1.2007635499863305,0.5378728366742118,-1.0420824390423067,0.21559206202080497,-0.1728416243374399,1.2481450679021053,0.19157294713441728,0.4430512128594054,-0.06446576223934175,-0.24745366046361428,-0.561596982746434,0.5243697358963898,1.2444573326763375,-0.036719781739938034,1.1691277009285426,0.07147793497077977,-2.0751094659365346,0.7598482667227642,0.9428162189627359,0.8294185686078176,-0.16967291633896037,0.6871803499224374,-0.01166809638598031,0.7118279670473738,-0.7050389915160233,1.034510100239636,-0.0097063069611666
0,1,0.754604799186932,0.5709418801785643,-0.5893162811571211,1.0331383493543023,2.1327056504808772,0.08284471964080374,0.61343144046004106,-1.4429508290593762,-0.6982000270746459,0.6470442982297792,-0.0013779048371164416,0.06099228093233262,-1.1607749924364958,0.4030208903736821,-0.5074224562605023,0.6702077626068842,-0.3697790393094166,0.061731524739709,-0.8763615254865913,-0.8942146715841836,0.7926098043152222,-0.8626536600083672,-0.5846540298703409,0.21044081562443778,-0.045118865388784186,0.4903414741449913,0.024180310594863183,0.05929653864247678,-0.035343536312976084,0.5841889087138789,0.6716051553053143,0.3861086826855969,-0.7580121084714455,0.43058424772652304,-0.1926671876550069,0.07626757640481287,-0.2929915025180333,-1.004211067335684,-0.4323388377578296,1.3097497357072974,-0.6051193344981624,0.41779134824421704,0.26191983508451727,-0.6026255300007495,0.1110176584918664,0.05215829415100855,0.9824321266769892,1.5782311572420613,-1.3965259508557544,-0.5201449974645402,-0.08109075642055295,-0.658503391409634,1.0508797461710855,0.08031091252297444,-1.124787056052099,0.8100001875777281,-0.3029093603058442,-0.8149222504090508,0.9000176588047261,-0.11785206262458618
0,1,-0.3599226517271137,0.36726977941867384,1.691468449294338,-0.6595426214895311,0.9082829555748212,0.9798532389232063,-0.7230528574455339,0.5215936494811378,-0.38806603692584773,0.5173012973477981,0.5565852067220168,0.315312746938499,-0.5327993596954805,0.947621789378682,0.603656088788551,-0.3945695834770295,-0.7941642413393454,-0.3788235365778286,0.24523790817262106,0.13274772392814302,1.1935995866901217,0.16442374082470163,0.30355177786236565,-1.7559281863011265,-2.120210217243563,0.3007563118163321,-0.6342004049071063,1.18296138069982,-1.2288975282991506,-0.7643999491323721,-1.164928700432696,0.4083006365078458,0.7057692149238288,-0.2047288236876521,-0.5061921573625967,0.9957596985556874,-0.12099152060119696,-1.3253946850465106,0.19480468893838077,-0.17031406382573372,-0.4460305543510192,1.6994003370905804,-0.41215402257915756,1.3739737911216123,0.5546232049268278,1.3115927107831116,-0.426483765551965,-0.4093053214161967,-1.4942306004718664,-1.4615534779002055,-0.4623665704941139,1.6610534302578288,0.48897823636528726,-1.0410429316072025,-0.29984870134812924,0.19090219619336035,-0.4194634399416715,-0.1328286884616331,-2.0111395995610475,0.5899143656839283
0,1,1.4703063177853104,0.09017890298655974,-0.00628168899800614,-1.0962213909277894,-0.8430582966952164,-0.9609460728656224,0.6295893245314484,0.4990713020377568,-0.9276110843805296,-0.25399431050027277,0.45087881201455465,-0.34382013668610084,2.695328802320753,-1.248166909282427,-0.9022884246711234,-0.580572276408291,-0.8393463957323066,1.1211417469329528,-1.975687637745422,-1.219738761535378,1.8689676130730948,-2.1515613180830746,-0.40190323470230094,-0.819674944026373,-0.5353456701034902,2.5989460521668626,-0.31247451074946475,2.7431012911733106,8.234678072414434e-4,3.1225645680275274,1.6778655559650035,0.05432974012995374,0.978566580969264,1.1386279294601773,1.3403055496451832,-1.0937222397229243,-1.045893939510268,0.05185839945830275,-0.6214896961126544,-0.7076982441475311,0.1377220016126614,-1.3323296278157728,-0.8072526248731278,0.6270507885690906,-0.18690101521728725,0.49880576864888093,0.21360417653523034,-0.5950594172273906,-1.8193902316730028,-0.46095178503182643,-1.3410466403066124,0.24246388626731324,-1.3315416004215253,-0.3296048959845768,1.7563913342361135,-0.511990799975899,-0.11645234723792969,-2.4037461693568316,0.5081338956044131,1.9632833762218151
1,1,-0.41907440559161285,-1.0164980705570266,-0.37189258887686477,0.8914958960889433,-0.41198886835620624,0.4639563349679284,0.10054726796157912,-0.07101406574104574,-2.11145437672013,2.416248536084766,1.295048756194145,-0.13929323425680118,-0.3715000759405454,0.25087821181424164,-0.4255550509416329,1.5719144111015015,-0.36895820650554423,-0.2603405020291656,-0.21339138982949518,0.15080401017718578,-1.0727951289137483,-1.673750365072972,1.1787218579726253,1.167250341726024,0.6002349679364058,-0.8693357392933427,0.9707229441536903,-0.834776691039215,0.5617056213401573,0.19652938655030522,-0.9621168144747735,0.16159977313428064,-0.8040745549786161,0.41341367514152544,0.42615904477171246,-1.4058692146474014,-0.888047423674194,-0.3394865588527106,-0.5934312222107546,-0.15599213585770566,-0.015106733124541069,-0.7243171661019833,-1.0472946492690092,-0.5157921173331592,0.15194646944004922,1.1800402896957605,0.5700477715506429,1.0117498091546109,0.6000891333660542,0.47878962555333676,-0.010262073055794388,-0.620796490137569,0.41305655017730997,1.25511940731895,-0.8477511921260678,-2.149341667379689,1.4903702956095017,1.4404946533752025,-0.283087469353779,-0.1795866801770521
0,1,-1.1608204491706027,0.3977741330033988,0.543986733748627,-0.393547112490313,0.1300849170613739,-0.7412248144988711,-1.0378026033260417,0.38652474291373673,0.4286764121496343,0.9547845497977263,-0.458843089583032,0.25746904543351373,-0.8140782758789564,-0.17387147704406328,1.7575147461912313,0.15355090988749545,-1.0515908194791583,0.3510795426049696,-0.7426522007185435,-0.46231262672281814,-0.41226691635628016,1.4990702917430088,-0.8764231476608182,-0.7182109943193662,-1.3404006350917528,1.330798175813931,-1.2722154289501948,-0.722556775636268,-0.14359658390217137,0.23921243437709594,-1.555390113709812,1.156373986416441,1.8349480336796944,0.8784697755430246,-0.9061896049544381,0.27717376439951724,0.8177843202090885,-1.1212160945951448,1.8069518417864499,-0.5587062349477805,-0.3753238438134834,1.7911676381944388,2.78381569460962,-1.098629081543622,-1.4633635467589425,0.08167179129751323,0.2937780159663442,1.3866757236820084,2.9050444155211785,0.2327705516308603,-1.0546944364347561,-2.0637874924757966,-1.059992224126932,-1.5188478967977017,1.0567948576315767,-0.5004822494702401,1.708144792480601,2.3424195670692263,-0.0437834967820515,0.9694667620378236
0,1,-1.475915926211865,0.31530085649874806,-1.2217855807100617,-2.26014995445709,-0.44708971156591076,2.116289452275892,-0.4920433741302485,0.3785431870574945,0.17699733373553944,-0.2021305372340459,1.07459167023842,-1.2622240230965867,-0.286216098288629,0.03894917091790494,-0.3592011614556803,-0.7423720190623343,-1.0737327039280244,0.9166579589365194,0.6964441119330852,0.26356760955796404,-0.17662511720225063,0.23639501940186558,-0.7835221019316745,0.7002277570552939,1.3218878075427225,2.0695479102207366,0.9420652057654628,-2.49464049489713,1.3840306090597658,-0.8421494322259325,1.2165845603823318,0.9165377924722189,0.4997904295411968,1.4058283385960593,-0.8575543109769753,-1.706936684310312,-0.5192288341199162,-0.18856980690216005,-0.09902778467154341,1.0435107938511334,-0.4570153191814487,0.19485867951525207,0.005511059568779639,1.0032836980664013,-0.4154693634915839,0.49436220637658984,-2.0157207336164418,1.7809711245029254,-1.3917329670736793,-1.3716673091608655,-0.663642155957647,1.278082596299213,-0.3960525580933354,2.478821094219594,-1.2616075391655033,-3.613793042830771,0.9470552926529548,-3.795115861015565,-0.8211708108593063,-1.5177242546090188
1,1,-0.009537472473234807,0.42956861461464413,0.42501791084455276,1.7554785243851398,0.3337296291004802,1.3818398007657284,-0.025620054980621348,-1.8062835988383303,0.026900579821855498,0.39054809991564954,-0.659597847695669,-0.03408394542551556,-1.0750958474965557,0.9319605151512707,0.7874204741470848,-1.1570571127400457,-0.05474361926424717,1.0659506311471993,-0.6678314017376432,-0.6379186793428422,1.4805900240667491,0.28710138672735247,0.2758345548679944,-0.013407580319605346,-0.12855023941931065,0.4101962808529313,-0.01583881988353727,-0.050115705082709974,-0.40475324382322464,-0.934624053472411,0.08883832970581673,0.20988443719658229,0.3975582967466493,0.9213534872000559,0.42020934310628033,1.059130169193362,-0.09547778449362535,-0.3161458632262448,0.15638108021836758,-0.2733620513687296,-0.20546798292642313,0.5591792184685571,-0.29811686039737867,-0.369296445640138,-0.334441971602124,0.0225814732145566,0.23705856083079904,-0.5805683638234167,-0.5613232422223067,-1.1166307845026984,-0.9573441751202089,0.5991590516653585,-0.790884154752006,-0.42377165113055026,-1.0750327373309279,-1.2403314454558885,-0.9880887011066404,-0.725948041612074,-0.6731151455670842,-0.29214903238486634
1,1,-0.07738557229931413,-0.7225768842872491,0.460667901295729,0.8808390894781135,0.13723918236669963,2.001835696996088,0.06194426465637941,0.3313902044700199,0.07419309600247957,0.6556303836483857,0.6497574801623457,-0.18842816832946344,-0.22384805064169275,1.0899520563325265,-0.22800966519624816,1.2318986900353721,0.6645449739830281,1.0140692029832787,1.5880861898987697,-0.3360264043332841,1.3398570148414595,0.312123910243725,0.38414211734206505,-1.6030111604735509,1.2738200987212476,0.3737977440205417,-2.024420306342345,0.5938327486792806,-0.8070458713048729,1.7479352510029738,-0.5803917798863208,1.5146336285822342,1.5892579229446342,-0.4956140271769641,-1.373865004287376,-0.2755458586957437,0.2509057003612836,0.34829665869547904,-0.47356164317999877,0.737500005549308,-0.4693850444962735,0.9526627738394814,-0.8092263867949596,-0.7058336983407032,-0.7091777929342524,2.9539595912209418,0.7245310635852337,-0.7462394768897658,2.0409033559013166,0.35805086762229754,0.41154238268450943,-0.8926835694451893,-0.9330067313981273,-0.40397632285224744,0.487890779445327,-0.7979670212208021,0.9919171913942797,-0.21317049733938626,1.0990355881947536,0.9733579882034012
1,1,-0.7444741639943094,-0.7697500663788488,-0.04050838541086846,0.7206563580387304,-0.9096725120452438,0.6877274991312259,-0.21314698782256425,0.38781886846513397,-0.9426460538129121,1.536913690692958,2.9169110646645846,-0.40292220084532626,0.036493734808728445,0.8471957347256328,-0.2911142691612652,1.7997617661304681,0.34899645922260664,0.13798734652143033,0.8537054443253466,0.8178538106834973,-0.24240889495250842,-1.2026650912224703,1.3963921863085271,-1.441131748432957,1.2983551353051208,0.35256357393248905,-0.9677227575173308,0.2152234875528981,0.6873115488823299,-0.04102905040931877,0.2713578339335165,-0.3699325535331884,1.454815107918898,-0.5936710755498409,-0.159192791307353,0.4456001147591044,-0.5816773218134991,0.4991599073971984,-1.1915398429920971,-0.39146412831411215,-1.4666875976843456,0.15628453095878816,1.0411044433855678,0.6534835258682283,-1.297478887019747,-1.7741993511952567,-0.17658091851913335,-1.733921003307617,0.9903982020399446,0.34993479901269703,-1.872949175819995,-0.276180224086134,-0.07813235449501596,2.2549195653039313,1.1292892996650166,0.35819731556611517,-0.6441594197062298,0.4312381544124094,-1.3522868881560037,-1.0448412101202293
0,1,-0.3710199185319354,0.06722054235583978,-1.1573411262195485,0.2175536461204883,0.3128247547521661,-1.7243998706501622,0.8271127238803767,1.3126550596207838,-0.945173121642626,-0.10253227946224894,1.663851759988818,1.8503847076931914,1.6014313292613946,1.9873779271423846,0.5503555336816964,0.6452367860533837,1.072163758065919,-0.10121751987980179,0.8013501153697847,-0.7523783300542445,-0.989042059405298,0.4747196193590518,-0.5782923952574434,0.46984442200679305,2.7371741671367813,0.4337330798584136,0.03631839406602823,-1.7019194436011702,3.040739685573563,-1.563919845944995,0.7288402743356353,1.1864010837723449,-1.9920765272868455,-2.0166514679000596,1.1994630599730935,0.8748805285432962,-0.33611646850726984,-1.2440676875570245,-1.6844278698822943,-1.5700776624338746,-0.5583409493238685,-1.3403316249312265,-2.9585592187733813,-0.574389203357648,-2.360509366562051,-3.6722638955244955,-0.787061727379549,0.6347281573255792,1.3270653425483596,-1.8043222887726298,2.584554102403755,2.993038847985552,1.1258061723057722,-0.02059555538008631,3.521560189441149,1.7038474039418607,3.2200507729262235,0.38085338429235127,-3.943746296346805,-2.2923939466453973
0,1,-1.0971113186714374,1.1714885881375117,-1.5604414903160742,0.11905986906145499,-0.42850121113927037,-2.7983474259911674,0.8677410924073012,0.9099958885166922,1.2734027221864441,1.002698923370472,-0.8324156291490329,0.19940413431105694,-2.2738059497644802,0.8834601964751024,-4.7080172096554405,-2.4338399783371094,3.647550297356397,2.0969766671039283,3.263950111737204,0.01645737367736803,-0.4947851525345732,-0.6333091117035536,-0.5307818453023982,-1.3401928870154896,1.5917386857256208,-0.03631794249240138,-0.4815813227538192,1.2916883697201358,0.46304045045339504,0.6060627499687854,-0.21774225990611376,-3.355673806282234,1.8068790758304658,1.5411700635743641,-2.0321981742896016,-0.3120559582371335,-2.5574819593803606,1.3160900280165186,2.07025897778522,-1.8433599594317007,-1.5558247116806336,-0.6506547071440731,0.4195537576728513,0.7560369447640191,0.7553556246624208,-0.22665900040736592,0.9432264458995794,-1.4403296812013022,-0.19661482491162813,-0.6439698416091545,0.3210098169941912,-0.08103903910910717,1.8874246130203733,-2.052945433240984,0.70308062531812,0.4242583824211522,-0.8438234272858954,-0.1939431519001135,0.47527832668128583,-0.2860831831528085
0,1,0.1563391822449012,0.3210884614034554,-0.46450722686945783,0.406244255824421,1.1329763647734277,-0.44135336574168277,1.1645185871644368,1.0471076533154862,-0.1483383501928613,-0.5711927336810529,0.1112736672708398,0.16001265258587777,2.094632538937966,2.6621053829383747,0.4236006821778355,-0.6524563537860678,1.2451154871448515,-1.3407106868230116,-0.7222015452251694,0.4971338166130262,-0.6805602128243884,-0.43016321125100626,-0.7697169280434291,-0.7788260745286273,2.6925327802475616,-1.6161717625597949,1.3398711824053862,-0.5076218920552948,0.5655224124448803,-0.5090036394927974,0.1878274361296518,-1.0792816271573735,-0.04052797491145989,-0.7766769615236103,0.9385365427331973,-0.34273065110068496,0.015030247793387564,-1.4869655524431453,-0.3762398143005096,-0.6072528671056806,0.5946664391711988,0.23409553002509018,0.38286552216062536,1.5880125843097728,-0.7537433891997956,0.9612964932565363,-0.19621955246110576,-0.9072585994635971,-1.2423013559529847,1.4103143772355664,0.09064964232373797,1.5522907326425497,0.04945637075973928,1.1739567834691946,0.4467534395447708,-1.1594410840664398,0.31609284656074627,-0.5906254373981111,-0.60025475218918245,-0.03193638971448875
1,1,-0.011274066285630463,-1.7146947704393471,-0.5456041567346379,0.2719248983866318,-0.33666899802815364,-0.591033560835527,-1.6608593655467998,0.2951741440742179,0.0547263683582908,-1.1208569569402698,0.813249356607792,0.7179943347328064,-0.01901537355569833,0.50851729804563,0.5802821518400609,-0.8095843490104355,0.47038461169144274,-1.3571292548220784,-1.3354656489938523,0.3731140049621741,0.8195220654425592,-0.9628453851724385,1.3065948942077494,0.6565154774167009,0.3705734619994046,-0.5243708730843265,-1.7881867094489692,-1.4263096513846751,-0.37851003642465403,-0.9849697864689857,0.8252002506953047,-0.6182630528277806,0.10458346983966409,-1.51127595795036,1.0362257923828535,-1.1417194760159672,0.1517414143444253,0.7117612727166152,-0.5549606268502828,-2.3769868554459466,1.2031120186602389,-0.15567720968847676,0.07510051959608421,0.710215618974276,0.4730058278959802,1.479668758086125,5.132029778998139,-0.689580717475315,-0.8391701601932572,1.9543231606047964,1.151043185431651,2.128630468332438,0.511226284982561,-0.5797567312721872,0.08654875405806567,0.6626891136595738,-0.5815078476794937,-1.34953766505604,0.43202588888630267,0.5662335391415181
1,1,-0.24802931520297325,-0.687758483459658,-0.08393520225645888,1.1101948314339147,-0.5385416017899213,0.04036521789540712,-0.02253474110517501,-0.18387126922511657,0.3269529508045494,0.8654553686718507,0.7648103866835775,0.744924558002535,-0.525729597313486,-0.20093235934844841,0.5008004909761472,-0.07280636670029542,-0.3332135288926651,0.1809986695410159,0.7900635630214211,0.6930628151161452,-0.49729924519312957,-1.6010255973366623,0.10643549421989203,0.5906561111968148,1.657846860439702,-0.15756078498872567,2.1101023188449246,1.7346347251138587,0.7301803996673495,-0.4451701840197502,0.9166093128983583,-1.169022884429325,0.35134488930150487,0.43247113113586666,0.7435822337923763,0.2402377163038365,0.2658034878799927,0.3168198434775913,-1.739412041284708,0.90612708611259,0.7261144938284289,-0.3900626930344597,-1.8179819574131628,-0.27772845286127706,2.255529493673548,1.403075471833161,1.835998114550197,-0.15693727981064054,1.450695414777786,0.581035808847547,0.30046961049304577,-1.2808640976289685,-1.4913154484942575,0.47920562289707097,0.6472078225501672,-0.5042417265229904,0.8825450149977854,0.1285598104397501,0.8499202881200629,-0.4302674004678143
0,1,-0.3204991820432498,0.7358255173174473,2.042374395693896,-0.44101969949523284,0.5590202213667792,-0.6926173150737712,-0.4037591020094236,-0.43671634001896736,0.4333301142931452,0.06944007970359291,0.8252684331913035,0.1068105762359893,-0.14075418927595723,0.447322085581728,-0.16126075257136468,1.5934170312249756,0.3506312370955277,1.554510486092253,-0.7107038065324257,-0.9222074419228287,-0.43872549197369604,0.852926058044545,-0.7799533442012854,0.02254633965432239,-1.7042305271298412,1.3699327187495076,-1.6339094095984443,-0.48105385825931374,1.1441578497756535,-1.4369624395228828,-2.17056559497005,-1.719116183226306,-0.42101562859534575,0.8381475244090602,-0.22067381390884094,-1.4984749693659756,0.5341657198439218,-1.186429578615644,-0.004760771663069538,0.9930030105737393,1.2252552424981122,-1.290813861874041,-0.062017471108617966,0.031944023665195255,0.2663780125488603,-0.8896948456495148,-0.17972922736804917,-1.5783456966674099,-0.4750773369049506,0.7860499315009896,0.5771351327282344,-1.4095961968161015,0.19266777005182303,-1.2439384512259701,1.8678982829802238,-0.2530676114155577,-0.5006590033351445,-0.021617316045255564,1.1829665595729704,-1.2550435610239923
0,1,0.2158698880638494,-0.378921818464876,-0.49708368307869394,-0.14716580721804134,1.6738248796159223,-0.58398015147786,1.4098791241938835,1.3246504071843344,-0.4018158752068564,-1.9281425997764592,-0.39856992317525536,-0.8751763664750649,-0.952922509336856,-0.1252209401050851,-1.9818586931350526,0.20780503707473472,-0.2609478839968451,1.2356119252288147,0.9694861594914723,1.0445022331947629,-0.5581171673932971,-0.5058990930789984,0.16316188533438636,-0.5203031487682073,-0.591495068456878,1.3919442142527596,0.7338920552442103,-1.3331349183002568,0.804531542164385,-0.4009582332729235,-0.016027949014411187,-0.11461525889200247,0.567718830657137,0.81434301444818,-0.28185708906294404,-0.1869183198857867,0.4175603609419395,0.37323634798967165,-1.888890800283149,-0.6354825422307305,1.2535724555123304,0.6149989542328315,0.36649373970098525,1.1076212556867335,-0.9874328461178691,-0.5940426279984431,-0.3223249394731458,-0.38928129713425347,-0.9379159303179919,-1.05495597840323,0.87995759234293,0.4116396555875965,-0.7726953567389254,-1.0666609261377735,-0.45420290216106773,0.22497093822592595,-0.32151566505214685,-0.027794470733987747,-0.03131947625707662,1.317002226895034
1,1,0.3380350385653927,-2.128034244451781,0.8029269666224371,0.4615939115455046,-0.4385585895999743,2.030142000234132,0.07436783138661732,0.8375610396941786,0.8952901212165364,-1.2555100573032785,-0.6201870256109806,-0.20603092130565998,0.9718328934083617,1.0454546714965383,-0.499291672161882,-0.8734592273742378,0.35465070864671155,-0.5066834254322247,-0.6722255957477593,-1.1448626120404897,-0.1787941767526762,0.5179608932254848,0.3924272452259371,2.297992540685269,-1.0195573964584639,-0.28000488376665744,-0.6450036884174961,0.03550746092547017,0.19575729951363305,-0.22427971574175887,-0.06290805499734473,0.09629780358905438,1.305861296104075,1.0230201647511963,0.6692042404853988,0.5565486595293692,0.5273872634535168,0.00732829968389518,-0.524484983324404,1.010657391390002,-0.5912869369830078,-0.37657393349193163,0.5017409791210574,-0.8121692885153103,1.5199993826982694,-0.1138723799488027,-1.1322063761580163,-0.3415910749254211,0.5604008667146841,0.25181901437723553,-0.4214531097577721,1.9523295581607976,0.5869426346411367,0.2248175908014024,0.6646235800357152,0.030464772929004593,0.5986225798448859,1.6654359971615071,-0.5201190093773596,0.02786145436124957
0,1,1.9319650554666967,0.411725975729974,-0.5620090630572964,-0.6982599322811396,-0.4921457754695663,-0.2786427977952708,0.849732453062473,-0.569134629219098,-1.935491103141508,1.3319457071811647,-0.8397544595046155,0.37993195275682196,1.137027620626737,-0.2522622118930693,-0.744251395769306,-0.35212438258892925,-1.1379652847730035,-0.7725746566676361,0.08899239449438423,0.628519115359033,0.18278994442740218,0.3695967155604617,0.5880810671818898,0.4211111334793662,0.16538292235018306,-0.2249982002961647,-0.1796517401299345,1.0879508756456193,0.2635159172978309,-0.7490577771212705,1.0110017546963537,0.5146794557955684,-0.21969936627368766,1.0082327080698896,-0.5905095138068855,-0.5509957922617171,-0.26630190589086716,0.7549115854369363,-0.45917688662966555,-0.9209298108862197,-0.2607379830262366,0.4489702733326953,-0.16686303078287046,0.8005917966413406,-0.28860954986216797,0.2870090656801387,-1.2642112219476134,-0.31860309371741236,0.2387919224271996,0.7062360979080872,1.0422540769300668,0.10360706792814432,0.32464681835122716,0.331034056588631,0.8623743732175551,-0.2927223445799366,0.14797853605558434,0.6477431094469407,0.33264920896341993,-0.7377268793301278
1,1,-0.13349921957120356,-1.3541308271631591,0.012005202751746475,0.33554684542258595,-0.5483189855631431,-0.3105219223324989,0.15749531996369098,-0.08641465411437789,-0.18709194990714484,2.108002373363298,-0.41112211081689753,-0.914853627310592,-0.7655483200533436,1.1194091286097978,-1.2805932905596666,0.7696229938110382,-0.4929881798360847,1.9296427979782953,-1.5438621159559636,1.6118860447820704,-0.09132744400469532,-0.7947837167105147,0.13113347115016782,0.5151778245638021,-0.5523943484669135,-1.0956038627634779,-0.5703267298858623,0.8974724215853181,-0.11740529534376769,-0.31449608073772195,0.1656944014546384,0.44623615192248905,-0.583337162454478,0.613171749064662,-1.2114440083764224,-1.4649537129704573,1.1859870097305287,-1.1204977102172344,-0.8515249720804791,0.12007749725635428,-1.3591115798762181,-1.24889177231022,-0.532318576523383,1.0972027395936017,-0.9106565018647224,0.9757919432894941,1.3803989863577453,1.734278930458283,0.6055685994135573,-0.5673010098623343,-0.48048549684655123,0.2551634502641795,-0.9868787504934721,0.13257488502660578,-0.3204989473164782,-0.7565015095251575,1.5434327800849796,-0.3675573831227935,-0.14592520968770722,2.1227717986253074
0,1,-1.390155980434979,0.763897982802309,-1.4345808610510182,-1.9600192797583738,-0.16855865616002558,2.149481382108206,0.6643881368300165,-0.6441193075720398,0.7517098843251524,0.2991666966374548,0.8121756576202475,0.31521759842064706,1.5418037136427019,-0.23581665969367,0.7364602675782063,1.024870329008668,-1.8224545526640974,0.614157987949403,0.5385286173178571,-0.5097376933709044,0.5197548380576562,0.4342915063459147,0.5081765442141408,0.19812323512426203,-0.35148163091328777,0.8662623301624413,0.8844069709643125,-1.4656652031196358,-0.7476506239504902,-1.181923088751134,0.6050593095136224,0.6162212134204844,-1.018900691442414,-0.39060410564966447,-1.749946045889512,0.1980086030325971,1.5228551104722494,0.5602580084510528,-0.5666565315265424,-0.6954988375766867,-1.475539593066892,-0.09753233368654926,0.6627075408015419,-0.9451490852135328,0.3681684216109811,-0.47214267085017514,0.47206666664175195,0.15595755113384974,-0.7804514990807231,1.5414841482316533,0.24915862024393667,0.6969380294538878,0.22685979536794298,-0.31860202646929264,1.2788918500256847,0.8855677600263676,2.322196447868259,0.23366345669639738,0.9947610036287856,-0.5002616087646321
0,1,-0.41174189520032606,-0.07225136063714038,-1.0850545732534225,-1.1308595487465347,0.6385781826497972,0.012405299075474453,-0.03872002830759628,-2.07889099628375,0.5907231552791216,0.9822673053135164,0.13168306013971892,-1.479499411811557,-0.27346919092210187,0.10814603543534089,-0.7609384477527074,-0.4301987796978857,1.4451464036302517,-0.25482510743038755,-0.26123641904712175,1.112620786043337,-0.15383735246438604,0.004069745091508627,0.3078233318922906,-0.15652962560013303,-1.1682671349554161,-0.3385592030695075,0.11996586634775841,0.8869116367574971,0.9496345057425266,0.11908317041668869,-0.6050628082954893,0.2894135798558914,-0.20720492778318061,-0.09414264756592532,1.4972797314530693,-0.36531167285269905,-0.5610208280959087,-0.75591307575694755,0.43208792133190815,-0.7324146113838458,-0.7038442143120106,-0.47833192479387526,0.43476586382663696,0.12175926563930799,0.3028099498501282,-0.6564849184179588,-0.20599914488936943,-0.051360101586401155,0.7712959390919344,0.4063779728903873,0.9018908236089944,-0.3096882303425194,0.08421700311285626,0.6460563719405255,-0.4950417406594017,0.06917302553785293,-0.40013888726026775,-0.02110002214089164,-0.6465940860044539,1.4117502167024878
0,1,0.06733967521479207,0.12643360837057324,-0.7414649683389473,0.4015203180148219,1.5928872576548307,-1.0457271525107437,1.0639141387070268,0.33674731334766045,-0.49097025178850967,-0.8515305982267126,0.6051446139359482,0.6640670526619451,-0.8062102967361376,-1.069051799290422,-1.1557222208614177,-0.9864897275735621,0.39369223906844963,-0.2667724281803008,1.0704916124946884,-0.06512068035987004,-0.34526641484001064,1.106753023961666,-1.770416117860837,0.7096954140071399,-1.4285067579248267,0.837175979620406,0.5383695405906169,1.21108709823409,-0.7109813066089866,-1.294097673167387,0.9293020045660297,-0.38622035282061956,-0.7643123382892751,0.9523150497721773,-1.5116119592990753,1.3143132117029486,1.2789391783555528,-1.1002102480482454,0.2927106501034849,-0.7773712180264668,-1.0130649370549143,-0.6780380300855551,7.18729165709565e-4,0.5690926154635961,0.6912954436504204,1.07040309955542,2.1598244536790983,2.0062934900073177,0.18793192862212962,0.9133485735532064,-0.46305062718935275,-1.2507514052461772,0.08764556780927996,0.2442783985339198,-0.9326395937909637,2.4922458463034114,1.1506423350339532,-0.13869139482065782,0.4679327414343131,0.423925618224281
1,1,-0.4093337582483642,-0.7063647156142406,0.3896529862233079,1.0423297338209276,-1.445956038667672,-0.32217784613833667,1.7291782580447326,-0.1588314146370721,-0.8320272520029989,0.7308032483089222,-0.24624227810363386,-0.41910151104472654,0.42647791669714874,-0.3830420714225307,0.9763544405483106,-0.03336299208187576,0.24299813643995583,-0.31651437142555,-0.015075153056915914,-0.8879034593445331,-1.1971494903947106,1.3417140887760233,-0.8227358554628889,1.1924798281712592,0.2099716870428149,-0.41426072645109974,-0.13465523514557473,0.32496237044326476,-0.8816646147956755,0.6049874059926597,-0.10940068312894073,1.590025983372914,-0.3747242571043404,0.257067418238008,0.1883003388801274,-0.22779438378670433,0.39394240302374844,-0.866143844049003,0.5804926708079137,0.33813586366639614,0.0715166280640307,0.08051660424448229,0.7294558808781398,2.9437963574964936,-0.2403910556033367,-0.6158110558628813,-1.055618747047501,-0.3078407842082287,0.3152866489567413,-0.20078589542237119,0.9928697145829067,-1.837054369808341,0.5719885543447433,-0.1862772588931903,-2.0018112323102777,0.05688258229821193,1.4348042800073002,0.03877200424030438,-3.054754603378854,0.3667764547723479
0,1,1.9195168893456989,0.6349287706022172,0.13685942802993561,-1.272801371327599,-1.6220141601678777,0.0874881321058623,0.2769928607853667,0.09706438646867858,-1.318175972275354,-1.3253288433638801,-0.540377642270043,-1.7165141707596565,-0.5208439684646009,-0.641312044604426,1.8466622859191038,0.2840234584084446,0.5713384083242077,-0.19243310990561172,0.3970564151918692,0.1530932515618765,-0.9991541444205609,0.36159055087654035,-0.4702855769829212,-0.5764105294223285,-0.11992557214688228,-0.8838992609126509,0.45828636731843936,-0.7516919352335717,0.5016921600706035,-0.5854991241423215,0.04195439870155401,-0.6851628597744909,-0.06498216482484787,-0.4153008693165785,0.3997597661109272,0.8667867243456981,0.14790811547646018,-0.6036454543825097,-0.5191355606499366,-0.6025779298583154,0.2062500324518776,-0.252297992044012,-0.5386171332172449,-0.3199500700105614,-0.22947020423975853,0.8388927638185227,0.4276399962326787,-0.025274425379941554,0.46287421910661763,0.37982372592000685,-0.03789171540255641,-0.10214509888812287,0.19926816097746466,0.2385275221600926,-0.31580244268739677,-1.0559144023432772,-0.7400096670792947,0.14200376367994014,-0.24464094451501125,-0.5302340866987506
1,1,0.12068970531052263,-1.5986820901788645,0.3013627555348771,0.5580424068359753,-0.31769415340783214,1.135656245072805,0.5769685569959593,0.7134122970440742,-0.7746554669726228,1.4219997960346917,0.1662764289308457,-0.25151464404037627,-0.5470193260834679,0.08756573496381674,-0.4443887419649979,1.5677207445454973,0.44910514070155755,-0.6506326443900002,1.7956171304874102,-0.8465209821926384,0.5219899947937282,1.0060912117622192,0.689096636793191,1.756488953664833,0.8543533846685571,-0.9501984604834429,0.19591260483902342,1.1804254238105145,0.6078770356388856,1.0116746215346353,-1.0068109929477906,0.4382716526270625,1.1975636925500095,0.398505493533633,-0.6411159456289028,0.3171509070715226,0.15277047651565173,0.4838908004300444,0.7256464947013509,0.15140298015296308,0.7899559968758879,0.09263385063954405,-1.2161467901411438,-1.0806916227771042,0.12459304643537981,1.1651286752387786,0.8659728081018256,-0.42315132869721384,0.5637905389481237,0.08464204453309085,1.4208387005310448,0.8672867990239673,-0.7958721622784334,0.3506540880686036,0.5607530552098572,-0.7191883262771323,0.08921227268126568,-0.3739540076404819,1.7308218051484325,0.39492777045959715
1,1,-0.6931504145075489,-1.394844840244072,-0.551946569239285,0.5561659929060965,-0.949550303344319,-0.5909521738409735,-1.0701995693910704,0.28238240230994816,-0.06822274400670876,-0.003732145705846156,0.09188991544505537,0.6393775956657103,0.6879535112026917,0.3769524343251399,-1.0503584514282969,-0.16031055261961005,-0.07737947385420198,0.14816493773776002,-2.5297817621162775,0.3640001038961612,-0.6687576264331874,0.7540186780105657,0.3799868575744869,-0.6706195236011196,-1.3619909957974692,0.0481559026904753,0.30978163273045767,-2.5057780702290047,-1.2164295376739678,-1.2924642483222337,-0.6881385066320741,-0.4650680134255466,-0.21308004882651638,-0.011570202109218643,1.1578218383529393,0.09022203709599694,-2.2163286126945283,-0.383396487313353,1.4617128900590297,-2.540526020898807,-1.0593808451862305,0.45070423946131566,0.7900493392907055,-2.009902195399791,1.3972339078475713,2.6919277087432723,-0.2611541613048123,0.4077875479192098,-1.0182163968788684,1.260914876024386,-0.9731732804870539,-0.7290129466079406,-0.4588709725287514,0.7021924580279462,0.08706659756996321,0.4284975368013847,1.8059102247966405,-0.8533162871427932,0.9858612697922097,2.7287515787939483
1,1,-0.7434756178726806,0.26967486932196555,-0.11370747470650891,1.580624560800849,0.12562932326016765,1.5262645876126055,-0.3482420770128804,0.666104656728312,-1.1032638365009524,1.9347710918550167,2.3691660919035233,1.0327325795627003,-0.22021837249208623,-1.284209097579626,3.124365115605133,0.1004630996107966,0.6683018230005237,1.4265961907910722,1.2352924935102627,-0.45158071559436375,-1.0743077724164447,-0.4760253298782839,1.58836695426777,0.10068795665037535,1.601602202171532,0.0609815896773451,0.1959675248677864,2.6613155600622536,1.9934609746141012,0.2143214184769463,-0.2094676052963158,-1.3998804239440243,1.2461675556360399,0.019949009768556732,-1.655845636259031,-0.701346250226178,-0.00999055652611395,-2.0488307788929925,2.10471523342217,2.3852482873044485,1.5993649867923125,0.41134850045259824,0.3194794799227828,-1.0072002786431313,0.0664384869445247,2.0835108031242515,0.1867262642848915,3.751781238087708,0.9204765900165992,1.4000107786128775,0.85692265093054,-1.6981854114844595,-0.7441674951776786,2.880721041407114,0.7601056651986401,-0.05974148396602974,-1.3894087200269458,0.8740616521409764,0.37226647722935563,-2.088640397359549
0,1,-1.4274621164253627,0.4626417775363252,-1.4264318997645344,-1.6917971005385388,-0.7522514352038125,-0.03434414838613396,0.840177437163351,-0.8187342604002202,1.1017140361450928,-0.3530691155202893,-1.1127383395732235,-0.9934405998208498,0.6684465880225173,0.7671803118571383,-0.8348401761210316,-1.5973510891696052,0.5445715123139886,0.6626257338228504,0.7489242224639351,-0.5690217070335225,0.155468595050748,-0.2703499316776573,2.2064859555413068,0.9072622501203259,-0.2837208835588138,-1.3233622238537934,-0.2934107296616361,0.7956883828560485,0.2712732312946703,0.39235018104720876,-0.9318204348360036,0.5497139339044366,0.24181325386443223,1.1087372011518537,0.5466233747413342,-1.212845759056283,-1.0099047485180312,0.6963075515060162,0.1758836492993336,-0.7909512180323495,1.128902538024041,1.7310968369569892,-0.21907688698887332,-1.5230998273225953,1.404034386279126,0.07147294120076794,1.063667813698264,0.028156779450567535,-1.4653001751501569,1.3157141073327066,0.7922823624318196,-0.4405497604038092,-0.1042522021939265,0.8794942750361844,0.49660233846635576,-0.4759571616093431,-0.6526580877850089,-0.5559793844333563,-0.09704644851834579,-0.7600142866075379
0,1,-0.1620220130394345,0.9119835233881722,-0.7377448222787082,0.9732861386431678,1.9645615011088535,0.7875139952846532,1.3803962118794297,1.5858239618740368,-0.03775080892719877,-0.21171101987270252,-0.5110229346606229,1.1089584793646179,0.8616208802594381,0.26618009357661515,1.3865405653094294,0.8187394910844102,0.005235170499995733,0.49818262423741233,-1.3586988212691067,1.190953595135501,1.3256979919311458,-0.3924099799485437,0.9027695100422882,0.1427623134920148,0.31221360559283906,-0.6690921105586332,-0.7751103244342592,0.0374473874038897,-0.08178583824146599,-1.2148011798182845,0.7872779981190975,1.30071374552404,-0.6113465685521842,-1.3035721307933625,0.8239112111236165,-0.6911947493607103,0.18334853297234574,0.1838707299284309,-0.3688739131316249,0.2826260062372831,-2.1604924125967475,-0.8412533783837448,0.7898337075784542,-0.1951630652375798,-1.3544079923594927,-0.8473146890839712,-0.018937388678110994,-1.1630515914070794,0.7161066832674172,0.08233631468486728,0.7148662869843025,0.2720381543344831,1.3850187073243552,-1.4483875737795338,-0.4689540736132293,1.5835634417234696,0.6491565583349377,-1.745007627692946,-0.31261088130466197,0.23943815223542317
0,1,-1.0278114477365583,0.6234661255544148,-1.460291389346677,-1.159798156332232,0.4873830860619934,1.1124864016425635,0.47870697771319654,-1.3074541850422707,0.8518975854152503,0.6374243796141226,-0.6508311396365344,0.7792107965631694,-0.30827061429728514,-0.27483172524574406,0.4945712174428417,0.46134812444736994,1.732176591100397,0.5756561548366897,-0.5016801236797317,0.6509358363092242,-0.01982400953714982,0.4140476789288233,-0.36948734431754343,-0.31978163966800327,-1.4557515407645825,-0.10793187657997855,-1.402265869948868,0.07467395212559824,-0.8853733979734589,-0.5650995768030277,0.4856108534827341,-0.34666726833869327,-0.6869016269250258,-0.8047926863956785,0.5538764371303652,-0.20389469519420997,1.872274258364869,0.009553630754468115,0.21624791989942038,-1.2294400183430718,0.8886897063343536,-0.2506576372933038,0.4855173010694988,-0.5962729660326438,-0.23979979164562917,-1.362879311262743,0.3348954518937664,-0.22508843477187412,1.383745206020955,-0.7240267267420091,0.24700456879801147,0.47748615682119,-0.17775264258488743,-1.3886024998864106,-0.5000952133308589,-0.5764357628070618,-0.10836783624283125,0.46891432630090873,0.8151686943442306,0.8821142264696767
0,1,0.5615292949960008,1.3748573885732664,0.016673298788452882,-0.15251701205191637,-0.7591665262438192,-0.6274290057867351,1.3238247547522324,-0.040687370369981005,-1.2644280308391995,-0.38636715153677365,0.9523208073035959,-0.20971644776875037,3.9856872159831096,-0.7710785890988332,-0.09787793989634345,-0.4679705678523388,-0.9652797683335187,0.18723859435941886,-0.32269274901935924,0.3277103246588192,-0.1617305918003538,-2.470548640866637,-1.1162412803807582,-1.763299383689055,-1.796096822722671,2.605617291239972,1.0876169367242987,2.2871451912070753,0.20940674629056216,2.7577650804985043,1.5469415235450956,0.17857427971032855,-0.20733211351951464,-0.06518590013925549,1.8820459965183096,-1.0056227530701736,-0.24704344481364224,0.8468327870773228,1.1899378645530982,-0.6211084374654983,1.379684654572252,-2.994170656096724,0.3057226627546282,0.12128339125569028,1.864234286205249,0.8660249309987128,-0.23670487428953313,1.7120543207762617,0.8729713873223169,1.1098289017652916,-0.845860481641186,-0.34516568985260104,-0.9528448305483209,0.49045052864310024,0.7075279457147511,-2.294703122828079,-1.4698245829500447,1.4729879091202889,0.6564537379429058,1.2019720036361714
0,1,-0.4527167513981295,0.8052381089185064,2.0935417326379806,-0.39634297469757684,0.6707843932872196,0.3920934819699558,-0.8659361825302647,0.5076533194868075,0.9203273312303372,0.40790619179288395,0.16826286177167896,0.24208536232758038,0.34324526004834033,0.8375610898852573,0.16532056379828963,0.39524732857347267,0.287529946077119,0.29634276326018705,0.07738861390410368,0.321231115824811,-1.2820123168023425,0.4694410000946314,0.09547823611033761,0.15324853139891725,-0.5185177975722204,-0.48298838233950314,-0.47809047553701134,0.6440172355020581,-0.6098710596913276,-0.6145663038420288,-0.1385248758412275,-0.7324438100030115,-0.08403768848581217,-0.4300897487435174,0.06519629074469203,0.2706247520640435,-0.18937725399893363,0.3257027763855081,-0.841798008466009,0.10977938987137165,-0.22381228362299962,0.4629671844231464,0.4382391435505677,0.690433503568121,-0.06265271331744526,1.7071046483822412,0.28232954354640916,-0.36512406557284405,-0.46588488092491015,-0.3992175924653136,0.7698709149353564,1.0672823665487658,1.042915112175874,0.9686673460624146,0.2059258232659053,-0.3797081248595733,-0.24211560985155262,-0.01011213341281613,0.45091751639302985,0.47967168698671186
0,1,2.112986008372466,0.1844685949455749,-0.12400113543284197,-0.5135760953753462,0.32144689582123326,0.5314278485036025,-0.4405511629928701,-0.5167543707820477,0.262891909246274,-0.23421563090802908,-0.04749843229784462,-0.9471988000637303,-0.5813540241499913,-0.031053531068148198,-0.05877320269982478,0.3625179675717071,1.0405208700155106,0.4268003333599911,0.40358081063713863,0.05266149314888966,0.12126258533001774,-0.572293093572746,-0.3924666433357169,-0.468474348441223,-0.22709548165345536,-0.0443773089887139,-0.7478059827956022,-0.6178668347570412,-0.2920755752212723,-0.26120270678989516,-0.5542060911193958,0.1735269368550446,0.5738049848791286,-0.09867866251232879,-0.27291287887337334,-0.46484364643312537,-0.012412348890571759,-0.2571545082112965,-0.3372431391800077,-0.9801125747278797,0.6121416071178556,-0.30157490777739776,0.07762968805692481,0.8043053135288617,0.47402134551925795,-0.5762582597354758,-0.7834170197564625,0.365724434670156,0.36414059780067604,2.1750340399667802,0.2269438905862555,-0.12213085503928538,0.1280604325183531,-0.6749638024068422,1.1863308126860859,-0.524916089756591,-0.4823754545072605,0.49786385157665386,1.3435090855374259,1.1513731397148574
1,1,-0.3599004245164166,0.23255115237638224,-0.22424149423620773,1.2999105399711384,-0.11246896986853969,-0.10334065267479603,-0.45633648996873427,-1.431058071861671,-0.24473916556054734,0.14085105031352788,0.30082648975657383,1.3774287266515575,-1.0497207811103009,-0.04819391751976342,2.049358190137637,-1.2371408422759909,-0.7416914332525819,1.581332432471734,0.9571988829275013,1.0864235063665935,1.70731200210979,1.0491414896259776,0.475303810052015,-1.3352159529744634,0.26933123216801047,1.9900270185909863,2.458512918840744,0.6605317002263966,2.0481599354103013,-1.2229850823610657,-0.28592341226020085,-0.41344881524341776,-0.5110553949592204,-0.34137940911671977,-0.22019724364207757,-0.7972811988956021,-0.40231136266419565,0.17095118556550254,-0.15531610614244504,-0.4471235671823022,0.10235087262817362,1.2499267333300228,1.2802564335776052,-0.7425430816859346,-1.693388985332086,0.6996923657502736,-1.124907419999558,-0.7216930217052571,-0.520352809396465,-1.250090999366465,-0.7906209082206093,-1.8901193168666146,2.9859455529937216,1.1092712351628782,-0.36553579945142484,0.381327759636353,-1.1537580148005668,0.4014991526503765,-0.9756981433971817,0.5127996904080045
1,1,0.6009503735270735,-1.078781326993222,0.43724102291933553,0.6803870892639975,-0.09307121166101666,0.44380675006268955,0.9206787815817054,-0.6651562257533278,0.24097061411859905,0.06262243137579568,0.39996343617852786,0.892555781833813,0.017222647839355083,-0.33177833142891366,-0.09293684142197384,0.518296155351977,-0.710623404879605,1.640815343113979,-0.3091860174613159,-0.647074267782194,0.872996093550409,-1.5887378662557072,0.4645398127423433,-0.3305413782556892,-0.2912481151368324,-0.6797436330913951,-0.5075080059713314,-1.1659988007762982,-0.8618545818648424,0.2482650912184597,0.33429105818670923,-2.5715116591124807,0.6411419455616787,-1.0505480748109277,-1.4976374100897851,0.4631147714267332,0.3268665728493191,-1.3954284408227657,1.0624148807266123,1.1749868218290265,0.44112276628943003,0.42170901239160125,0.4934145236895638,-1.8699060719181892,0.0304616837292353,-1.326760121400432,1.7810770601722794,0.11022971472704028,0.878079019447283,0.3816534450460408,0.023634409221790952,0.9339706034695628,-0.32124818587354903,-0.7070761568732827,0.4960295265138822,-0.7338897400701844,0.4833854073625079,-0.1423072385161734,-0.42139151623442006,1.3034645703174765
0,1,1.993147504314187,0.6122368221164711,-0.20251992898308302,-1.0250813870428688,-1.14770404805022,0.4653824059342515,0.07232079406537013,0.7169277839805525,-1.1278517026800212,-0.05945766467400882,-0.8256379194467631,-0.5115972861734792,0.34506622974067175,-0.492915293677719,1.5883254497037103,-0.6168839931556198,0.27328190508643446,-0.003918627527766511,0.42832655047481144,0.36776777433335006,-0.9179389056345202,0.30685427450736075,0.19780738306378212,0.5514343876084332,-0.4424980304239315,-0.20724146441461788,-0.47580405530138276,1.5251702779420333,-0.3767250636740662,-0.5018323083030408,-0.25242421965428663,-0.9953679440888415,0.8313657235752497,-0.5832770729941035,1.5420168368657183,0.4394521299804992,-0.22905814558723087,-0.33807612425019795,-0.0061743417739309765,0.697290265713526,-1.0273781666178132,-0.4010220919862983,-1.1384295657219092,0.15151179565519612,0.7457248414173206,1.1103268043641288,-0.4161291616752873,0.29949093870047633,-0.974385072150706,0.19667503577283518,-0.6054449050516322,0.4030689940614942,-0.27133697556892644,-0.8709983139424818,0.7094596110122863,0.36225206555625644,0.6715466100855392,-1.118144833754439,-0.40681372804663213,0.06789351656492162
1,1,0.27330264051096315,-0.8930589978385791,-0.643078691684621,0.5040841959954311,1.0877483497165759,-0.3510087779444367,-2.758021492922495,-1.190670239846646,0.20368315075527382,-0.24481413949887793,-1.0549689089627876,-0.6263449545170461,0.7399413698590579,-2.020943712430624,-0.3515534066917713,0.27433901297461855,0.0054713058772491415,0.15510597639452503,0.9968071118708192,1.193051870997578,0.09395910730862052,0.024202278640503803,0.0821540373940792,0.5068605045516514,1.2355819285255167,-0.6316982762950205,0.8101217592976148,-0.40963964752157417,0.48344727363799267,0.28913574189058866,-0.9387684655086268,-0.06348627591414498,-1.2568976338379165,-0.29837918926602447,0.7954118171149247,0.08741740371894888,-0.01763460331447964,-0.34633689118495914,0.3930917191646422,1.3049072871939165,-0.23878516092064966,-0.30686256375620863,-0.4785942378339134,0.48238291632443386,-0.3625102799941859,-0.9441127604911624,-0.8531880634412079,0.28945512019640673,0.02900559967325964,1.2664686694746934,0.5764345631154295,0.34059829480758463,0.9367854041139891,1.0713372619854709,1.061550361028859,-0.6046412738878476,2.2868265606124667,0.3687256529274864,-0.511541862077825,0.01804385007736343
0,1,-1.8460066502902817,0.6172630389252561,-1.648483057600283,-1.9777846480744108,-0.5533834800607914,1.4281174425662473,0.4667697604862557,-0.3628329041817864,0.7244491656855013,-0.09831550962303838,-0.15804234294514768,0.7301519075542403,0.13410712784771237,0.03205221730141088,1.655600144039569,0.3539397672045871,-1.4109726791688575,0.6195266950713203,0.7341654898447322,-0.18259891560602462,0.21855956886918726,0.5542228150863446,0.3829104367314535,0.6996630580250651,-0.05310140776085558,-0.3904995991741543,1.4631366766025664,-0.3869837722425932,-0.25192182112005435,0.5985073305681193,-0.17055258531802664,-0.7184830002706166,0.3493402477002716,0.4351591280683028,-1.4030777768432015,0.4446698470527586,2.010110967107715,1.719365880427403,0.9204220805653498,-8.33722911276782e-4,0.5424435255980601,-1.4890140505317806,1.0493284467789172,-0.428509180935276,-1.0157731875611586,-0.5553858906423854,1.0377305006166675,-1.7559215835875608,-0.3850879191726276,-0.8236698968449956,1.1626510673440804,0.6994426697798968,-0.8000423610843416,-1.2772029022181162,1.8557112262986841,-0.7019874638372102,1.1962836488251554,0.23350201580708377,1.4651103661609917,0.967703112773888
0,1,-0.5919926818906283,0.5970956345357712,1.9436396813656909,-0.7533399379735548,0.6087015248500607,-0.40900131831743775,0.1991787955455482,-0.04986405205274212,-0.44369267596299006,0.4717778868365902,0.16293406581449282,0.6581724503962524,0.5079316272877651,-0.22869774093421122,-0.08842823601165123,-0.42709519559940057,0.3935828233396958,0.2683234712491574,0.6439324269058614,0.17509294003303144,-0.16953072668650623,0.17523594380620405,0.3810314785748292,-0.012341487878947257,-0.3683209431956039,-0.3274088648046492,-0.12907465560390782,-0.07932466023633031,-0.3365531872160825,0.362347293383792,-0.21583946363871895,-0.2798938970606353,-1.6049291615155759,-0.033354167181572726,-0.22181869664059092,-0.06662332007135982,-0.2173824562621898,0.8716780799632544,-0.6540013152867299,0.4932076711095458,-0.7721409950143537,0.36531654230173133,-0.30431514232590645,-0.022654635023566166,0.2874716208819214,0.166376124404917,-0.0772497517805194,-0.2539633153373885,-0.11123667602934068,0.18367132653772916,0.3894600400707393,0.13916862677829628,0.08164181934235953,0.7391102068392872,-0.513491806000063,-0.14295766651941708,-0.47375543342915793,-0.0637548826001586,0.27581689709539264,0.060896501635712176
0,1,-0.3440887898277857,-0.511251920524765,-1.2192796770316168,-0.5211855519962916,0.809935855614641,-1.2676522878314873,0.14128502860633388,0.21692845045145953,-0.8692030662009643,-1.2525481056478147,2.183905588313917,1.597342213598486,-0.45773033754728704,-1.6413580890315957,-0.34342985781941543,-2.138393821360138,2.197051808313614,-0.9537321389068266,1.923182127701811,-0.212451125201531,-1.3430644064686998,1.6263071033019396,-1.5063456669949273,2.436376362553609,-1.2519264918029878,1.299171008212695,-0.4887656473635514,-0.5981847985898632,0.2830788890994012,0.04514766294094412,0.9639366325927557,-0.7507562039237012,2.9683438760603713,2.0931161760331967,-0.4055541846195862,1.0438545840537428,1.254366600835004,-0.47308921165018836,-0.3666644213571028,-1.4661789295740495,-3.477288818933105,-0.8570353938950872,1.2235299880478478,0.009463808555461114,-1.4220934282506061,-0.343265566848763,4.223841487506464,0.30945656533547694,0.5903332590334462,-0.7133994061162305,-0.261792964920265,0.2784105628903194,1.2303454834807201,0.11610447915434456,1.5549743450046418,1.0770101007165587,-1.4461233443551613,-0.9674293605427964,0.1942200482071995,0.09691605439901553
0,1,-0.8700449836823191,0.5249621279445482,2.2912011733454833,-1.2455014876739228,-0.1976564927896489,-0.977877080965174,0.33141935256986693,0.642840668953501,-0.2718807860692784,0.295775412426331,-0.38059605067104196,0.7146293237819152,0.0010786484703905464,-0.30923345139602404,0.11058925001935109,-0.1153693448337348,-0.08409719513910537,0.23361155496127914,0.3892701262209953,-0.3721270115945351,-0.37137389007037364,0.266367319679402,0.035352903217016,0.9994666616479896,-0.3120375788088,0.32344762498044083,0.39077115309029964,0.9362285272167733,0.41194769831588013,-0.1511937631146854,-0.7753044594986147,0.2913527149783244,-2.0923094378067084,-0.391525349833441,-1.1180237777722228,-0.3088363149587802,-0.022897908767479103,0.38167746777117467,-1.7239059852298542,1.5630125840022193,-0.6531641025526286,-1.622325903405622,0.15033912317736922,0.20359113274332497,0.42487294822482335,0.18052906958511958,0.5998111095382846,-1.4087966548387743,-0.9130119592698238,-0.29776065450088357,1.1727686617777988,1.1897469701513677,0.9749326064697943,0.6370436036675692,-0.1945426723494865,0.24188700182778164,-1.419840005140597,0.35608351630223056,1.1590632101622649,-1.3563918695998616
1,1,-1.1752916921479433,1.603948616865665,0.04054169025245746,2.565181430960572,-0.5295850404427219,0.25836943305711685,-0.08228828925787,-0.3979630829296174,0.09726963760385836,2.1171211489061394,-1.8427957423982626,-1.1633826927233242,0.09834204507939695,-0.9196365124250073,0.3569987219421726,-0.3622598019262678,-1.7434624677277604,-0.3042985977088373,-0.12047214261677759,-0.023025499947911175,-1.1368019987711846,0.38319747164155166,1.451678641786613,-0.40951827707877103,0.7371649326087162,0.30816181528295705,-0.04303384543915452,0.09950063258591647,-0.43634254369956105,0.19349871827161372,0.3156518327849894,0.97644913084946,1.4307917253596496,0.34137258647782387,-0.49826417032081943,0.9955547007548858,-0.05514269444641259,0.9375790908927144,-1.085171968735298,-0.9267649570983701,1.2294258350931735,-0.9261462545161423,-0.6894092758956761,0.021484513126198337,-0.9830192754487284,1.1203715887026733,1.1453076393279307,-0.6062430250630251,-0.05944210697963966,0.4913788089586234,-0.4538864535916545,-0.15650158470066824,-0.030858666193826104,0.40535741092575844,-1.090018453450544,-0.6754963561167576,0.8469189940909514,0.4852040797567664,1.002712151896378,0.30821467376012857
0,1,1.979699476045069,0.3680024903189169,-0.3956275723731072,-0.37381546447945774,-0.1593544893732708,0.20237887907785734,-0.39460360981479425,0.04444466363039501,0.07917844216409886,0.5427514531842861,0.37576665812031634,0.720578408263638,0.7155717481908395,1.0114314531802595,-0.8094331095218762,-0.7716927485836566,-0.20154713194978868,0.043348047491558225,0.6580123824661214,0.47113894279688084,0.26327854513131177,-0.22123809893596708,-0.03393946397635745,0.3086554998786505,-0.23322771932492042,0.41662894403932493,-0.08760499981458102,0.17042342470998406,-0.353474744502892,-1.8552777825965,0.10028456640072098,-0.21589907941950356,0.02294267558874318,0.6970913662005254,0.3405145062370345,-0.08340553668516343,-0.9764255676370395,-0.5022987950217612,0.23448758877133005,0.6989610342240358,-0.5563734862749832,0.05355253582737567,0.49353245395056417,-0.4361595282123706,0.05584414086230066,0.7746138248676413,-0.7217465330249097,-0.3418839703732513,0.7533801274822417,1.0343020724762544,0.34804477334985184,-0.026463684114164995,0.7480193612128554,-0.4145472501015218,-0.552150279639735,-0.7591323663719389,0.6468427972617585,-0.9539444217258711,-1.371361206027113,0.09671401959592868
0,1,-0.7619748153399752,-0.15377582360996103,1.823956622410668,-1.6054478124937415,-0.11695834421175152,0.07754553228788763,-1.0408892032567383,0.8548733807545768,-0.6234308041956905,-0.3151796330484934,1.1608336736527398,-1.014959042182281,-1.8976698188720105,2.1534068292624453,-1.0025964189741863,-1.2969332370809161,-0.43052658598086785,0.20574192509218653,-0.7311797973207143,-0.019048893573512242,2.1731500708266682,-0.7876079632377702,-0.8785677816399536,-1.379745718724208,0.651379307965075,0.2948204275649577,1.7645208247500537,-0.4841202639036421,0.9406096563953084,0.1415177977603023,1.914735546026201,1.4719859674681124,0.9444666117909252,0.010667887429913175,0.31112447417126726,-0.1885769212300171,-0.8237901572421857,-2.5491802919430167,1.029280691120479,-0.5660296114377487,0.05792675583820896,-0.910757409360805,-2.1225734818633653,0.04306343763769991,-0.0993237185567397,-0.7545438665735578,1.1676894301872496,1.3403681641983158,-0.09619359043832416,0.8517174097636474,0.02388934045462791,-1.8307005951357311,0.2947595678332412,-2.661521030507767,-0.9035943187972856,1.215412142999288,1.6474360108789412,-0.06883081310420427,-1.0316996998262686,-0.6445050697689971
1,1,-0.15397791663026078,-0.9877939133939583,-0.24617576052771847,0.5788900529352503,-0.17193754574784467,-0.2813286283847871,0.09918137114941711,-0.849859742481746,0.342531727299949,0.7645847700594092,0.1003517352074045,-0.286624938295057,-1.0603432022448562,-1.3745089417529326,0.8718055720660056,1.7420060883471877,0.3452256610205968,0.4401118969535599,1.6793656384673226,0.8440487068058967,0.6005047887686866,0.12432813035178666,-1.048678832671605,-0.5284769689788099,0.5989585230341605,-0.39608366323338434,0.5107982003592667,0.3315865956816353,-1.207978228075281,-0.38636684162396573,0.05612100471816053,0.6282392128159829,0.14932093877231967,-1.0141047143549826,0.4290189662030267,-0.5735759900851136,-0.9335717319108009,0.9984305096387469,0.37601106709568227,-0.8146434484451602,0.5929939748805345,0.16991817394539144,-0.6625017009880575,0.6457154212763154,0.3423267811648768,1.6955880041835323,-1.9794109891220448,0.11830102444991153,0.551953581752245,-0.7716963263379194,0.12628952202001834,-0.10401014125354167,-0.20457920097277682,-2.059560023515525,2.810675060816147,0.38498406820079045,0.2725931929654334,0.08603244034817539,-0.27042395328158675,-0.09483023961463917
0,1,-1.3683338027919014,0.2872758659566203,-1.7176368427082997,-2.065909870086148,-0.2644930406805754,1.695043691391818,0.2990198458842637,-0.4341422880247195,1.2486451618200158,0.9867652991282987,-1.9543562252783604,0.4640176045663937,-0.4406213433015912,-0.5862478628290873,0.35850534484576907,0.09035013231461202,-0.33348281948791925,0.4742327257903518,-1.2445442865305305,-1.6370274992165303,1.0539560851065053,0.5574927571700998,-0.9258154062755907,-1.1319832454198933,-0.14229618561720653,0.188372411684105,0.02092003269974288,-0.7462293302913826,-0.8348323044519005,-1.4815506976089832,0.7427731505845556,-0.336065611008543,-0.873109334294435,0.17807886396428485,-0.6988244713305443,-1.1575380446834411,-0.29012763449862417,-0.6464264732289741,0.1522127895775112,-0.6569288850261158,0.17679748020069397,1.074462059695552,-0.529101624999726,-0.1547500977499303,0.5207319724773877,-0.5597691507951178,1.5629800843947537,0.9944511493932422,0.657424112168758,-0.6269286867936061,1.1645414837858525,0.42435184339944926,-0.5982941193737643,-1.9238098412256648,-0.2794138030722229,1.7304359369438094,1.8164437194556091,-0.5766966550418937,1.6170192275403548,0.5994424626351803
0,1,1.7303720836596037,0.7317172428426194,-0.5442843923040286,-0.40468430331081434,-0.7834072196318685,0.2948244845285365,-0.2587838792973125,0.7290707325930814,0.1854508844989578,1.265283819864401,-0.4390934537623659,1.2168426347840557,0.05168073254680288,-0.4067352614671574,-0.42906393577696533,-0.02253090681399316,-0.2542285591839988,0.2620738527815632,0.46218162082151437,0.6186492379739169,1.4039621024093725,-0.5265746807967863,0.29029098386355495,-0.2679618468105354,-0.9264220339076891,0.9605784293989637,-0.19675535390364052,0.14549836653391535,0.035512775858760205,-0.9204312944383325,0.41045128662866276,0.3069822107529534,0.40212666797079744,0.3815100920622601,1.2261375555906726,-0.12642880534428877,-0.633680220961004,0.14168823340593623,-0.3596574625895065,0.2537935290029353,-1.5715422098972565,0.03414925825905642,0.5167043877838078,-0.6887198653932788,0.031082828896019724,-0.024165407199377206,-0.6879446124159164,-0.24278261088142,0.7460906496756586,-1.6246604752668732,0.6412038803147905,0.21831195270306297,-0.5177916038325359,-0.7924937999998066,-0.45616146293255816,-0.27273944647720294,0.06034257551931965,-0.2397691809142682,0.23676677447838174,-0.6053256792790119
0,1,1.5299053297839742,1.7580301003833347,-0.10411384804395424,0.305446981935265,-1.1881558846242213,1.0348481077268028,-1.1656452535524429,1.6667817857564708,1.560513342714203,-0.053491253245920384,-0.40322891044954257,0.5292383530036295,-0.20436371331645214,0.4061248054442652,0.7784078273482373,0.4501246011541731,-0.263143756687331,0.04866441812481208,0.6587076187537247,0.3405947789276484,0.2565838590758787,-0.42030460514404644,0.2419635920795121,0.5634615358660047,-1.1595483546213006,0.4921174547300448,0.29096416485875076,1.1274231566869346,0.3692016232139345,-0.46308661715441984,0.22205517879690176,0.15045774415707885,-1.3528404033450143,0.16153993063243802,0.08050422103529829,-0.05992431031929591,0.09709765491759345,0.6311273958028003,1.164153045460891,-0.8036649473760799,-1.6423557331536465,0.7065289086969564,-0.06888530965697859,-0.6525335551136634,0.46257373239737226,0.8964659165254126,-0.18244793529291073,0.3841652581637033,-0.16811864276093666,-0.46226080996754154,-0.10558986155649626,0.3695376816662942,0.40393154708150303,0.08342310685482235,-0.42330598096610117,-0.49545934077947257,-0.14101832121093358,-0.11792996103582244,-0.9392102834630207,-0.45362304062618936
0,1,-1.4418889955041985,0.29685222021497676,-1.5867532910823205,-2.3771876663396037,-0.23410597098039485,1.702197898560086,0.7760663260917824,-0.8868665140107013,-0.04442773251511795,0.5649621115067819,-0.0970312060170595,0.3026921501745522,1.213237550209495,0.18771955321575706,1.0742360796379007,1.6030475579671863,-2.122888091456259,0.665521284761758,0.6190978880389376,-0.04539416847831245,1.2739367661430028,0.5244709636484095,-0.4699457716916209,0.4207503199708071,-0.24522615998808836,1.0825670572578914,0.9814546818590639,-2.5877503244708486,-0.10583101596264677,-0.18286884962777042,0.4897953142094185,-0.8175981933124298,0.14597778655152308,1.2234318842409924,-1.3362882362389925,0.23816629268354372,1.1108066143643651,0.8711186635444028,0.4650184202792386,-0.6637610096301991,-0.6455516588597705,0.49836654717686685,-0.23238764154726663,0.760881273174181,0.030093055623071283,0.18666457793599014,-0.7601534240136144,2.183900163354607,-1.3195654394496148,0.12352954025412345,-0.2289666619111236,1.0702644689265994,0.46151347388484226,0.6290104744784415,0.20196157728034086,-0.2687036729815235,0.8044273863653526,0.25020883767077995,-0.2616180715234372,-0.04771094842335281
0,1,-1.3688486738525567,0.5971845728709793,-1.1562508161725744,-1.8900088158393469,-0.457668965845271,0.36863409625281757,0.9601964169946391,0.09589956888988545,1.7502055769528424,0.2823163245167679,-1.6911691920119094,-0.9840946744465603,0.7693809280090713,0.7232141333537315,0.06015920689850703,-0.6362998975410693,1.1367530734468767,-0.5115797436132845,0.4941581735509039,-0.26045797537012483,0.8050310453361954,1.2723971167188883,0.9010208721750491,1.4912182983048317,-0.20117266670309433,-0.5882183418284527,-0.7593701856354708,4.436993632188524,-2.4428967739495473,-0.4961164211519701,0.07035516522342175,-0.8326071365063542,-0.9241283985000768,-0.09969108699119963,-0.931098683911604,0.3401649180941685,1.2905472157397522,-1.5729750172507648,0.8010619505542206,0.7037959121049294,1.0922093698966142,0.43060917831850654,1.31571891400807,-0.23471746322224146,-0.20460157060470077,-1.290468118714106,0.4250346966563553,-0.1624408427799423,-0.9314102474272258,0.9684198334044897,-0.9902245600754784,-1.019822424988605,-1.2876973751201983,2.104046004562083,-0.3508068225336282,-0.5685751232191977,0.4406269234568667,-1.8157391053646348,-0.0980925107648698,-0.5038710690956574
0,1,-0.8334610782141627,1.1188790369964667,1.6693209264711522,0.062112813095372574,0.1014813169168513,-1.1059011423685055,-0.11568835583838484,-0.12145496965595663,0.3632423200347946,0.42868145421392356,0.13618034384591293,0.7853166061662047,-0.009127512502056831,-0.24551733212565224,0.7746520145000717,0.6313698974623219,0.1565233947075265,1.3778832714601503,-0.05098732973944467,0.21739836308632535,0.020253796455729726,0.9311084565901245,-0.4022063402888479,-0.9228150108922392,-1.5556160763638665,-0.03410957614785649,-0.9485477446490043,-0.3382475018330141,1.0851648036862673,0.13760082279165378,-1.3093347436036935,-2.470754081682811,-1.1064824327883656,0.8797312854096625,0.5507585276398693,0.3023537349413749,0.6097836287244324,-0.28662409440438497,-1.242851499588563,1.4066740181689306,1.0944538173065679,-0.26619128949561915,-0.23925687014821895,0.7508762726148961,0.3232318095421495,-0.4847794775733784,-0.19442497559582764,-0.7437376097746771,0.0010217246348401658,1.4651501950799715,0.19055516609191436,-2.0590165180739812,-0.5761208657729726,0.8072679729127951,1.4112454256323947,-1.2900278661556932,-1.097558768892685,0.9002957899869937,0.7154236413096992,1.1993776465808752
1,1,-0.3051837490390682,-1.7023793867508945,-0.018509571000876593,0.2605474763081962,-1.1192949184318062,-0.3543156697870816,-0.13478976542573792,1.0835645854678477,0.7444312307496996,0.5850951776224881,1.115314818639249,-0.2466936054130173,-0.2559714250980245,-0.15463686722172065,-0.8149629991247498,2.4413517960946227,0.6837239271228324,-0.6140192444488621,1.3886314115533238,0.985113970978396,0.5675382562607634,0.55042100195314,0.8483191338937045,0.4136388586002764,-0.018611941105497347,2.189787821050029,0.005102410198215717,-0.09010168521964902,-0.5515692111701337,-0.046651379097769556,-0.7506235081043168,1.318278015734139,0.021464561616625737,-0.39533821068466685,0.5020638190275053,0.36284378443951737,-0.758220034784362,0.05563678357381974,-1.586315230217385,-1.0264311022776136,-0.012636085407797771,0.7911879171562315,-0.04232969118944005,-1.74072615626215,1.3136857439537006,0.1510179978597014,1.323078109327419,-0.027744252545741286,0.7270162172836941,-0.7443502846022958,0.7744114407764745,0.30183883953894247,0.6938591349811349,-1.1749885587258686,-0.956896001838788,-0.21803039437298177,0.05594070737505019,1.0574714904206228,0.7055790565678552,0.23304987095369534
1,1,-1.3573790064088813,1.2684808705261603,0.3501803142727699,1.9205212505516605,-1.4055151902058798,-0.02006890462740231,1.4919289702842786,-0.6173486261805876,-1.5417331288232323,0.7367902119432919,-0.15057325952296305,0.6425620974049366,-0.47583366435933083,-0.603436855176721,0.3447579773683443,-0.34747556032914045,-0.270923347982079,0.8798987939705513,1.1535150169477206,-0.22728981866360135,1.7582661950160074,-0.531698564686326,0.08951835077091813,-1.4028866484886644,1.0003435680996375,0.19375610089410444,-0.6249862639828554,0.9578091291853691,-0.4094204814397807,-1.1610312539356702,-0.5040079137960802,-1.9076008316033368,0.53447590936182,-1.0376057165989117,-0.43930775451262843,1.4074492133404708,-0.6679812407222357,0.48520366544981625,1.620246857628165,0.0635414058674623,-1.6285845834970045,0.06848675017644594,0.6005671792555634,0.7748184317443056,-0.8842799229108208,-2.1607889756433485,1.9509374921524765,-1.3057406258036897,0.6312855448082649,-0.09404022674417792,0.6795590389467008,-0.6948543232141028,-0.4260602795274859,-0.3030538564431878,-0.05450716616416334,1.278570936529064,0.08565065237409843,-1.4720089315450613,0.3103726597916065,1.4018110328167184
0,1,-0.8663331472552426,0.3277790775355794,-0.4760268234035172,-1.7195751576515548,-0.4464482762069157,0.46528042912509016,-0.11216320851901605,-1.59430389053019,1.5184922127030795,-2.0226537051349873,1.6227292626407697,-0.6534744308734783,1.1539018854388534,-0.03966634765852403,0.9546636209753567,1.3930769014511757,-2.494118996646613,-0.8402661691891226,0.18081380217530602,-0.6469432798453189,-0.2618596779083259,0.7947688246011733,-1.0759230140679676,0.7120413163931155,-0.050580994485647734,0.577652893278283,0.5906753891551072,-0.7278630118849675,1.0274936673711668,0.11948415746223923,-0.2126317089837953,-2.075620038316758,0.6908066185787306,-0.05038370501362183,-0.09791570198419418,0.8033903592953866,-0.3764976637273367,0.8988485551617926,1.436237545447553,0.14173614109428911,0.9653231445507299,-0.011888453062784387,-0.4458810838578275,0.916126976064476,0.8798442793174714,0.5313555238945639,1.1267018454251512,-0.702111564768987,1.5762060567763316,0.918034838188005,-0.8089823892286611,-0.6217390557298668,-0.40878902872810713,-1.319011898152276,-0.3919842646815597,0.6150628283391757,-0.9479143519500052,1.452367775921083,-1.383267817708113,1.1270196413215858
0,1,1.745935212871671,0.6030256301193165,-0.5682285866054584,-1.100734545322739,-1.3795633617836633,-1.2201219318406014,0.9707452049335492,-0.02734626014173736,-1.5697864343891537,0.557007694418264,-0.8505800513687322,0.32413773877145863,1.4189412890829383,-1.3572077177540982,0.27977463556188714,-0.17024384742499846,-1.0231172026953348,-0.3391392737699897,-0.23740398080576888,0.6801780657316883,0.5441754735745578,-0.026097222117486166,-0.21243170409364248,-0.44257551217712565,-1.7251060689593627,1.5552886292934804,-0.9509663685325592,0.6229155456819436,0.22656223157502534,-0.9096959282041749,0.356440291499639,-0.395264497830613,0.4278176227358351,-0.33503231101264974,1.2756955986908751,0.3225748290787887,-0.12057981885296137,0.9170734713083549,1.4087074760389033,0.437125681568246,-1.608574985834207,-0.2641484000801268,0.18388397707717763,-0.1096216133998425,0.5861991604586102,0.23057645815572955,-0.6300293818654975,0.5475342979560457,-0.13552116249045543,0.40917998953393875,0.761626770079963,0.6258006564660904,-0.2975006220065774,0.47608677889142986,1.4980854805132722,-0.11363696136641434,1.3615964623138983,-0.33356632808769543,-1.3985388148932738,-0.33505068211327504
1,1,-1.1639238977809754,1.6814484068727713,-0.7328625073393148,1.6189746090663852,-0.10365036843189408,-0.6550659577874549,-1.7918097313489807,-0.7688499471640703,0.3361553809797445,-0.9959999063628073,2.9606083253780255,1.6032716988625904,0.001199617520898817,-3.383720064593795,0.12549659587705325,-0.2418675198192733,1.7470388586351944,-0.47774338972342933,-0.059509846385674886,1.3330959102770243,-2.508075702732418,0.46068754825204,-2.167351847561342,-2.091410262191561,1.1297172130929924,-1.1264216758558494,-1.0960267121020393,0.9074926653118327,2.721925421004768,0.008224777417278112,5.645395014084152,2.212096587430243,2.9121784809713556,-1.2466639552984837,-1.6604266107180483,-2.5396013789569793,-1.5923342349161982,0.5145195452819336,1.6821774775319764,1.7903939428368267,-2.9028287685632166,2.20870501648334,-0.08702880097914585,-2.0078286650491513,2.411377862483644,-0.05735136810299096,2.026227755410567,0.6548152040651577,-0.8365213380963418,-1.1351479957682753,5.015773914783308,-0.8676557570363408,-1.3520841799238112,0.3027364200734913,4.690512611560459,-1.3995573439291908,-2.4469996695895015,-3.801372365733733,-3.6404195015091254,0.6194734885169927
0,1,-0.2567133140401962,1.002639537843011,1.8950177433343482,-0.08480298093777752,0.913736510582039,0.041305804363741684,-0.3471306768645252,-0.39610523677551357,0.892938658137798,0.33821110853256203,0.22274997588872464,0.2418598518624872,0.11249526252604354,-0.15753451117601036,0.17311479997565735,0.4754124870514772,0.46282419244282086,-0.2685129642865957,0.579297517483321,-0.34652339975995755,-0.5547261841683623,0.037735848948315505,0.22076984720058332,0.27770631727845235,-0.4530867929869557,0.0574492556022855,-0.37731594860833784,-0.39177790343089247,-0.5111283246249448,0.12877755318687678,-0.28782009070306863,-0.29662792168003277,-0.6573872089283879,-0.06132272112034387,0.24149846594836877,-0.4087587318519703,-0.704437351544142,0.6353185473907472,-0.789257519513519,0.004196425323526072,-0.6319539878506559,0.4613611597579193,0.6473550403648599,-0.2164082199588939,-0.5056916507204996,0.5079381113730955,-0.31111400449115967,0.35243535438461365,-0.40706847893272813,-0.17336906119678439,0.20384592647125396,0.7846744530608714,-0.018078903264727178,0.5001185721971132,-0.407109703365634,-0.07718161813139617,-0.2995539924166917,-0.1303105763814348,-0.1591334644437869,0.4897257598136395
1,1,-1.161797587645003,-0.08747868892269078,-0.6801613174584712,0.6520700830288201,-0.19264812578658883,0.19400322071447335,-3.542272316870315,1.1061528334508515,-0.7443112412909471,-2.3909895391995484,-1.2022607973994708,0.17369269535307988,1.385631076817574,0.3595150940973414,-0.7410800394710094,1.2952263760041294,0.48522066565066524,2.1586462013694683,2.2942120801700563,0.40507044200518,-0.03440829462987054,-1.4519893727665152,1.3209499694408473,0.9782558591606527,-1.3147599185805185,-3.148484834579615,-1.6639845727819162,1.0030953320059972,0.4050408668689239,1.8458994752583167,0.6773497674576715,-1.5836095557065626,1.2796708378217787,1.5147234564058323,0.6353841521703788,-0.16773155884547666,-1.3964618260502952,1.1942312128495023,-0.3038590430925859,1.8443525274149764,-0.33791690792336815,-1.8087095582442538,-2.8086989863707994,1.5392216374097898,-1.6118203297276235,-1.3255923094902846,-0.7271076899814444,-0.05692879114410372,1.5752011938097967,0.11251819431861967,-0.16833573554930775,0.27392031769881187,-0.2638512681753924,-0.12406940326811867,-1.217922547103453,0.8283023074978362,-1.360001748997338,-0.015373831546601137,-1.0424614059705426,-0.9071227554107125
1,1,-0.6107061488425376,-1.1057161764856567,0.16210218749024316,0.3530488705968736,-1.795575584889621,-0.3242023625686162,-0.2679792051415495,0.7687600129663963,0.49616447735487157,0.32865618049058165,0.8288711048046913,-1.5627813893303784,-0.8130863975207081,0.6360601931123249,-1.1222435961290986,0.3404906275233237,0.15719309967032907,-0.6151861427787192,1.0457573516534056,1.326151277719664,-0.9564720400033411,-1.147097220041256,-2.4740136346877595,0.43030470404507365,-0.09990467477196907,-0.2754353819952772,2.773028594063038,1.1971644171938687,-0.48608673164428484,-0.30935881056053743,-0.6954119818424728,-1.6743595771401656,-0.07395710062068651,-0.41606731994963125,1.2561833748417948,1.0129754359548715,-1.766986820495043,-0.2943240450292647,-0.6777564156094386,-0.8060208857338962,0.3731848519132408,0.3634337700166274,-0.5973710518614044,-0.03729133993123105,0.20333243339985801,-0.2795965883693592,-0.2654269575617582,-1.5088084683579432,-0.6765857222224892,0.933585175361052,0.6463010982296254,-0.5233357503160523,-0.24398837842241383,0.32296905036181534,1.2934100050502662,1.7489920449987457,-1.0871182743283219,1.7239193345971993,2.2257872401178234,0.4083743361366536
1,1,0.20827785667261392,-1.8124407216703504,-0.2015567487152468,0.38972980089829723,-0.05153800672349902,0.19202510393112857,0.17062023979591884,-0.07556577320329566,-0.33263249426745606,0.5394916454302697,0.03637077203643999,0.14614873887450644,-0.17564272857253782,-0.2181788616426255,-0.6667610002227521,1.1505374559730999,0.13023399947691505,-0.39710342200123266,1.098419496011252,0.5283442182136446,0.6196424859232075,0.24205886175332872,0.1003066585623633,-1.069916448810124,-0.006660475928489649,0.722691658708222,-1.5708631703566964,-1.7568575419606134,-0.3590394670909444,-0.029299170340246518,-0.5382294480015428,1.5943193216820655,0.7996672595818332,-0.1015074022158098,0.15984119777953318,-1.2185225697096624,0.5913730181277496,0.497820473261764,-0.11166841154560439,-1.6968112196039853,1.2602842155794955,-1.0492342925332574,1.6068513230302213,0.6722205300501796,0.18375308262131015,0.7630070006339434,2.5179069474230538,-0.38105340226477485,0.4335877131212962,1.6482206056313158,0.5211007910442482,0.5554078223044373,0.4263919811983925,0.7875941860780026,0.6290088338186858,1.108889263372256,-0.6326944217861145,0.828234439160705,0.17917035336369902,0.5489149772974018
0,1,0.8718563804044769,-0.009933773670677798,0.09362567408343443,0.25864178869894167,2.0518635764589224,0.8973769534789711,1.2198895950923232,0.709734205741241,0.0767952578762528,-1.0876389481681021,-0.7173835660708057,-1.7018764024505924,-0.37708134814022987,-0.3905596764654361,-1.919757079223633,0.7754706334343268,-0.29651501986971207,0.8386205680301526,0.256756974389818,0.737317785534541,0.4115941671753125,-0.514897447200795,-0.6173336237994198,0.8515636235098943,1.5102644427877892,-0.201245337326462,1.0480131527698646,0.284714541384437,0.46781001349242757,-1.692758993864112,-0.015951779318985504,-0.355984290834029,-0.2872644884998975,1.7018647020527742,0.8351103975512331,-0.8891247601129766,-0.9341995517851649,-1.1437715263528676,-1.1933290284155018,0.3039828744238197,-0.21897944428112331,0.6278947672469585,1.6597460832260003,0.016519347975034467,0.20322967998325725,0.21308957890329394,1.2019655239687048,-0.01899300328377313,-1.6142781354989637,-1.3351972319152878,0.5653936316779484,0.4970289341698122,1.120066821570318,-0.3050316107647046,-1.2152013920923417,0.5439684069136413,-0.42403812833188254,0.21334329900614687,-0.32054860754752834,-0.5276294165556034
0,1,-0.04046700011888873,-0.31278110808355924,-0.841801303221984,0.2708709243621284,1.6454968865434674,-0.7699879670381288,0.8110024345480724,0.5364490911889719,-1.2715883602855365,-0.486280615396336,0.02278508429849515,-0.1756053781110835,0.18973817163106388,1.3621566912337888,1.7590810443222245,0.4956463643804684,-0.15251705743976438,-0.5615368416261228,0.19483318124811977,0.12510080066030263,0.031768592743282476,1.280495513330131,-0.6681835779307571,0.5412346163620809,0.47179190561157647,0.19533080245211154,0.41931701437706875,1.664594362153386,1.5450596710738034,0.42374412928101385,-0.20026059751400146,0.4591695295410079,1.5072834715250387,-1.0214991611912596,0.8265571251923076,-0.15528141015664157,-0.1866664430780484,0.3435339646657747,-1.5318276409414047,-1.5000144845654229,0.35872733757583813,0.20920103754461986,-0.03729401143272272,-0.8373477190424499,0.9027950139851812,0.5462802542610622,-0.2820231750233642,-0.5282974777151677,0.8643146890190434,-0.2897611040222869,0.6222472413299023,-1.1074016212233964,0.027674749153451954,0.6552916303313795,1.1586740355360843,0.21693060171503828,-1.1384551768657938,-0.419662587166886,-0.34700067722444405,1.3819530313874946
0,1,3.0761239554433257,-2.40531038986831,-0.86374778898204,-2.853740990426421,-2.038905474596177,-3.1262183146698725,-0.575257078303037,2.4705605310604892,4.453087424690892,-1.2835877903782091,-1.5775414886912718,0.7578364228291252,-2.06912255310522,-1.9829869770718076,1.1627880265035972,3.1703771244837853,0.1394944258439674,-1.997040484557785,-1.3222138477704215,-1.766076259990185,0.872631359524915,-0.40425497120330334,0.8723759936021522,-0.916575292843172,-0.7338820935398418,0.9896245440918601,-3.0531903418271176,0.3310077884588814,1.290680091442872,0.058263133838479954,0.6351314838416936,1.2180952948787986,-0.3391860433080224,0.571112001571843,-0.48915510758615965,3.1312929053682987,1.3311906705881973,-0.45136720782469447,2.0771090460016683,0.09692599735113154,-0.8991337817189966,-0.6721127737830649,-0.9560768360230363,2.474262595404494,-3.057684727840746,0.31218444639177967,-1.1345979458409932,0.8048353720207891,-1.6061480485729809,-2.869967785513921,1.6989359920333942,0.7960878156828568,0.6494742741149098,-0.09568126011182745,-0.6724889543482202,0.7856379645319574,-3.8113974921381777,-0.13945016093363102,2.6674559629441275,0.4267596960409636
0,1,0.3684648867177726,0.41215296014304376,-0.5632203416006737,0.12250690451954006,1.2866666596204022,-1.1482898385256421,1.789991321835759,0.127777316193243,-0.03032676804436223,-0.6956098970708847,-1.553023261404197,-0.5992199871212697,0.6243694821739373,-0.09419299383984732,-0.736791055510094,-0.016424765587488264,-0.6866366789929518,0.5444334476279608,-2.544863995026737,1.4393952968400596,1.0122610929206401,-0.055576472825432245,-0.9741317384016186,0.5701763328720644,3.240142442200726,-1.5549504503426799,0.6090576888385244,-0.713249971198649,2.2396021228744933,0.4480933189342881,0.5814997704602757,-0.1365839570344114,-2.001693360461077,-1.2848048342292318,1.3227793739624578,0.11373563459750466,-0.43006765577688766,-1.1161904269689449,-0.8688781082980068,0.49465139373729516,-0.7062434082995567,-0.6537004267225667,-0.3706257586192507,-0.3994512000175736,-1.1044737041508021,-1.946772087861981,-0.7109148084426902,1.0520691841314338,-1.025802781176794,-0.602794386754286,0.8613834224333079,-0.1302679490599862,0.20723843181925256,-0.10976853949006297,-0.03629997520559571,-0.822732876378995,0.2434830761378757,-0.7097495409993697,2.8773927331615075,-0.05578381040994564
1,1,0.08822233647042776,-0.8083493669625438,-1.1963141251947034,0.44554595675496617,1.026019075396982,-0.6230737628049478,-1.5990527138245523,-0.8414882986408933,-1.1730782611145016,1.6344306379151101,-1.9441258647144122,1.1247537960831107,0.6014653197712859,-2.0096424146881477,-0.6785842100120734,1.4042707204958564,-0.6717884287558286,0.7773751757209884,0.6762505246542794,-0.3359497695129395,-0.45699146989146067,0.8878948498002145,-0.6301290805029021,-0.14768855165578496,0.45099492727565443,-1.3175032835763623,0.5181503402802258,-0.07152636719284568,-0.6243361594741318,-0.38818007542217686,-0.3061875841592696,-0.7654742311986514,-0.7598035209169434,0.1795571705801057,-1.464478821591577,1.1980047454461071,-0.4043460478566606,-0.9464938546776291,-0.4791981711666926,-0.6434032299770773,0.23476625873003712,0.06675393190341758,-1.4816734495006492,0.631980252274879,0.7544043766846893,-1.3855899889799406,0.42039516681256117,-0.013453306814641507,0.17990202738138025,0.08758381157443826,-0.8442605915858661,0.021767354882686826,-0.6966947930399743,-1.2041988888389925,0.28319394252412017,0.6900553262495466,1.120220284131796,0.08013357602048991,-0.2757825341152225,-1.1903602487687794
0,1,1.8329675834277273,0.5513882446522034,-0.54352824384068,-0.5816856667174792,-0.7898187979952359,-0.36978759833882513,0.163648289062509,0.21482184986220865,-0.561317368728158,0.9403366186229677,0.5062977102387417,1.147048003506945,1.7362368505355572,0.15674371957029873,-1.1030285721872892,-0.7941485684916282,-1.371325156163839,-1.6509100842378117,-0.23118408532338838,0.7585308347082544,-0.06712011199680164,1.3050933567922556,1.4081261748424263,-0.6730790269791731,0.9693973110198724,0.08986587785300407,-0.2578366013317056,-0.2746496593297326,-0.7803815396482777,-1.163687368015057,0.09276508444105831,0.5593788604422733,-1.0425036230872047,-0.05167526108670675,-0.09738210351271938,-0.3038171412273337,1.5930312016308081,-0.47437673798953955,-0.18803195009303092,-0.26033396217524774,-0.502327890720442,-0.578140273502106,0.18577045113282203,-0.06917269817384587,0.03098622144063114,0.31878431153441744,-0.17824759154522543,0.09071117480799595,0.5075323323100497,-0.13458097649113132,1.4859746563961322,-0.2272539161875329,0.27472754350660267,-0.6523037085500087,0.8609423834452492,-0.11404641290043423,-0.16369521439480791,0.32673981781721356,-0.2585909347132217,-0.07221586438071179
0,1,-1.6344762036229892,0.3486278521598469,-1.4575898662796956,-1.9029842558967083,-0.7808087180233675,1.5601712303264237,-0.8026171230928628,0.7312329393648374,1.5108744333190702,0.9743367801772478,0.5688061328723897,-0.40743796582823505,1.2432346161388217,-0.13272569879555748,0.8209550141687204,0.5371456106253077,-2.6639692398251062,0.5077889698856526,-0.2107541696800747,-0.15898655125380826,-1.3889219382392608,1.0263720065850195,-1.0138784049955614,0.085059009370392,1.276092004575865,-0.006287568555068006,1.2585714650051019,-1.6286459969797953,0.28803712781446816,1.6713333434017705,-2.695109259971858,-1.5998442552166334,0.21879950705361828,2.230259732244431,-1.5152912369395497,3.282516653429589,-2.456962178749576,-1.8663334379251433,-2.0745975723242216,-0.38157795085734814,-0.3154517931732374,-1.3061666490217378,-1.2119851283177214,0.3878087092317006,-1.338853025963826,-0.04003589787438154,-1.7314113109183376,1.1499703750706487,-1.8277253518608836,-0.5708561934356955,-1.9758061801853937,1.3898252758829057,-2.078079322682141,0.04379363165510072,1.002732826083695,-0.08427884557642201,0.06640868530604481,0.8968543208651559,1.44587983614822,0.830545735836608
0,1,-0.15413241881040282,-1.0917755000051235,0.9394771992690757,-1.6022472198686097,0.2248057619006931,-0.9668931137191963,-0.8909818188777139,0.024726087873827584,-0.08005389451251443,-0.726059069011168,0.09450607673077586,-0.2766577744113764,-1.6229474121827472,1.971465447623237,-0.657073076367797,-0.08332869088881487,-1.0813250172195426,1.5054320656119682,-0.6666186538856411,1.9657463094115342,0.23342232021361564,0.015822448133441216,-0.16014688058982748,0.35448506338221325,-0.9797768814799495,0.22202251550703492,-0.7325144230198399,0.8209585647653826,0.713860955935737,-0.16369003747673785,0.5146710383721305,1.300570186969567,1.4420697759529928,1.5421906979643665,0.9801678517445741,1.2919000300692733,1.013016376613401,-1.3508397598577484,0.45698166110465704,0.10745226328004476,0.8458595082491834,0.5627589899837935,-0.566218893725918,0.2006058132055469,0.20772970071021082,-0.37570376621332596,-1.029444346677061,0.514099690833367,0.7299698051656928,-0.8534366158901535,-1.0211622724462943,-0.6376006352756051,0.7442841072740366,-0.36936945430662294,0.10281735270063434,-1.1697049323786144,-0.2557901889357838,0.56926393883188,-0.8586884696650201,0.831986407750523
1,1,-0.6342143849262126,-1.080967021759919,0.1034333777939296,0.6872905581391542,-0.7433269172060479,0.6221835513202284,-0.041197002472508105,0.44883973336252964,-0.8740902908513368,1.3141901031364667,2.1753671455290533,-0.7686807878939226,-1.2768103162603748,-0.19490206282692488,0.49395710883172583,1.7619309633409803,0.11322556484332488,0.60099958342962,1.1389956747000447,0.6303475392117913,-1.0986708218998655,-0.7474083846187017,1.222294481931948,0.08167264898013035,0.5203034582040043,-0.504714629647506,0.46658315479563695,1.4485450376446858,0.2945672178812981,-0.4992558525546946,-0.577457445687041,0.8442681809641565,-0.5295221340314676,-0.23971191739344602,0.5914928960763757,-0.15864735236832386,-0.14884354646057973,0.154320452018452,0.8521655092791712,-0.09398831009418819,1.329676417325492,0.47355243736332847,-0.6263557904670646,-0.3048418904350727,-0.49841075583688715,0.10567424551293661,-1.263966067795564,0.7245176939100932,-0.26036651784800136,-0.25311111171041456,-0.14603600441668876,-0.31731642063737714,0.30917304320291455,-0.5343111047588017,0.8002196285411033,0.2856893112933218,-0.7383162348769974,0.6031029325290649,0.609763867840557,-1.2390946477343276
0,1,-0.4054893826325252,0.35778247668060237,-1.1826000824924514,0.31881532949640234,1.0275231138936114,-1.584290140048675,1.0167437464336502,0.9519387499592307,-0.6225268465224393,1.124363438760809,0.6826879826344143,-1.967504302177466,0.979666191141883,-0.6793437115009434,-0.06990483327710773,-0.9576023098266676,-0.7051925503974814,0.6135709855154893,1.3605403480940121,-1.0922714745269964,-0.7453705503056444,1.2634334396643978,0.9519287299497246,1.0564541387340438,0.7856157654812937,-0.9512456683306248,-1.5029464221397313,0.5589531075607632,0.11372836011539925,1.2385673206990242,0.30143132742079665,0.260226480217283,1.4276387416113139,0.14600298450005325,0.6796999192612668,0.27971490051143094,-0.6559154542042557,-0.5468441426044391,-2.670733637807987,-0.20814457544850273,0.8946392169346061,1.289863168477846,-0.36041050580706563,-1.671512293327773,0.6382880964817725,-1.0493076768901703,1.2382184391422884,-0.8197364823735414,-1.5530313101384607,1.167831340697908,-0.9610845281265398,0.15671292754950641,1.2424896994661794,-0.7394612406163685,0.3796793179723368,-1.338256638744568,0.29165471546644095,-0.653477716302642,-0.7078701244319532,-0.3317372659282804
0,1,-0.20327633806024453,0.11835463676002742,1.8539968604359416,-0.8354813609519296,1.1290870854820014,0.3487474307249788,-0.4142473955665327,0.2431535012862484,0.26015865205961614,0.6341458647917887,-0.34160166127759334,0.35009760678485696,-0.06339588964401677,-0.07128671766565872,-0.04701690195182371,-0.37174817820407946,0.7106217642376594,-0.4401966863261564,0.8752463499035019,-0.43557356360743726,0.056633744667187076,-1.0762095476491151,0.12021734734240702,-0.011420264425945851,0.8674659193690178,-0.07900456476142813,-0.11061629523116628,-0.7132983105867297,-1.0343939787055807,0.5247608788740245,1.0175673875245195,0.43640288802030164,0.30611775857975687,-0.3203800564769455,0.32208821472712124,-0.038684912854776196,0.22316145283560482,0.7054222602997121,-0.43015264730815184,-0.06101090113624128,0.3004911623769779,0.019463816536074534,0.3180473714435552,-0.13038185721560394,0.03992084339670387,-0.1801637097614375,0.6146487015863388,0.8286247047472041,-0.06736859063736095,0.4537853212920392,0.694829377259354,0.032878206690005504,-0.378586981110277,0.09363822699716214,0.11861363749419607,0.22877492719001627,0.6271065713053108,-0.13195792496805636,0.021064541791741536,0.853347494454778
1,1,-0.7195140284641856,0.2860278077661106,0.7377305348297419,1.5935673286170604,-1.0144153423514426,1.3635151947760287,-0.48120112272160576,-0.06088039403113508,0.856016559608177,-1.1258182177790026,-0.05037592213872621,-0.7150973796701692,1.0956089712921024,1.4711134612444572,-0.9678406474531288,-0.5118583700847968,-0.6051368913401352,-0.24619629037290036,1.4457654163827804,-0.4540587651033504,-0.20776815850283517,-0.02399454625709442,0.24760705896192903,-1.059060454047825,-0.3954223447919625,1.5988069331845904,-0.7096404696013987,-0.05647617656613817,-0.3266538657363981,-0.06825676754241676,-0.10433012538035863,-0.4337362840544004,0.1743480294128316,-1.3029841992004079,1.2287720988197193,0.19507545758149136,0.8955342063233942,-0.5272595580698747,-0.6001295171481607,-0.011499196629533512,-0.739635853002223,0.3515328010212112,0.7184829863671478,-0.8507086773434427,-1.9238882949862013,0.3682579101463309,1.1117896169096062,1.1453161090685924,0.5723038727379368,-0.773694946551489,0.9193120528733663,0.03855985378348182,0.07198820465214237,0.22617074682700833,-1.9508624933831342,-0.27640695501921375,-0.7138715066797467,-0.11294146946320427,1.4026647094086915,-0.7375284809792781
1,1,-1.5472709482287794,1.4393259564271206,-0.2652284830465127,1.294771073510592,-1.0120447225943188,0.01934040637698465,-3.5302131397837635,1.3663548847647726,-1.0364710702486932,-2.604395259269414,-2.9504466764066075,0.9725505716124627,0.9460963873243574,-0.9215904691478177,-1.4503132684763194,1.6005251605846114,-1.1896221864736551,-2.509491375571819,-1.304664861689711,-2.031247913246967,0.6729402338688958,1.017090893673901,1.1563398256631987,-1.034989287856212,0.3079339353196094,1.3556495344486488,-0.017054580658699137,1.142413703359541,-0.8055294453339666,-1.290752931978873,2.2565635509118316,1.9453097308846017,-0.3684651683644381,-0.2422201995424124,0.8886543169235603,-1.4597295119713014,0.9992973532774341,-3.975830583552563,-0.9513102466941331,-1.8429106701722677,-0.4086803848833156,2.179851006635253,-3.9946901749195542,-0.7534436341946783,-1.765210467410277,-1.6830980487324418,1.1888462393006523,1.8277932430142527,-3.152266801414935,0.368015532872655,-0.9455039088772045,2.3934140420804995,-0.08900547107980589,-0.501365389424997,-0.2945134355841404,0.17876736088927123,-1.9503285457788673,0.6702068401486162,-2.797650544141075,1.1312996598975047
1,1,0.07666460448627124,-1.4915523085023121,0.8339832391922606,0.29180909777784975,-0.4094196698637101,0.664867756478866,0.5858343337615906,-0.30616635602889414,0.17137276300642337,-1.2929113062257473,-0.8396771432078115,0.04461821382385744,1.2459616843265011,0.17202085373208947,-0.15413281519124905,-1.577610441526078,0.5946950286569328,-0.031285595867233194,-0.42898493924266956,-0.24877112462279646,0.3108043944519838,0.4866632161070635,0.5407342778249181,1.1355172334630583,-0.03868911211158875,-0.060065441694841064,-0.04583975440232858,0.12099996985529875,-0.09548096952319615,1.0864100004906696,0.6011757855841982,0.2589955306315501,-0.040833863266392094,0.1018130961926802,-0.5328256769935147,0.020013817008947655,0.3005854786625468,0.4761507292013557,-1.3980433564873846,0.16859636253357785,0.019975555359841243,0.4751745522398953,0.5210757222572986,-0.5553568459395898,0.31563380724141377,-0.26513028495843166,-1.1068880335493014,0.4753333475161021,0.7943668666005306,-0.2566088616219841,-0.41016563880220763,0.8059250949330202,-0.04230227200295387,-0.11391629669654021,0.5925258080622688,-1.2238430107889713,0.299129240786253,0.708797337055594,0.115958804492216,-0.7912255551074993
0,1,-0.41185989394400124,0.671342862436585,-0.5016818098223325,0.15979031713723646,1.1535085058328858,-0.33752427608059965,1.6745567425544514,1.1074202484240043,-0.404951339680249,-1.9876895935818157,-1.4062469432752887,-0.6477408034852441,-1.3277679129578417,-0.5273781870694687,-2.078304727972359,0.16828725623478277,1.1462704473342429,0.27757911185326756,1.2277261614587405,0.8170801551327803,0.7778236352893501,0.05868384245530029,-0.9321411298061335,-1.3892221053267935,0.6769067822117154,0.22683821159801856,1.5924773424096492,-0.13417555237041082,1.4378708979358203,0.07849035466102203,0.5623583050848744,-1.93085269514833,0.7335378790202884,-0.4704808112688282,0.9117821711768656,-0.8448242830324677,0.21119954427728468,1.2214270651576424,-0.11258003091766006,-0.27898378198616613,-0.9128423542745124,0.7309224272706787,2.112606433384308,0.07456364578807417,2.3664870784170056,-0.45590793575618066,1.7800603924234988,-1.699956014198932,-0.3552132963897318,0.27909014645879915,0.3737987508145775,-0.2787566962690138,-1.0754663142167071,-0.27883719788249656,-0.009789390986939024,0.5057077499062631,-0.7291972281103897,1.7340551621373819,-0.001093686239539973,0.19267458179358293
1,1,0.11255474930445233,-1.3845999286418142,0.40933079747828377,0.9284892268712759,-0.8617501632984907,0.7521207380291511,1.1513443670654364,0.2727386400970367,-0.09483882252656022,0.5210422856087005,-0.10876774970101848,-0.20083692150248425,0.2979076819289483,0.43571571273445237,-0.3153968879198673,-0.17779573826127187,0.7772791173988541,-0.890598972154087,0.043035013547840666,0.046047526201583054,-0.1913754368850438,-0.3266633813595129,-0.6250102212719313,1.4155938452253527,-0.668737745088285,0.056908610406155184,-0.08369702176561365,-0.6244435678505165,1.2720350130544995,1.1185351455826915,0.33888545756479665,0.22589989819898867,0.014189993753411284,0.36809775382803034,0.06993986737469605,-0.24585121875783142,-0.029428426508230406,-0.4778073819116334,-1.086761852117854,-0.002814412874778318,0.41751032420597317,0.7665708062419162,0.2520892895741069,0.5812615931500806,1.1819108908475202,0.5009088305455469,-0.5040643494978138,0.0380386427196325,-0.20521016666164787,0.32408271098383545,0.18975227283225973,-0.8779622144284738,1.1092172059794005,-0.13929562767865167,0.43061750908576585,0.45347603833554256,1.0326800278328272,-0.7030303158534432,0.8301579261513523,0.4081652557303958
1,1,-1.226093851349607,0.09513929711120214,-0.768112000379498,0.5755966632482372,-0.3816176157347109,-0.9682810748020967,-2.6730006454077992,0.4805601263329929,-2.4085116863086258,-1.53266508794584,-0.6230153276252082,0.9395923017104135,2.019107502796632,0.2622694166228064,-0.47097327906668657,3.3909255404406085,1.67008174267131,1.7173324387995133,1.1226886586093376,0.7647379172762309,-1.3257839334604666,-1.284530268471541,0.6394234325192566,-0.4927627024236463,-1.3810959023264244,-3.716061745055177,-0.009949127975301009,0.7804255055791606,-1.590192848931711,2.618866008084711,1.9294230652736681,0.6492485717876999,-0.4500074850202882,0.05908762986775315,-3.4549286854165437,-0.8578289726406335,-0.548626490152287,-1.648082759707465,-0.6624991068174376,-1.1087610889381931,2.183063948172987,-0.27411331580418485,0.2429837956583269,1.0345647631050134,-1.2012170316813882,-0.8033318097971448,-1.3293966295559971,-2.0104783100455115,-2.043268394359134,-3.917029746636484,-3.0715651898152703,-2.980531954412393,-1.9567133345584429,0.023780180365790875,-0.14028767463486147,-0.14074277473945979,-0.5672146450156255,1.5790177998352473,0.3777128219672857,-0.4355909181279312
0,1,-0.19986741801556335,0.8438788173903867,1.195084371592163,0.14369392273988466,0.6668400323252882,-1.0304646485288653,-0.4438428246159752,-0.717235511433561,1.5547783029033566,1.44582864352321,-0.46213842982385783,0.08039868833391518,-0.685539767088459,-0.6820046795669624,0.29043004359944835,0.7322279215354338,-0.05347078192629579,-0.3668590891807086,0.390118246633823,-0.4320066412667452,0.13154492427092046,0.0951947911164864,-0.2925042987022899,-0.22323046425620013,-0.9072398396639558,0.19861779974329571,-0.23804302584684167,0.1942322009113699,0.07861223298607704,-0.9543504624347325,-0.6170913675026869,-1.1098782601443735,-0.1438834323334218,-0.2343865778477989,1.427586681036728,0.42329060794631646,0.442504428655014,-0.2330889508443396,-0.42467772911104185,-0.11836285201211579,0.37330884650816715,1.0735519406525318,0.5468681827509921,-0.2934127637229504,0.18237766424158247,0.7746305564460966,-0.8398308442239755,-0.10823635660456335,-0.002311775856783532,0.038170233505814506,-0.35990715980469573,-0.3596960793493902,-0.12916281574768815,-0.8197313297712524,1.0070446920839056,0.4665895238612983,-0.5971515331151549,0.3485898845545703,-0.20237901362283917,1.5202081769175637
1,1,-0.5783386221144842,-0.4671076786457618,0.041727440373805026,0.5283824754427143,-0.8759318243424794,-0.7071976083492179,-0.541230954281974,0.056177142203698405,0.26553662358255936,-0.7924651122448473,0.1158745924236999,2.178212624028445,0.07412809175208296,0.06510253519029495,0.39128809063332387,-0.1521045380746621,0.35499535729109144,2.1982793152734166,-2.0054358705916426,2.7635219195675216,0.5812368840834207,0.003562728881227088,2.5144950298611426,2.2440464723895768,0.9017550749779962,1.876441218593116,1.5444789010515034,-1.738243156778518,-1.2989779153850025,0.8179526225283427,-0.5435512204101101,-2.997127470569247,0.14978916216843846,-1.9103289986341625,-2.5458014120348995,0.34964676298238656,-2.010693562582433,-2.6931924156001883,-0.6802326908554147,-0.5155660609415588,0.06041758813937453,-0.13752975014554253,0.026915378112523158,-3.9872212319381375,-0.07418829019097056,2.1990260963599915,-0.5778998049722044,0.43293154347015583,-0.5058154984111789,0.014461334654842261,-1.0299405229293432,-1.1931750679959099,1.0478171215448886,-1.333067234658698,-1.76084790552524,0.3258241351692641,-2.3731070148533338,1.9356599982267384,1.690301896555902,2.1901678165365213
0,1,-0.46664651327015916,0.2730740818230716,2.1175229943716043,-0.9796063897159104,0.5929195428174805,-0.687671377682228,0.11481830036604282,-0.22217370636832512,-0.22969300550092892,0.3433898496702445,0.24056194094101588,0.5566994774969829,0.5791069258346768,-0.3087444936059045,0.3215830110166236,0.1825950025637017,0.40044420775187245,0.2630148785647556,0.33224939636041895,-0.4143773618418147,-0.6441089940893052,0.3445957184168277,-0.16970941167730966,-0.3223074354093002,-0.20827398523380128,-0.44151968960317584,-0.28627691936180505,0.07547529594242704,-1.1328678887922272,-0.3438037485112369,-0.49357304808024344,-1.198377347671914,-1.4228525825844671,0.14337340333158055,-0.045199207311519475,-0.41877257146084584,0.11703671489529634,1.2519659541675474,-1.5712500251362707,0.8633767133551776,-0.7418126112722353,0.39543417233322387,0.9487414242645619,0.3705608513241204,0.07086358561048871,0.4195612913455293,-0.3072853801243564,0.12912023085234545,-0.31248798640962855,-0.41784554086181197,0.8133857102444308,0.7375987196532319,0.47174444577667496,0.3158166900451454,0.20492549118285258,-0.39962454029589517,-0.48755005873718826,0.45515882811954983,-0.10887310450313105,0.5749609799645223
0,1,-0.8570097637280483,0.1352475132885602,-1.291161591338103,-1.9943571866326217,0.3373093425140965,1.4902637631104738,0.9312072061948551,-0.9886486269070085,0.6160979533367865,0.7387532835457367,-0.3411198980627676,-0.21889923931507468,0.7738739770192289,-0.3883412235590563,0.6601396059088438,0.6413623531065537,-0.4650154248918735,0.819172224353138,0.5165986103717546,0.39908006441311855,-0.2349152137112749,0.26002354557095253,0.5424111058446794,0.9015748174660915,0.1910341896539184,-0.9836582102551289,0.09143161944208808,0.1768997845350204,-0.34776249930937064,1.0106700985787938,0.7153411340624629,0.45355280532321673,-0.029597702696296725,0.65900575952112594,-0.5677152905560983,-0.1104356657522893,0.40527520119685123,-0.2517584293498728,-0.767209218383006,-0.2523379991560636,0.3934253743715786,-0.06538756942305944,-0.013432782247679225,0.16588384400182205,0.0654759429767588,-0.39687238284951826,0.6785132904051185,0.143799338279144,-1.2540570294178965,0.7389925066931281,-0.06595180960086174,0.3993759574775866,-0.17828259677981526,0.739794010760959,0.5333474270292653,0.5675548491987874,1.2527858080024412,-0.8292959781594661,1.2627593441983391,0.2756964830955513
1,1,0.1463187331677347,-1.5798778162496478,-0.03938672124853197,0.5891090457527394,-0.1196575476068918,0.5530111753440186,0.8499646938562755,-0.11651943894121652,-0.8969268478465772,1.3164399960013435,1.9766419904717494,0.29486150924513155,0.16418838467162572,0.03020334531353305,-0.39344648088717,0.5944547424177741,-0.06443435264199127,-1.2970692290455093,0.6558295115872541,-1.5099114798364581,0.4113943081847285,-2.23199487513239,1.3030197184426087,-0.9254378744278573,-0.2254655185399528,-1.6068240463147898,0.153305353814648,0.24076903998523946,1.5791021684998023,0.9932567189242554,0.6577575535814634,-1.231659412356685,0.8103200615313523,-0.09396252160203823,-0.17003905995068724,-0.2054816266791811,-0.25730413560265897,1.1605129452636402,-1.2509186100930174,-0.3321596751517392,0.8379517050238598,0.24406677779728633,-0.5935921391946566,0.45037463146915346,0.19478860376192206,0.10669519645300067,0.07271162771105268,0.5428515326531282,0.1760544489078122,-0.25008578119497626,-0.6292445387195452,-0.46274856092489053,0.145958747789677,0.3974378487790457,1.616582885071367,-0.27648152818500665,0.06416215721370949,1.5860926389829146,-0.22748660867925732,-1.7175763201198089
0,1,-0.6615433291459928,-0.757872913865532,-1.0176053998027808,-0.3836000505559674,0.7356102241267609,-0.48612854459392313,-0.45192505495046936,2.1242075076273275,-0.5146511748909027,0.4765126092925681,-0.1987884209032996,-1.4515039467266375,-1.910821193360457,-0.5034389355228097,0.5314213817195603,-0.9735245466264271,-1.657548173183915,-0.3540161952767898,-1.8392985962549135,-0.505750996907115,-1.7457330562300926,1.5091096822352683,1.2967043662372444,-0.5924659194348613,-0.8004204013050069,1.684692944139322,-1.2677671262231123,-0.6673632447345662,-2.135447142117848,0.23200478552293327,0.3360872190342923,-0.8685572672746141,0.273059512207157,1.3531083167773135,0.12111289246710011,-0.2061599258137253,1.239091900450147,-0.09165664566563055,0.20055252642664262,2.480214750234526,0.8905313985728147,1.397558210718856,-0.891002175233313,-1.5117519602704872,0.8158306434146426,0.8405119657539974,-2.9676569822495926,0.8171992194739441,3.38364435057655,-1.247310827494409,0.017391959500272683,-1.4733734183135625,-0.4646170209790559,1.1661650985644558,1.4160841984069161,0.5302977764801837,-2.4225509254311426,-1.404779558154688,-0.671858379514714,-0.5031889808806704
1,1,-1.24667261225151,-1.0855958665625245,-0.34710256879887946,-0.1830150955119027,-1.5360426834256427,-0.6370796564543921,0.3839058521838535,0.5257546072059124,-2.3380109250417522,1.1696126186482967,0.2173754104681171,-0.15076326501730794,-2.06739546158497,-0.2779598703714742,0.0481485317169686,-0.4787404302321401,0.17673504782479338,-0.6550914694269973,0.7135128894436925,1.1308159152819948,1.749616001771235,0.3849535843165231,-0.9284810099643395,-0.22131875403012802,-0.10047622994910575,0.7188797529526277,-0.9923100372381117,2.0804221096879982,0.8283064573478026,-1.6954760947743055,-0.21838922019870274,0.13771865774847403,0.5402591590127753,-0.31128326063909756,-0.1956977533115111,-1.24807718549772,-2.4477823217136825,0.5561431103840756,0.5157636404447359,0.9447894634974314,-1.612564078430192,2.005410791787154,-0.1782126908302427,0.01604888430975267,-0.5195952668057177,-1.4215858978478015,0.8501521662017376,0.2419031987947591,1.8849896384865856,-0.7557971539455536,-0.8370885571728979,-0.47849143393392557,-1.065941003435431,1.5488536282510386,-0.833905608052986,0.6291221755402241,-1.2506875902268528,-0.08843999718104492,0.23061863391372306,-0.08771608477131136
1,1,-0.782264199066475,-1.130635641518373,-1.421475142391668,-0.2769360979418582,-0.015404694134639046,-1.4196217520583674,-2.3154408045501427,0.04137854799945484,-2.4633261283793355,-0.21145762226160586,-1.3634348874707107,0.2427335551118176,0.8104430554278632,0.6898819298595116,-1.858112708452669,1.9806932018358665,1.1560457253798162,1.6527302581411392,0.4078925029457636,1.6562176041053294,0.058646367441597944,0.04458844284014019,0.8184514047586615,0.5164580528013732,-2.2453168984080416,-0.962329653766102,-1.3085484144102086,-2.449004941710926,0.6759987005764223,-0.24017660194539664,1.701710285801128,0.41825301906345497,1.1966632955198433,-0.23534085994517648,-1.1957940808529286,-0.14167443100218516,-1.4772633602360108,0.3495546730714684,1.2546481803435006,-1.0959554706180654,0.9746842949330475,-0.4222377263651718,-1.4401607981165532,-3.1100867753326775,1.331607298077763,1.6740586205907937,-3.0191748871388597,-0.45971087135453204,-1.5197090684085404,-0.4836031321047599,-0.2603140501219003,2.407305482278987,1.4777467460081064,1.0890582224770857,-1.3976264993910823,0.6950170047495985,0.09593363366489865,-2.0987923179437655,0.6551290972543369,1.1445352507735196
0,1,0.19894818430600278,0.24460388902146582,-0.9932604646736173,0.8181567387522197,1.845743373691669,-0.5090876650418829,0.3598418745981606,0.1888420366080986,0.8021085790728751,0.6461238292823237,0.057953962280858265,0.15129170539718445,1.4903419214869422,0.16617632268968383,-0.14917891721989293,-0.4195156619965836,1.5948960813163982,-0.3490987407153565,0.44440275588260686,1.532377079763697,-1.4836479116433436,-1.117821630161899,0.17586139057026398,-1.839210737039828,0.08728728522506803,-1.4885761034995975,-0.21939860700197888,-0.3428993283730857,-0.30119819744232246,-0.8150139510047812,0.10100497078231442,-0.14085005679049076,0.4190582587342401,0.3019348615001797,0.07003582290920991,0.34684073037892527,-1.9050226911725492,-0.5558526845000141,-0.3786231342276678,-0.40526437630928003,0.2199231639739701,0.5116464986095255,-0.787602979002402,0.030397928450247125,0.7865709502340261,-0.4329916744916011,-0.5468569707000426,-0.1073317952216573,-0.1435124870058588,0.9771893740286121,-0.667692601921637,0.6446419651757571,1.0879035854329961,-1.5370432474979532,-0.5976993481087175,0.7414101104584406,-0.3774402797282339,-0.29444539458081415,0.0075715167158544846,-0.8574387363649209
1,1,-0.24943762836490363,-0.9644084968867719,-0.0674250042104053,1.0219786481413657,-1.0442091699717109,-0.1586694458346089,0.3312644218305642,-0.641580538204557,-0.017520959628954617,-0.03848658042621727,0.7297073053451577,-0.22832965083007858,0.2229644257210883,1.6514436143612874,-0.18125677455881498,0.2107692888633675,-0.6861356706801439,0.229398660400289,-1.5812452868733193,-0.31702033169276467,-2.2235671141815185,-1.4485649813977288,0.9949074449587705,-0.5324107005400951,-1.70260331440981,-0.3187223349711083,-0.11414714800382465,0.7800208543036306,-0.7031542626812738,-1.4727917800415935,-0.9306249627092356,-1.0431076321807615,-0.501371667408205,-0.7567049322430546,0.24422908683359487,1.9878485805635844,0.8928476992553113,0.3282753463292141,0.38954704557765824,-0.16154904475931942,-0.4353297749868585,0.9692624932563219,0.6387610309864588,-1.035354296397154,1.5669724650117502,-0.27572699967925746,-0.22226745955715563,-0.9520418859070283,-1.8700820071631972,0.2590939675543533,-0.9601875923116433,0.41454517219339015,-0.7085559692566582,0.3689786497540999,-0.5657775181459551,0.8711899926241734,0.835447755141222,0.9161035933323597,-0.6752615043387357,0.5166872943744659
1,1,0.165842882949933,-0.441578318466385,8.184572715619947e-4,1.150035049457336,-0.4299316447780497,-0.3336500735822386,-0.16415262216596305,-1.275839373332889,0.795793441789845,-0.5292483304066407,1.5261875292099845,1.8173450401250093,-0.774060632810412,0.37392738970266876,0.12987262339231848,-0.9963452793006068,-0.15853079218331054,0.8857633083147596,-0.710898266510496,0.6974879982024512,-0.62237841390989,-1.3875951901782637,0.26258741632932553,0.5023427838722668,-0.44936026176242577,-0.4720259848158753,1.0896602934497621,-0.39369169693906864,0.1076960741948123,-0.3720653512782437,0.031909096260619586,-1.1708822452044747,-0.8354755781571129,-0.6833248292906513,0.6298673290073985,0.31318715351278736,-1.698274218124244,-1.4480278035074257,-0.7723435613974935,1.2556895098246827,-0.7866644773567585,0.6058994542881649,-0.7490641075048419,-1.0784880228911708,-0.052844289800444144,1.0163688161212987,0.3520445482921829,-1.2127544572367304,-0.2365305201545556,-1.3093900994248446,-0.010312954309400409,-0.6883023134296071,0.9817358881133279,0.1923440132017254,0.6326868955117173,0.21084592325914367,-0.9128965464216985,-0.03691442557010026,0.07039353979318813,-0.7256202497529282
1,1,0.5531562772319046,-2.3855421273471125,0.583712740311265,0.13391711719676588,-0.5671438802268672,0.3056672560769946,0.37033334236058607,0.01444985772212173,1.4879581589362145,-0.9211957710021207,-0.4197295118071392,0.347637258318336,0.46644966270228766,-0.01930683535017478,-0.38397589930743137,-1.2226925036510565,0.07994311854029906,-0.07986949122028392,-0.3268232960180799,-0.5844954104601342,0.48183581192994523,0.29989716137126243,-0.3220118977918866,-0.21901206769786846,0.19624310162397712,0.7940599415470743,-0.8770110595237057,1.2348215339219835,0.5809722455214295,-1.0110006170994776,1.4018178973266053,-0.13705187669261318,-0.3014665899879362,0.7025149936813738,0.3512907622971387,0.37441018368248097,0.20713561717283083,-0.30165590505345435,-1.6457947610418329,0.4491675914741695,0.57360097214221,0.2791668700793247,-0.5130049533732209,0.9254866758845622,1.0247891646433245,-0.394696501682806,-0.6725968140296434,-0.6917862714063004,0.6492292959759918,-0.7723262548680958,0.09758528554246763,-0.2588027301940108,1.5123869244403445,1.06181138483659,-0.21044740543976975,-0.402374668698454,1.2265054156026869,0.9029175392271724,0.04468446881001744,0.5615375249935569
0,1,1.5013402135934422,1.2073245759739895,-0.16640876464112553,-0.30657649668378756,-1.0556770123729207,-0.17940213510440203,-0.13239691937330797,-0.20926945780673684,-0.7424356179968261,-0.6823294890449654,0.9560572944415777,-0.8986527876022159,0.0995305701936614,-1.1854332688591664,0.8091140423191361,-0.590202217607053,0.8387758632350095,0.8025736306969786,0.07952486272098515,0.7056040562966263,-0.4968617021093112,0.6596344768692785,-1.0457418063523178,-0.9226636418710399,-0.4960093693026106,-0.6672713857047246,0.008692620857463687,-0.549437541458892,0.5992275906771357,0.11650617754194302,-0.07147218221823923,-0.23945203786286814,-0.8197358786898994,-0.9027816306253302,0.710448801231189,0.06927961824226629,0.2982466884485487,0.37208092265070153,0.8279672284983197,-0.610973667004828,-0.7833114406975383,-0.4491874890159762,-0.8953257693592168,-0.059772225373703566,0.43168137070826956,0.257092199038412,-0.01869895082693309,0.42429318957773654,-0.48370902355149376,0.4089491653628735,1.3834430133903013,-0.2848101129610611,0.40417924648596676,0.4839648955764237,-0.08968410938216874,-0.3675420789615637,-0.28725020219609276,0.046078988037006066,-0.7497410805418114,0.5502344323184282
0,1,0.0839046070073886,0.065911812824167,-0.32364849032998694,-0.2979830267563553,1.4143886172740625,-0.0567498248858803,1.17206223099059,0.9951485504232764,0.38427156336536167,-1.2116477776390198,-0.6517563063499011,-1.1941646218040398,1.1041100987206054,1.0642618518569424,-0.7136375369593555,0.57131785842614,1.3258539268263507,-0.17869675993668804,-0.35180756355522647,0.9511628204038874,-0.37989575907698614,-0.42202488168377983,0.3830340190507574,-0.402069356411126,1.6939295697313663,-0.956651185294315,1.2903861147685238,0.5054353200690239,1.0311418132312953,0.1906039513930704,-1.6720670810031302,0.028454143107734385,0.4432854178660129,-0.9168084719793288,0.6560423545754573,-0.49101460392401736,-0.77279936440256225,-1.0438439414522767,0.2788887984506566,-0.23906486005503452,-0.9606095217942294,0.6782241377439701,1.6436021841840074,1.1293934792619968,0.7625066803254081,1.24564314639509,0.5143339606350158,-0.5502624652746831,0.3396057463369811,0.9723098529516608,0.2857523085639317,-0.043130076196544756,-0.6725449389972739,-0.8855305734623212,-1.491405371798458,-0.8891653058775829,-0.11476555851762729,0.486759620123859,-0.7446840615580176,0.22758073962426462
0,1,-0.0086473088760917,-0.6727963609935426,1.9842043849794024,-1.5545150677182067,0.75326449791776,-0.5154817453353417,-0.010368989993783601,0.2181890049513992,0.5694938449737169,-0.33438767152607785,-0.22862002816663596,0.29637143598015464,1.467015617557751,-0.915171461350538,0.5842990093593533,0.3146509260469953,0.4860435450830776,-1.3347019098963782,0.5357982017900409,-0.7057004043716085,-0.9314494604866422,-0.3574089398273616,-0.2940867896416761,1.0155419218548782,1.6244902504426313,-0.3758702253757602,-0.5041500420079308,0.3903388886473266,-1.0553169005556444,-0.3774627969259373,0.8109694167022161,-0.851314878805446,0.16611255344844383,-0.38580783849832717,0.42561343020882475,-0.0879976929136334,-0.15994795805330364,1.2131494142133064,0.4092906164674569,-0.6265742828437191,-0.3237311497609251,1.243277737750917,1.0868605317447237,-0.5850076379870431,-0.9584147631059652,0.0817356581880905,-0.5483804419778069,0.5961022151376726,-0.07555832098777668,-1.1413831302391575,-0.017667226321090038,1.1568739062956692,-0.5393509621824771,1.3810436373284178,0.535864185790537,0.05488107390265657,0.5263462125169688,0.5376141032268829,-0.4025565073011014,1.0835541149224508
1,1,-0.2878611021343557,-0.8209947122554224,0.16298062845606937,0.6360327512101319,-0.6421393612482539,-0.24591459073062807,0.6550874114623516,-0.2623038222444725,-0.3763045741095784,0.28562333147310587,2.1596266234467034,-0.6060197262284401,0.3691543956097225,0.4289048421107813,-0.5876500947221956,2.050038018391071,0.7681834945234426,0.0991131315699774,1.2794842190882667,1.4016740102553056,-0.7581394529189298,0.04881240345790429,1.0197235969901004,-1.3885103285943554,-0.5209266862211008,-0.12476273515300222,-0.042684006966536125,0.3140245931832647,-0.34271372897343855,-0.8608174966176204,0.6084363843834664,1.2098763450316676,0.14574187218854304,0.04718235780971036,-0.2884282968583928,1.011584233669116,1.3932244926306492,0.3550521017903577,-0.4206754209123841,-0.24397844703575547,0.015299547184841727,0.28830191872928723,-0.7295379865331099,-1.1694283478881975,1.1605798817861566,-0.3034128662165604,-0.42628930530761305,0.220953902701899,0.6662996211005521,-0.3944648495261728,0.10053691442415001,-0.5549265170175977,0.16605107072687555,1.4197343827492983,0.3589697560479773,0.6575769382334281,-0.03224451020618345,0.5778062633580834,0.19498182816986456,-0.9162909450174006
0,1,-0.29645120404583364,0.3858153829526968,1.7114980455012905,-0.5813880528728554,0.9760461985905738,0.19302466142848576,0.012977015627033218,-0.09144038812265891,-0.1261995218781801,0.9140085394817191,-0.2505054893514228,0.9641259578784026,0.3200834455465032,0.0800290530161598,0.08861215442229589,0.14400217891197883,0.8986027833597628,1.0915160383211056,0.7560794948644664,-0.10432920088947681,-0.49251092886869524,-0.19086323296438407,0.37653762075562086,0.040378070579273645,0.06851421786293443,-0.21247387874659712,-0.42560936132332267,-0.8432260794207496,-0.30021275388949425,0.17369275007299756,-0.20622741680934065,0.13577736765187684,-1.3312028268192193,-0.20973574829888397,-0.1641887199435419,-1.0775164918471252,-0.7138930082457905,0.5957338644800181,-0.9068218397505359,0.26862396186141196,-0.3149293224498735,-0.32834072135873593,0.040430102961906605,0.3546702601753327,0.5666619250339674,0.24955792903497076,0.15940831334659647,-0.03952211509826437,0.5726725190692585,-0.10504996368260372,1.3927075583484607,0.34125192337246724,0.7703459926184681,-0.271682448608419,-0.4772135575195105,-0.5588873873231291,-1.0057237234962924,0.09819980585182284,0.07004661706643904,0.9695530852802576
0,1,1.4001620492199578,1.732116645967579,-0.06921828177476218,0.3073633565823031,-0.6659721312383344,1.6592201846211472,-0.9911004640556142,1.23049945084836,0.018089771094749685,-0.5089646246524575,0.6020916446955843,1.9909144157836662,0.16686582896694047,1.4513565436509825,-2.053973291981926,-0.030988690675171016,-0.9122689231820549,-0.4234454181769278,0.20423772544617835,1.9416249450432432,0.038145171691197514,0.13980456637994082,-0.4298358495538398,0.9428842359467641,0.3896673464432391,0.22106940414366913,-0.4202088656841847,0.5356030195614341,-1.023361093992349,-0.906327916329845,0.6180549145971497,0.19811421664023277,-1.6989306155547494,-0.04866007261022799,-1.086846766378554,-1.2496479852421523,0.24307083735269766,1.2708349936816132,0.05410983539856824,0.738503388308452,-0.3206972531172686,0.11624759870723513,0.5097115348610164,-1.1588405331562937,-1.6973015388587012,0.8895964498750144,-0.28889707118148794,0.6718883731339127,1.7134150369166623,0.6999686211452469,0.4113669162465849,-1.5289829306156988,-0.7123591063180986,-2.299031488267163,0.8954574447732947,-0.1697384119890794,2.497662097812253,0.6810103267457606,-1.4439158868384196,-1.3772852913903701
1,1,-0.7979940307616492,0.7139381891048232,0.3209752960025211,1.8756493266376784,-1.3092071118569375,-0.045676817993033,-0.34062523081079416,-0.13414328506125595,0.6373200450585148,0.27599316860777195,1.54536690792958,0.0490454913816298,0.377659934597696,-1.8073650473075489,0.5631111440668984,2.7037327400829514,0.5533714664411119,-2.29274669019144,1.3425243316868787,2.5293672548007207,1.5686893721846429,1.4357228671966318,1.0352581071057938,-0.4577737890124419,0.5607028778899983,-0.13221283249907576,0.417082082593974,-1.1496222144154848,0.46143049707207756,1.833536098448983,-0.7177637188024819,-0.8531807843095662,-1.1532870545092897,-1.801677087577865,0.9819165635093691,0.5665361259282085,0.48694288200195773,-0.05883054705707811,0.10947697540355707,-1.7097956623720827,-0.2729666689921526,-0.20004178123297897,-0.7054077637900016,0.14928194056196178,0.5164525790464295,-0.17768821245630576,0.6297151945477141,-0.5925593126724501,-0.25897401202453596,-0.03237669131286679,0.48587017079967865,0.03803732598186808,-0.7046159017732185,-0.9485396092381541,-0.18416321047084935,-2.3053619521516886,-0.9877150302116104,1.7497773983828222,-2.1735513244744813,-1.088787891383237
0,1,1.9783884005816927,0.7528050949057344,-0.08071211279673993,-0.8858942487176372,-1.3550980953308147,-0.2603018548825529,0.5061404545230385,-0.49454999906206354,-1.7575300707785217,-0.6597114597098871,-0.4078381874382161,-1.2052428598736644,-0.34333207088381057,-0.19188471383525496,1.6967204620116438,0.02491252828521266,-0.0531766232563015,-0.1695080794219686,0.1390930872458287,0.03184140218593538,-1.3775979616863119,0.9399461931728518,0.38109989514430037,0.07446240858986806,0.02566524023295257,-0.971550392732532,0.43589445635241914,0.5042189085726206,0.27965596339316184,0.0012263659121876855,0.035672204926573074,-0.2499883818677038,-0.452043881022142,-0.18725087629793905,0.9357359188160905,0.6853700688326966,0.3841664324068524,-0.8339708088321837,0.13430342540185708,0.16583924664675562,-0.7316285927787021,0.32294722067208215,-0.8647634260621802,-0.08586274601606612,-0.1632279727905088,1.2912927105181922,0.34660316664221547,0.22615799911082937,-0.7283775949774992,-0.5653529581407657,-0.5239412712607993,0.2627591405590921,0.20978960531447322,-0.04966929166489773,-0.06708301372911271,0.24530592242760366,0.6706616703890522,-1.0101237575909296,-0.24203990419117644,-0.38194937777895815
0,1,-1.770398070578125,1.3365331562092413,-1.756812151703454,-0.9504448414122204,-0.687345239719779,0.09790733091487945,-0.1653657676468767,-0.9590455431992847,1.0796181014206816,0.2086204790694886,0.5214966006956713,0.531610798094087,-1.2128836619017027,-0.48142058195615395,-0.231289112742124,-0.29502966621524673,0.8259505331003327,-0.9630222263943615,-0.3190900294702141,0.038524791157424326,-1.8341573551423418,-0.6795490976260804,-0.5812397859301375,-1.6801406719416863,0.05457692479518911,0.48877856640114725,0.29288075399749014,-0.8270777173541419,0.5248067008115653,1.5581897268060596,-0.5456925688150536,0.22414337809669654,0.5877117579055247,-1.5948862485403237,1.156282014872695,-0.5989605585537443,0.09669341481451978,-1.6117984070359512,-0.13853277521332077,-0.14476653334617987,-0.17015891120661444,-0.501897536513045,0.0916095736212024,1.2004985771973058,0.3627883358763911,-0.36225661091246236,-0.6735293511066989,-1.3914959569609269,0.6526042522455126,-0.8225908049390681,0.14063875380893925,1.0748410947662206,0.2567996066224824,-0.16998252586795512,-0.0804601333649832,-0.6613769921442183,-0.7871830955937872,1.033293592774148,-1.2540804257489706,0.03791568594449195
1,1,-0.1806015814660074,-2.189223779031895,-0.5568469316009845,-0.008831170774574258,-0.7702758848645453,-0.7642978328570073,-0.019412841236211644,0.7902581102374059,0.5586702467124393,0.6303307658252956,1.0073387396947018,0.8948965266333173,-1.8420181897620682,0.5092515478116632,0.22659864420667208,1.1939410957671004,0.6023164487417888,0.09792678890766546,0.6945899014512683,-0.294684559059248,-0.16575264875947057,-0.7154052423302246,0.48062596234700095,0.6301752096265791,0.05318023801874367,1.1560015002120092,0.203380051162787,1.8116462552655874,0.4013245989882496,-1.079011426966037,-0.5696949773963058,-0.44483871567850586,0.24132884700360904,0.006967706196321297,0.7998213651853465,-0.23005269367039788,-0.3921854988655319,0.15654319846482292,0.8699064266452866,1.2699448080626439,0.6032390052362908,0.9608107782115242,-1.4182541419274957,-0.3433503466979108,2.487801052867904,2.869630926460421,-0.6541618235056165,0.09616485063660091,-0.13713763249202576,-0.9299612130909779,1.0216999309305397,-1.0954480807314506,-0.43771098583475226,0.4745850891736036,1.1968371902822563,-0.29964444042518573,2.19388820135656,-0.3306246463000475,1.5032912040924682,1.8111254056759603
0,1,-0.6436178014449726,0.3606535859598929,2.000121096339252,-1.0368095404074242,0.830915002147252,-0.21668406741757265,0.4026842783093316,0.1188915365486158,-1.1566522499046217,0.6110635154382641,-0.13537466399542203,0.8344090453042986,-0.6569975635789017,-0.32250197859732227,1.1065263125825142,-1.3352331553935484,0.6710203300954051,-0.054672682026414274,1.2408473258512602,0.5914351537903552,1.610387939359981,-1.1630963768368827,0.2623174086448984,-0.6770375340476444,0.06414660520697091,-0.21603101084426235,0.8893461205407356,-1.6036773322009708,-0.8556235454401023,1.2892826302936577,0.7080071649412715,1.1980807386284569,0.47203885190345674,-0.06219682791080538,0.10033192952497065,0.4166183394322961,-0.014782949972243456,0.2131152218197904,0.5829016333325189,-0.07995676141881684,0.6299637116512428,0.13330083723076586,-0.3836491330157083,0.32216797992476603,0.8901837152335285,-1.5485353219019777,-0.015440189185814608,1.4304539953392508,0.005962362957683317,0.47233208602678467,0.052460446847809275,-1.2197086995796838,-1.5389299145005921,-0.4759624882844348,-1.1421642442026032,0.1536998401726986,1.9318419422716713,0.5984231321332446,0.2578179454592603,-0.5186832927395184
0,1,0.24769708188090458,-0.33729932554091313,-0.9298472785505855,0.6003284771856336,1.741526882748168,-0.9268116939511057,0.8568397325277277,-0.8586730323455684,-1.669492335179277,-1.3964431234580437,1.6856036415973927,1.5795457018857713,0.7042577455135697,0.30538891159294107,2.061919989319102,-1.645247059906122,0.2937985566357913,-0.7970297060526567,-1.7123145843989223,-0.10288463049386098,-0.3623001648769952,0.5883802874089077,-1.618241639943025,1.7819836107508178,-0.7722609962734235,-0.9368800715767153,-0.313965099238968,-0.29806748367173347,-0.8631774599849267,-1.8056396117582094,1.6308537203119777,-0.3264931123278375,1.0981545030675122,-0.40578205114824517,-0.9343172996851239,0.2932350741699247,1.3654212386589761,-0.48315163303600517,0.028077537769594246,0.03140358087485397,-1.6697202801986357,-1.2153901785925452,-1.7018078594768322,-0.38394414624579026,-0.37199136562744356,-0.8427319841730276,1.1228407683544048,0.456021562181519,0.29429204689990496,1.4625604137009218,2.435594613484699,-1.6282504880780715,-0.4294120235141094,0.9030129204425724,-0.5426964507618551,0.33048826619986005,-2.0447951848590757,-0.5453204729042817,-0.5159650142479236,1.1607871551834261
0,1,1.932334676778726,-0.10603981504436438,-0.1178156491253029,-0.6952902326173931,0.26535625618077274,1.1007563415025812,-0.6940807954248296,0.1662656508992569,0.03684398839653543,0.3536180116265906,0.5452335534155197,0.6557670507071233,0.9647854829015728,0.21579308511175624,-1.7522573931851544,0.5078005695825976,-0.5318270596689605,0.6678720686237524,0.2059303831901164,-0.056133918165607255,0.6383814533468573,-0.6870980324636925,0.9154792419646087,0.0014295931937037328,-0.6218926968174657,1.2550965468434636,-0.29163268735676506,0.13447093970489168,0.15515312054760613,-0.7436508484677076,-1.1878169635871112,0.08330535158836173,0.6058691891625216,0.33058800759467655,0.21190778993733747,0.3347803612937948,-1.460818287814804,1.0541409150381458,0.7637633130820525,-1.2488733252242852,-0.6577308412698366,0.6400615333108219,0.48405527956098066,1.2299643575938943,-0.9285437417323322,-1.704382063136365,-0.7486269221663877,-0.44745446340804595,1.3136116171378895,0.46177281888615684,0.4688424330759515,0.22572820509401792,-0.6537521363499542,-0.6903733775389713,0.3723344482528917,-1.9099583582010926,-0.5269627713727835,0.6132333788887296,-0.9450656710479901,0.7027965817023786
1,1,-0.8711002316590173,-0.8767101971285174,0.11209896620779806,0.5984837749386522,-1.6029228028002878,0.6685330141919795,0.43237482368741154,0.5855388883366669,-1.1573162356165212,0.23467780590610582,1.4955959280357058,-0.6351811546473403,-1.344603674732313,-1.0519893751592864,1.3966471928437578,2.6105061748135863,1.3123191271250814,-0.7071993497503887,1.7225559166637754,1.5124419110721898,1.2628183796708137,1.3049544797884187,-0.2898493513814091,-0.4166056623571255,1.215654104041323,-0.0599370720149997,-1.2955273573044601,-1.2410995312739597,-0.29845272435373027,-0.9618103288805739,0.7708234513038342,0.8660955153418076,0.25762320478460304,1.093488999279309,1.5244850599587494,-0.529759718581285,1.0432288332822213,0.16388460588545295,-0.96296740442925155,1.320795219669838,0.4302168081175337,1.172006556292787,0.16052130332358366,-1.8515130313294714,1.8043838780287988,-0.376809368195608,-2.161004186353871,-1.9211243087738947,1.3345960695479873,0.3826165225756244,-1.3321236825755567,0.6196195039653576,-0.7245694590565087,-0.3847766255086137,-1.1478441043496586,0.06585871256538361,1.091951092578682,0.3916148131514693,-1.4095874554514245,-0.47734179123141457
1,1,-0.2512568148015232,-0.9073695208263263,-0.3909464369423999,0.6302271619655662,-0.09789225376120028,-0.14225131773103084,0.3472252018351546,-0.6912786873789553,-1.2911946274163972,1.1011868936042768,-1.6801725088251267,0.6530125972631935,-0.9021162920453005,-0.021685561137954248,0.24202216670062512,-0.9225354054411627,-0.4276312940800109,0.3590433645552379,-0.14161222224839387,0.8587790066898056,-0.21880994170354803,-0.12481582153220097,0.8353500074772134,-0.20392184820894874,0.6233007959414335,0.46187420357989595,-0.30440525122322704,-0.1859824170308943,1.4976133588716618,1.0099960692286902,-0.8207167715681605,0.8055633321666261,0.49007959820094066,-0.2815956003550418,0.33533555126065845,-1.5775638363407063,-0.4491748282634278,0.9647205740661258,-1.102792512885412,-1.746650975448464,0.8800281338703904,0.9139576670860382,1.1479474377136025,0.6472677888575754,-1.6185438756651809,1.3081433127525097,0.90893119852364,1.746121289652238,-0.4760034422591435,1.8868935292333824,-1.194923508741097,-0.627381532129669,-0.16393561525854433,-0.3485229982123809,0.1530615920652603,0.5580528145433753,-0.42874520829016927,-0.5100628925290394,-0.2569530417500039,-1.1925259108002437
0,1,1.1412907965470442,1.9871263924150182,-0.38553195103519916,0.8621101625287234,-0.6587238922997602,-0.15726212744307222,-1.2080952985633608,0.7956615962454991,1.341573044051494,1.2296754182739276,2.1149051005916375,1.6678793676782617,2.2218231646156474,-0.24713133703944,-2.3047450574426382,-2.5332209267416794,-0.061516945059759104,0.2331631461859771,0.3205718269357374,1.4488571286227487,2.444065957062314,1.2666739584320028,-1.1693278879074511,2.626920537038865,-1.6577429855553305,-0.25298973375171924,0.07290336834383977,0.38025273231565027,-2.3918326448289258,-4.166424341359233,-6.23888358443714,0.9805660418477783,5.270634878670444,-4.2400653372263495,2.0190455704745576,-3.4828942961229297,1.1399538744870539,2.7775173484482023,-0.9443239417362453,1.5423723375368488,4.494805034171822,-2.9368072066862414,0.035987826443536305,0.9708096072219677,2.9907805114740675,-4.179856656442172,-1.5263865198406423,4.7745429923657765,1.8467570520308494,-4.099703479352551,-3.2970705226123265,0.8310616464241108,1.093828947047162,0.737480532867714,-2.6662542939204537,-1.7754004852392695,0.17431229275865803,-1.7776522575332845,2.609390823352637,0.695027348222666
1,1,-0.16408837230724752,-1.3508088718498021,-0.41373898922463304,0.5263774265819959,0.5068480667234756,0.4265281399043301,-1.7311317436834797,0.42183684576073344,-0.12133997024193316,1.879473333458946,-0.039034415367548564,-1.1373828474860725,0.47225459664604524,-1.0862640550969374,2.2714062012621716,-1.330847269231551,-0.3746224821743714,-0.647366543876658,-1.1976749294021927,-0.03901600843072202,0.23609751281199956,0.4383246027223784,0.916974910366647,0.22235295396469407,0.3369007537882899,0.8423920194520754,-0.44907920103066035,0.04760868352882751,0.664476343067571,0.21858000341621686,-0.609152184326003,0.315169781715675,-0.473943145095402,0.23821806850830177,1.2122991893262482,-1.3070048358697939,0.30503989341577714,-1.4292902007879242,-0.18355130105207054,-1.698484736505983,1.4371030905684672,1.0460557357225237,0.7882767269724852,-0.9988180314281411,-0.31084887797402555,0.3550575963280944,1.0336733745175408,1.591293050241461,0.20355238693474112,0.030009740280836326,-0.5135473412852087,1.7619879061428059,1.638282539584972,-1.10072251660482,0.1556594685181743,0.6106006131109936,-0.15692948396040207,0.2528359048981338,1.8131412672490366,0.18103768454119143
0,1,0.37624422049267525,-0.4541968228106534,-0.8093745939380786,0.5281398470148663,2.0062468975051675,-0.20938190829470504,0.3496868455613619,0.014275494490376663,-0.4180458404103666,-0.7933819815933434,0.9333349045079928,0.8007158173000405,0.6488017240916768,0.7286760534750616,1.8576911207752853,-0.20171266723604722,-0.017836587416514192,0.17464606919167872,-0.812735353552526,-0.2748257921358165,0.2788517005507499,-0.8516956045771569,-0.043304681302015605,0.893266231995581,-0.24584124650935094,0.10518327088458462,-0.5173547411670274,-1.095296469115962,0.11051169745320641,-0.09845260931742218,-0.29678598466640305,0.6944614579434105,-0.5387531188326414,1.331384798529768,1.7066282869437033,1.0120350997307777,1.4590275196933384,0.9482963534538529,0.6584691221042572,-0.7847850094573421,0.04082563861303084,-1.2390078722160065,1.7634578042064042,1.2895501855002935,1.2060714201704945,-1.1878723415808574,0.2468483913009478,0.03370412967334899,-0.1541502222332683,0.5456992652652974,1.2887516088123503,-1.0369080289852926,0.6448101293615255,-0.2041647057926121,1.8408240196130776,0.14997917745473685,-0.2511514577239453,-0.4174956721912283,0.15958108526152578,0.13263755131825225
1,1,-0.6945808923921906,0.34334135815513944,-0.6104920002941355,1.0195779211973948,0.5499460555334686,0.5926881702245546,-2.4803541354033984,-0.05529515945661776,0.298205786489525,-0.22349513839359283,-0.9503885207407535,0.192662732084663,1.4398176553027227,-0.08392150783518249,0.8830462903305578,1.1163965081350375,2.212059683224398,0.9873574039173132,0.2845209668882308,0.439386149474787,1.7459144205358632,0.3005077745837452,0.9059817349511611,-1.1054550198105084,-0.9638622752652404,-2.0657039048685717,-0.03207796410210331,2.1884754588005513,0.7082400475801525,-0.2119837373562125,1.185776876435856,-3.0502965565869062,-0.4078136953159876,2.6748081066661595,1.8313998634157822,2.3521511108440123,0.7422760702261729,-0.5965115197111842,-1.2916393459614939,0.25776152165245786,-0.21614525838048124,0.6046090131729641,0.8359176650961245,1.3621719415424351,3.2885699118209364,0.8940627491268451,-0.5435603669056425,2.1273595414288557,1.537519152208928,-0.6617924396794505,-0.41815640659009756,1.4814018968519482,-1.827645894236156,0.14460355827895918,1.4022111944194597,0.27336319026574896,-0.3915063366939831,-0.38768136085907934,0.9357293099132795,-2.1076767955382403
1,1,-0.2431731401633797,-0.9770194139524446,-0.8274601526119894,0.38090014902480973,0.44381124284542,-0.7254391514542229,-3.0986184013016786,-0.8520276872994064,-1.3339932699951524,-1.473137712398597,-0.5533656881302594,0.2852663499260036,0.8170714811274161,-0.1286985087318164,-0.5342355053437642,0.49678819208474695,-0.8765608291466548,-0.17134485520342393,1.4034789243318282,-1.0839326718872895,-0.2615974657639486,-0.9703778040630917,-0.4511524371671038,0.8119012655399123,-1.2273230386511584,-0.05314731727731765,0.5162137872304252,-0.6320129354059267,-0.353666108249746,0.6048369905202121,-1.715203048122618,1.5405474627846085,-1.5078592657483114,0.09460830423606986,1.2402811757123218,0.505544413317995,-0.5544914797266803,0.4701168035801072,1.9596425968115603,1.1894166145609004,0.32217546879231984,-0.8197827576989202,-0.18384526908261045,0.5532812187823466,0.8888303511479637,0.4317651527894959,0.05598591523008531,0.9779231351541509,-1.3088264199120005,-0.12124873874937951,0.2969040201948446,1.0291785539558445,0.7977790625363854,0.731611202837335,-1.3144694354758604,-1.6904899956943005,-0.16872445225030716,0.6386102944736881,0.958727512821034,-1.4210029823832204
0,1,-0.5326194090202419,-0.022382661234565025,1.8011494666477246,-0.884041689636059,0.6348701686351876,-0.05674732753324755,-0.3228892188927451,0.6274433914616292,-0.4366261065431347,1.9801553023737188,-0.257163039863851,0.590757988579363,-0.8527135828108253,0.6096094269348744,0.7242646301586185,-0.7582916673280754,0.460309731081719,0.43662753172018465,-0.12299962431069462,-0.3250545069349773,1.2593993252993922,-1.3539895351093936,-0.08785990402087575,-0.8582589075598699,-0.27762557501602514,-0.8461942786539227,0.9703479949478054,-0.6508777268274105,-0.1679833458310871,0.4919208510221317,0.5184352353376135,0.4500571346773093,1.9942776259279322,-0.13597700851046404,0.647719232635224,1.8794817890073767,0.28993138382209716,-0.5491270196842579,-0.523376011785742,-0.8028026752264712,1.0127825527134953,0.6154555177673271,1.4294372059441502,-0.17463470014422305,0.8093668096776168,-0.42365980512113816,0.6202093047409962,0.1219895067562574,-0.016347666873210848,0.5563292301285072,1.2835443185208215,0.5281635299579442,-1.5121164840658534,-1.1369834740052585,0.2472420359676268,-0.1659411023804439,0.540711936874531,-0.5800733091037849,-0.9192485666898862,-0.47530078258586383
0,1,-2.0707306238873984,1.2360333943629231,-1.231989909122597,-1.5638929709279983,-1.0067879319035258,1.1515144720869541,0.05969144861780148,0.04504297363117458,0.15341048432394302,0.7156082307017995,-1.849195229696774,-0.9368292317373774,0.02548665962781551,0.13491156071463592,-0.8132500557186239,-0.6264034048808924,1.3637228876141023,-0.5024744371314563,-1.6231896637493222,0.8166966156108832,-0.31944112200506264,-0.8334663624532027,0.7560269649711279,0.5090043864662125,0.7059075945396884,-0.5483417982381396,0.09054157758731493,1.300652724790725,0.6231625766948843,-0.21540465047807172,0.30782790773209673,1.0609388515205411,-0.16909331085752854,-0.7083358446131809,-0.023822187141664796,-0.37884765889996974,-0.742338462837322,-0.8871972640330328,-0.2780112622459934,-0.22845672976831552,1.6130706019127055,1.0244953496226896,0.1254103260774359,0.13111616015259536,-0.5503787809119252,0.23053193335248193,0.33768900545381814,-1.5448787629766845,-0.011139933999920356,-0.8440796720643423,0.2298541778274649,0.30130244930561995,-0.8104669629536699,0.912180234028157,0.7741839374736992,-0.6177885625293559,-1.3806350583164961,-0.49849042540620525,-0.1787541711916486,-0.4787904531320968
1,1,-0.8559972176397441,-0.09972204025892359,0.290987435605193,1.5956787034343438,-1.1998355483223802,-0.20488175979132472,0.11040247367968524,0.15782375531967566,0.47920479299748436,-0.13359405302825833,-0.7167034143719583,-0.17518288730427664,0.46660070973855483,-1.1049469032967827,1.0283167108537026,-0.9725916383117206,-1.6167672522313015,1.4442244626772756,-0.7547110935701729,0.04378583355022808,-5.009456581760056,0.4400092134046721,-1.520886516213543,0.2869406250408983,-0.9436973271588737,-0.20048275330617463,1.2093785790694518,1.5430480001047742,-0.793534867208032,1.3618678141827132,-0.2341433697219405,0.8255439354641454,-1.195007627961786,-0.9316728102672595,1.6441428433015794,-0.9090233830427601,-1.4250727686307074,1.248318690010581,0.11543316818129577,0.00445205596853874,1.9176326715014502,-1.668576666580965,0.09673663575312334,1.799688818012236,-1.7756428510366433,-1.5524478003154916,1.4453709367659233,1.3300969275221073,0.6852375484206061,-0.16365607913880717,0.511518967171064,-1.0082590102026905,-0.7976105006976927,-0.08452538714094558,-0.8618998150914733,0.5977472779918012,1.7943837797185314,0.3217011415747473,0.9668151313798858,-0.9042570533356282
0,1,0.7414985693651952,1.753755500505528,0.049668256173511935,1.0834379995818273,-0.5393147820374095,1.5567951201611796,-2.0828473445558005,1.5320964279151932,1.9427388395510488,-0.9169351708473338,2.0474040827627897,2.468211097953692,-1.1619971288194757,0.41717462568748875,-1.5235689155611711,-0.14369904854043783,0.8275841584352439,-0.7944459601667574,-1.3759354228151037,-0.2771292305876916,2.469773520682589,0.29924850949670095,0.9752451644039135,2.068244528871106,1.336822669756726,-1.002278070560132,1.0221104932680725,-0.255213739678999,0.5922829989140422,3.117819487638147,-2.9354233541091346,0.00510203123542675,4.449369108979135,-3.1377493262298484,-2.126297636444665,-1.9095436383497568,1.1122443823487644,2.9301320284497576,-0.4357305029750291,-0.10162637772598748,1.6715183784004488,1.2375514335036433,0.011969922973322354,1.582981131275236,3.1558663640318763,-5.498531229491601,-0.9537415444066134,-0.8971646111695176,-1.0036348218314952,-1.9823859107685726,-3.8948160797308224,-1.1429639534536318,1.0432546586775744,2.36244951037151,1.370622139648627,5.0017862555839425,-3.81586061946227,-4.234023499064616,2.133897683035415,3.078633857556933
0,1,0.07597792460767727,-0.30621497730964053,-0.6494358921577924,0.5745053583733022,1.7950095313674108,0.4389488837282839,-0.09761691775486334,2.006387935119173,-0.02110733916978188,0.4177748879533797,0.9896606259351803,1.0122717214860806,1.808790753938566,2.0795492114120244,0.8180489589821427,0.655325284582599,0.8273170699671706,-0.2170261350217903,-1.4246311460141436,-0.5118505483741649,0.25355963258908104,1.9765422397248027,-1.6156038481521393,-1.4708087347985666,0.5880693109263694,-0.2830308866708394,0.07213218826057333,-2.0486007128968446,2.3281466279430423,-1.0837483846994478,1.5215615992807103,-0.5004698279556533,-1.2627724484991067,-0.6497980442737504,0.8439633991324341,0.1244623406752914,-2.120448557316089,-1.3329998778728618,-0.9928411984412554,-1.0008803712093632,1.5191376014170537,-1.572312492330174,-1.5280120162416502,1.660273408436024,-2.450225439898135,-1.3018752448219204,0.8218733392567646,2.1670131698250445,3.1586746367837457,-0.06958048035566478,-1.2791590800362902,1.2267078972582426,1.0332752324964294,2.047670503535023,-2.379471491742695,-0.816725239268585,2.189981862308307,-0.43910053328479476,-0.8047430933244377,-1.0749556066667179
0,1,-1.2936019298523693,2.152183212137255,1.6974164823749796,0.24829501001921161,-0.34620786513554236,-1.839227443574713,0.45665383203882454,-0.18772418515557357,0.10954270071457325,0.9399479864306606,-0.6285085111422577,-0.07656796157187562,0.2860657945745061,-0.6110725732159494,0.05337698989557513,-0.6875098922294692,0.16912909971333537,-0.8299808227275065,0.8028185553079104,-0.3979923801232298,0.9122557110062829,-1.9328169401466586,1.360380032804516,0.6753036753694214,0.5809769624588728,0.8441123754910221,0.5288614378655684,-0.752597518213604,0.44058388114639047,-0.5065750277232833,0.14048826726979885,1.2190020519623253,-0.07524423631118207,0.02848380151012984,0.1324410777965959,1.6694616016819972,0.5822222797149009,1.013191849823994,0.08874400949795473,0.3485787721366021,-0.120947652782125,0.5131434119217294,-0.723587641588052,0.8246904660370927,-0.3733426035862197,0.7843837892291736,0.29476017744484867,-0.13674722488427354,1.491717556500461,-0.4143074104103411,-0.7204900204856556,-0.447695973893336,-0.8061049623701162,-0.06460375926300274,0.11442344393213713,0.935367300724831,0.6433619400891251,-0.8916561024925392,1.2097413584200032,0.9616873057042264
1,1,-1.2989415246194704,-0.2340470414224798,-0.4390616626356873,0.7216566156480868,-0.9489974926461288,-0.6402260155733404,-1.3695404108452318,0.1707359633646066,-0.26259540757974,-0.34469762278703164,-0.6951058056392188,0.24632619179873633,-1.6435114558327957,-1.7836282652033582,1.5647113704205338,-0.2032954568831765,-0.1303477581178419,1.7795521980503635,0.6920167751792142,3.292810601937569,-0.36848292347409034,0.5687584530448366,1.374135586831747,0.03531126724439092,2.3105927316291734,1.8422389087698272,1.630614320783278,1.181946533372894,0.8186392904800613,0.3527806341378976,-1.7975560470797918,-0.37256440646419514,0.7773455089196685,0.2800817822006573,-0.24841616016200044,-2.9812281866517965,0.6887829377657102,-0.7093879059465564,-1.0484979175600235,-0.3445101833845589,-0.5842867679504651,-0.5605593292668805,1.9546935884286292,-0.9642854759616328,-0.38847257383632,-1.524398470187552,-0.4847130366054165,-0.08611984356396532,-0.08422976792619546,1.5226133958639998,-0.3677258417206649,-0.13096053666349486,1.1844867589588295,-0.042546667228677705,0.45094888172264835,-0.7608777541071892,1.7696578960913534,2.563301422916742,-2.2021286138746734,2.6728251352081824
0,1,-1.2176003243964102,0.646811837401328,1.2868471423201533,-0.7441173342995381,-0.26721743632023653,-1.145727460546129,0.29984694080218904,0.6436342309369999,0.07004339213937116,1.1209347842837984,-0.2864715742556347,1.4696744260711831,-0.45572750161335196,-0.5003228352357068,0.7805960006220873,0.04829615631331171,0.4277957483299172,0.666615435123412,-0.44629378225827315,0.6767257736131039,-0.3670359586394643,0.5303978473851808,0.4838599935557691,-1.34969640775609,-0.6436101083528846,-0.45120291247932326,2.1514755455186707,0.7970239353360553,0.7939273265769659,0.111058734110595,0.8011031611531586,0.9085267351800262,-1.850973152171847,0.04028852257158082,1.197537143588959,-0.8446874678912528,-0.3095781141916198,0.8836796174322943,-0.13026010099186766,0.49823530563221957,-0.6411854244841191,0.2512101466914862,-0.6794896754603454,1.333992039716193,-0.40345677551015124,0.9690764469929887,-0.008232357941564742,0.12324568248474037,1.046015268653235,-0.7728657571327701,-0.08720921829957264,-0.16036433373735173,-0.4416656819725308,-0.6695711966917748,-0.5092357811813735,0.4258967773370043,-0.573953782351412,-1.2522366637488447,0.42723873635812454,1.0775745596247914
1,1,0.224726362222867,-1.3648364572971685,0.27868401345281313,0.5200677498210731,-0.46816278552852764,0.11471152330834714,0.6550810650041753,-0.5875413024503277,0.5400213379227689,0.01006179095154602,0.8274813447839056,1.4573624653618424,0.6436189507954971,-1.1182837868783375,-0.1984438436075034,-1.287580322577169,-0.7702832513546368,-0.7911338431490917,0.1746697286150587,-1.3833353805466462,0.41647339014704327,0.00633229502810516,1.3709664376391049,-1.7253667646112345,1.6171118937485442,-0.6886398170818405,1.3958114115249898,-0.84739735673107075,-0.29568708577032093,-1.1711695135350326,0.7085224931528707,-0.9710501386370517,-0.7036610329018821,0.42341663901831694,-0.3978013146889525,-0.16243021504387967,0.6368941370920903,-1.6040031231274352,-2.022772064409376,0.4488637080723982,-0.2933430810465978,-0.1336224577633659,-2.003655702060506,-1.1510217384054389,1.069615357378007,-0.902820218719248,0.12685134344635005,-3.8285385130263765,1.6807632921155082,-2.47458931415479,0.5070720189434721,-1.0017361494774377,0.685736553248662,0.3559258189619098,-0.5147373634047371,-1.4126246311605755,-0.41779688735563203,-0.039787404910569375,-0.2782158170964628,1.5061405166299724
1,1,0.14841692013806662,-1.5467940119179115,0.7471888288116415,0.5536747057871076,-0.43634431555297054,0.9751784765839093,0.6917930207068748,0.3324191131096047,0.363470982978215,-0.07578661500733326,-0.19013942984468155,0.09113025554237525,1.5186309407732088,0.10401356459426218,-0.27749118087844943,-0.40408731440040085,0.18672514457669528,-0.1111692783907555,0.7646062959874715,-0.16243824321688585,-0.43975632018718225,1.1383569534400857,-0.7366408424911561,-0.3480805692310389,-0.2706227708502807,0.1450783060977972,1.0027444312615543,-0.2922958475602202,0.33717709693772774,0.14017284235519842,0.31888252631053016,1.3558537991528954,-0.9486314836923264,0.2915519566616312,0.2782406025451699,0.3944364074252256,-0.01830663360533235,-0.4273652586811347,0.0851988603758743,0.2955663959173002,1.53736494737573,0.3316241586527712,0.16769130264741408,1.2648351534464477,0.5759069159430982,0.02730723683202714,-0.6380129192172597,-1.6413756347671866,2.213108471103961,-1.1128816782561861,0.11680147884744069,-0.16329534359497738,0.2919260864420087,2.1916611891987494,-0.88648398889349,-1.378648405391997,0.7185807804869984,0.042180917431927006,-0.02828554530637922,-0.3944760498398485
1,1,0.3781672468105306,-1.7342267588654527,-0.9978877737682689,-0.09836639246556068,0.8139706736007928,-0.6578723027280631,-2.867092747224218,-0.06802487684039021,0.8229354143433321,0.07157123897293649,-0.6691255550740832,0.017706521386560668,0.445387562188569,-0.18133077603201886,-1.0720419519399271,0.8181432349601834,-0.8181660609106286,-0.5407448348878588,-1.1197283961089592,-1.2464018093940978,-1.48034276404661,0.7414511828146914,-0.6002974044589044,-1.4353681510614351,0.09305736750823677,1.216641118834008,0.5500210860203472,0.2941144478098864,0.20648925235084314,-2.149297031026844,0.6315734489470093,2.4368943965678977,-2.342185118073354,-1.874693801040692,-0.2814461141491045,-0.08809162484275036,-0.2851211146241707,-0.26278119297212754,-0.07779716371991838,-1.722138295494655,0.5791045240969865,1.5341202166783903,-0.16023091051491378,0.414285024064537,-0.15806359370196246,-0.4369544085609975,0.7204114359084214,-0.4614712735557503,-0.18160209647767642,-1.097941055951273,-1.4540025470285676,2.957946644100922,-0.532476475129573,-0.7544910468867122,0.7882231219320914,1.1125484530438112,0.9733504923531477,-0.5215852084196827,0.16154622994907372,-0.4203145509075579
1,1,-0.04203669248065808,-1.1954759650974869,0.15118047651956346,0.7312074876755025,-0.6012834131717538,0.4025907108443353,1.216321850989244,-0.4821231333010588,-0.7508005587096188,0.8325039166724444,-0.11007679327952652,0.16807811926862495,-0.40096833101854784,0.06323715838923279,-0.10268150531622237,-0.1379191345636598,-1.3635539502152778,-1.588837866875862,0.5158556691911067,-1.7909422010711886,0.024535636375137934,-0.621417713476231,-0.9433554415373021,-0.07897539603265159,-1.019213899847403,-1.4683016373386122,1.3167362878554476,0.4435548724230473,-0.2592561400768388,-0.5686161678242921,-1.4305608503180203,0.8158645080586272,-2.0063991819346003,-0.05098099567490231,0.27643479033756946,0.3391503122603558,0.015493502267022731,-0.3289269106501658,-0.04732580978882752,0.4677861307615992,0.9965527645354446,-0.3982522303414093,-0.7949198443961886,-0.3441745391579099,1.2472234423700213,0.7916920034327134,-0.05588508852307267,9.81670008228271e-4,-1.1936307579399437,-0.7713613035509517,-0.7394289189773326,-0.7555783864178708,0.3842040390826137,-0.5302337552651564,1.6809679747696122,-0.34370737026397674,-0.18700363176421975,-0.6537466233852078,0.7198814029057916,1.1590091573359893
0,1,1.415356393262366,1.2478268409243969,-0.15418490510382615,0.33532640696466903,-0.6626165286598372,0.056888103601063916,-0.6449731145168013,-0.37123597627921334,-0.4791514760177776,-0.8180106191800319,1.6213796687636572,0.5999841375877407,-0.7344490115705768,1.0610950425725505,-0.8192017458889549,-1.2926443717076137,0.3896956943091479,-0.20649944212154248,-0.33371225028480783,0.9303172420405197,-0.11669624534454963,1.2597740455001454,0.3488277718386034,0.7564989742869479,0.7952412109136316,-1.3811108307328872,-0.27481610703294984,-0.15873727211032823,0.44286108201404295,2.130996575985339,0.3381095097573723,0.597213676651337,-1.1475011751574204,1.3374725671252932,-0.2162587048897619,-0.07376336064075473,-0.5845664177850224,0.21316120487279167,0.03530396011452162,0.4757049400173327,1.013112778428571,1.9185528970257837,1.368528271549515,0.918834976479814,0.49394606252025264,0.08031163246189676,0.25546113007694615,-1.2604374382322356,-1.0467341622463366,0.5032216889302338,0.20996120213632846,0.4428402527545322,-0.1273126469567608,1.3440684644682015,-0.4883494655214865,2.968788527699864,1.944610380550481,0.17014718168241466,1.613881452126608,-0.39083245171584147
0,1,0.9595144024510472,-0.7793301427352216,-0.23274031510527488,0.08609995236452543,2.029029441410642,-0.30600020895113295,1.0672979981395811,0.5962783286621872,0.8902029495434186,-1.4364647778926296,-0.9869120692653983,-1.3461861297545061,0.7963279148560126,-0.0329433873460743,0.7442744692062209,1.023006777448716,-0.7290135626652597,-1.4547808690173594,-1.4079281961383179,1.7678531541612388,1.029546778646395,-0.2794481902730099,-0.9635359488029853,-1.4298731117253958,-0.5604927349578237,0.2666985338204169,-0.37504086985007756,-2.1455927333414406,0.7777591180431609,-0.586180691068246,-0.8437012682539781,0.921931880551846,1.2045233782203633,0.3597944714779219,0.47696164172063593,-0.4025549465352081,0.021450496791535625,-0.4317636980091911,1.0801927647037417,1.069474812920632,-0.15112804557795312,-1.0025325894928818,0.8261560172082532,0.5159402179388558,0.3674379561474239,-0.21597871444801642,0.7368117174013192,-0.6544987236640771,-1.0671112783155337,0.09992683162436071,1.9344922008397654,0.15706640679409284,0.047628750302827226,1.9687705769785318,-0.4565446797646084,0.9731482530017921,-0.7310366955608283,1.4762056299848294,0.5801275182311713,0.5683856796682104
1,1,-0.055322607392978035,0.320043316092133,0.3507750955408945,1.781035403191033,-0.054599903773504245,0.7479348687858056,0.6371269630282733,-1.7473857570569622,0.3000373202093757,0.5320599236242279,-0.9859970605441981,-0.4318213731503926,-0.07314977185097653,0.42445251123615546,-0.03606759966050707,-1.0829214727871779,-0.17433986917766736,0.8038915839841855,0.19356668707800084,-0.7964237297050696,-0.4285336913357815,1.2879666148704798,-0.1091163164944622,-1.088331473436081,0.2849168748184483,1.1494272101662975,0.25982861362928833,0.05768500764266879,0.3005901662816598,0.7890501066543139,0.7282220231480007,0.5792463862290108,0.2760210454438376,-0.48936728576961397,0.24583352144137116,0.34999542061651073,-0.437369509202907,-0.6269430963820389,0.04245777840123912,0.18526781769306763,0.35375228931636954,-0.10169299042770949,-0.720904636619536,0.24990492954978372,0.015195369278960341,0.3458287571672774,-0.02229623071257015,0.08126450316879551,-0.9761462355202064,-0.7346395336093575,-1.0334352735875503,-0.05356648003655652,0.0517043109166569,-0.058044370192253274,-0.22354917631635537,0.6861241004912905,-0.09886102152568131,-0.2003371285973974,0.5846610810042556,0.5080684545090088
0,1,1.9905028380711614,0.43493554816057134,-0.18897510750750754,-1.2890646836495343,-1.2108251536214614,-0.3591570284406997,0.8253175831492587,-0.3854635743618757,-1.9515595858006487,-0.26998410383641663,-0.048294205638339936,-0.7699802893892271,0.7776341520282504,-1.335964817854979,0.5437412896817662,-0.6341470836996034,-0.2087629104733095,0.4616203661056323,-0.5225577107829457,0.5126605907785722,-0.6322011084858763,0.18467255954110584,-0.007817582431271343,-0.3531312334380038,0.10730139191606379,-0.2952578820180113,-0.1857210423825319,-0.07465464094037479,-4.664584277931258e-4,0.43041023959454294,0.5011931954125725,-0.18690265656582694,-0.4450317742741731,0.48202265691879853,0.08075555079957698,-0.3063074362307688,0.26426755322486384,-0.25960936479073216,0.6243453825669887,-0.9091467287887773,0.2656269104231009,-0.46893353148110095,-1.28222172010145,0.350723356981364,0.34705887424155546,-0.3145794003739584,-0.5095756250461575,-0.5384902282086288,0.36546812127494355,-0.3619113904963431,1.1519751018190472,1.7345433074706054,0.828645536799072,0.7128680138846765,0.6626733726957373,0.1489649571152419,0.28768371315055447,-0.16524004544242935,-0.4049185803639765,-0.04139958441969268
1,1,0.20521356740846675,-1.538424756521637,0.09507632210735487,0.39923947962365175,-0.0291334814895464,0.1930548800254026,-0.33759896100145764,-1.0129171648118622,0.6356806452334406,-1.2039415064721435,0.2884916847718366,0.4463182224728425,0.5684217869755516,0.2355855147083242,-0.5721238412948887,-0.06412983986540856,1.5648888376543653,-0.06441892252355165,0.291247892985606,-0.05647255848004054,-0.29481852556577,0.29669687781408705,0.08634926398574955,-0.04230446362349019,0.9148065713882781,0.9499459971098826,0.17690434626696808,-1.298419457997412,-0.25242505917507196,0.473282335175477,-0.24403250175012806,0.23160454925521598,-0.2907124985556368,-0.7435398140302776,0.7694944364094893,0.37232989092641144,0.34097548191026134,0.29343832457138275,-0.6093501469292403,-0.033537983175948534,0.7055209252732573,-1.0657002089742513,0.11648237117171523,0.9475061605345186,-0.5027133242577595,-0.49825185445851017,-0.12749393175538729,-0.08832322835814155,0.4025663070909898,0.29297106464885125,1.4095322595347903,0.8331075943754543,-0.41791528770904135,-0.7628373154966565,0.4397496504481943,-1.2098184532378755,-1.4012543924040057,-1.0416160571376782,-0.5052217623739429,0.45306456580190746
1,1,-0.15734888932206484,-1.4354021493543307,0.28706026319920774,0.6488872304473592,-0.9730914921068305,0.7145121752593433,0.40187583149932016,1.410730116173355,0.20204984086063543,1.6878092986690716,0.49688575564158116,-0.7436098787311308,1.244759138100289,1.1199151762953314,-2.4812125669976117,3.01456202870866,0.3019779724331491,-1.2424167696254724,-0.019765432796461334,-0.5224736936529135,0.3638371192463185,-0.011077101250098554,0.3031589238925947,0.516696460275902,-1.8645022903420676,0.7487814869633966,0.7467545724190103,-1.3942425811098096,-0.9600186881522667,-1.42962088969725,-1.0395881871030594,-0.3032666649637006,-0.3006062774484727,2.019887407944961,0.5945101192267197,0.655531555963052,0.3184093375208293,-1.2100091469709684,1.7734305515291076,-0.7341260671699499,0.11237654911132273,0.3424881730506005,-0.5066716576810877,0.4230837623559836,-1.620868984132946,-1.867500357002595,1.212838373979366,2.6199357642639627,-1.2544644916722967,-1.505103964749792,0.8091548894744279,0.1037765664771107,-0.8082636608578594,0.5336872263119138,1.2072256802103514,-0.7011748086966251,-1.7521769809593486,0.9247614344242738,-0.8485855644698308,-0.09946193049926337
0,1,-0.5753111260287543,0.2387937297522286,-1.141774100092854,0.14934856235504837,0.8288514191767249,-0.11793931353261385,0.2886142162918743,0.8173154556365911,-1.0458360668621653,-0.4693229345406213,0.19499604633195916,2.762192283650063,-0.9431196112926149,-0.36932914735619493,-2.1323830288482055,-1.574784685476606,3.8488852051241262,0.4800237545551663,3.0379208858230995,-0.31295262880357033,-1.208351040061524,1.0532627633530662,-2.8696588095815048,-1.5861676946469525,-0.6208996178805927,0.5001999692115265,0.19980466203101793,-0.29143086925822337,-0.06026701721429522,-0.737611108756944,1.6772054224809108,-3.5685559306780257,0.809766230675655,2.499691126703023,-2.2308541089757976,1.064094581009088,0.14090696414326226,1.9715411837681893,1.1348841183700813,-2.603241010017625,-0.677067953319908,-0.6030684676839778,-0.27289236423879787,-1.8239272972896918,0.384242410339694,-0.21737209884245118,-0.2476497273078368,-1.478297676852986,-1.257032940840781,-0.34137169040242393,-0.6930033794780047,-0.10153473692430602,2.071644823883055,-1.1291910550306368,1.285032498325006,-1.449696652738022,0.29150784239937183,-0.16160390342963682,1.4219527630584012,1.5615090845119357
0,1,0.5707198292457817,0.18008632182872236,-0.6601742697162615,0.5716602093224538,1.9120204915203691,-1.1060065645613353,1.3778890645933615,-1.2704024189408436,-0.3709282647597753,0.5380721410915642,-1.4469507298532125,-1.3609825437720307,-1.1141529771946581,-0.30497692589482217,0.12970513327074995,1.196397474333697,-1.016718164289068,-0.9212180426271473,-0.30464852200930687,0.6718653512056231,0.925700542136333,0.9642178971053778,-0.864269025827629,-0.6465098965044535,0.4134351925019086,-0.42890501381280427,0.3631908055913206,0.6223066361158522,1.3313894817037677,1.0209964761930341,-0.32908135432579994,-0.3029555272473591,0.9639639084008357,-0.5233444110258249,-0.2537344511996717,-0.03938798598751377,-0.11255598591082122,-0.02235095085145541,0.23531254063275686,0.6721929822281595,0.1620234637335148,-1.001038595358726,0.09234074859474768,-0.8804955918574194,-0.5111396481225743,-0.4338632437676125,0.5654166784166588,1.5167056945003503,-1.7131194133683123,0.13162787553721947,0.36028808775284116,-0.7663440205463761,0.7769241928273847,0.6307967975864245,0.04366946066087529,0.2690678769529245,0.7694036806168831,0.9723670386822324,1.0493675189405547,1.0014530837557927
0,1,1.1571008236751064,1.2379163474713257,-0.7041323601113094,0.27753432053451993,-0.9566944465006548,-1.1743863974827145,-0.0067018584149538835,-1.0326979694770075,-1.014606280778938,-0.059299282748229404,0.9477607102480813,1.981078751427193,0.24118268993222539,-0.23392072229080663,-0.7502194033431266,-0.3901426378654701,-2.6317632307881835,-0.08817017413184328,0.19787589208667916,1.491721213901375,1.1170384671973288,0.6363084824585017,-0.625602526603135,0.43558550362109666,-0.9794431923148306,0.9108194240309622,-0.9125963450962985,0.3172323554833185,-0.6526703811441957,0.0992774801296344,0.12103434075080098,0.9235072928547253,-0.16423344543458845,0.47547357587040784,0.979126223922757,-0.18920519437434705,-0.45958292441020693,0.38208384639876136,-0.6869568895589987,1.2883540398470896,-0.5949049266093435,-0.6290821459696155,0.9010132315985898,-0.29723833122707555,-0.6781342497174402,0.20445918839014499,-0.4395322787296485,0.17424615350996073,0.1849105088310981,-0.49368256137580896,0.8085609608776977,1.3619542478818882,-0.7934353763370914,-0.950257196533393,-0.5327424301614151,-1.3386667388016162,0.28841450178627503,-0.6971642088485936,-0.7168519018126888,0.8631829378856981
0,1,-0.9746461320848274,0.5631115473677181,-1.2257857910271999,-1.044106709059833,-0.3992826950858464,0.2260937648179804,-0.2077935771518635,-1.3998031480369508,1.7648414707434015,-0.22794384056338676,0.5136198948332126,-0.610997743663802,-0.6648266407031533,0.06171369676059201,-0.22094733380289727,0.5482904332603742,-1.5162921235124238,-0.4661332201731179,0.6044024695727839,0.1740327885636181,-0.3520970726471666,-0.5351959244446809,-0.3111311832483146,-0.43664034209579516,-0.441633617618307,-0.5507380546130447,-0.2662283890866619,0.5921396984186744,0.2175143402376888,0.25709414396256675,0.22803911858707077,-0.30067138819673445,0.37954662574918113,0.7178708044045231,2.3963778506547655,-0.5332357428246235,-0.9015002787923642,-0.04851539479338392,-1.657987963405362,0.04308382860879935,-0.48450241894300367,-0.17677388446927794,-1.6435356599319986,1.1869850696379056,0.1324854627051941,0.7659908044215948,-1.0343356119577205,0.3981480595709374,-0.76424798851264375,0.6879595645879324,0.865104449947987,-2.1508298013974745,0.3737969158882663,-0.19353439235135253,-1.8668293032551202,0.800669655362806,-1.6370930652943176,-0.0748481979002625,-1.1477626260363638,1.315751974333265
0,1,-0.2911034534185749,-0.42332149408216607,1.9451386638486685,-1.688702447893388,0.44991791257678265,-1.0848768080771325,0.3529181212470303,-0.13253541157243776,-0.9057439344307051,0.606014642807744,0.30324298285132867,0.19338196253995413,0.14329945568879351,-0.2584692106453187,-0.2815564996158513,0.7249930201942839,-0.26632155670563623,0.5554968676074311,0.023698209364085305,0.2662917184310369,-0.27681934776333617,0.3096069382768678,-0.0867901042714946,0.4613364087025657,-0.3597438077934155,-0.0861672829963239,-0.3200598880348274,-0.19400471386519136,0.12205059954678651,-0.18233044585118252,-0.12590438180983382,0.19461896604670917,-1.3246375732274454,-0.31890835967032233,-1.0439731870184166,-0.9358744224609292,-0.9987830996768946,1.7189447269731106,-1.3130579897584913,0.1563922955194168,-0.8523682337771218,-0.6487564038147289,-0.27369936967155156,0.2615118295300392,0.14193154028025912,0.3269240762936063,0.4562866602345013,-0.8675647800377718,-0.214160175737178,-0.7897312202294648,0.2958949228251448,1.404942965612439,0.3815007519241461,0.8775449231828298,-1.2577268986011272,0.2887862552803594,-0.6913293273088863,0.4291421525935512,-8.64594621096918e-4,-0.7479879031463111
0,1,-1.3421457372736838,0.21207035291183146,-1.3282327815979842,-2.049298875717529,-0.18384199777827884,2.2201154507073984,0.44859550889671534,-0.21525396455142806,-0.4395473778241257,-1.113742908681963,-0.6084226983933613,0.3200899857289201,1.1323403942982697,1.4655515332366535,-0.5102064331547148,0.8556203854609656,-1.6219968828797537,-0.3857876520566178,2.1744673840038433,-0.32002226998636346,0.825125902166945,0.5717280746642972,1.2798343766128089,1.257394150621788,-0.3958239820421533,0.931239588227403,-0.5694344312889195,-0.32339799804829733,1.9884491842198673,-0.034842195352036,1.1872295771401755,-0.9974681373779463,2.7934167517022264,0.4226137003538152,-1.530392164112461,-0.510053436868564,-0.43116883415400253,2.1290806961750754,0.12462286717286043,-0.21663754752021624,2.094743219987899,2.510843664561257,-0.5656774884762453,-0.8314337635246988,-0.4347647124455018,0.9666885174165822,0.8352922239902023,1.0053450032179978,-0.548719652060265,0.5690491155880036,-0.0339573881432192,-0.7336339536520446,1.019434503267249,-0.17377208132871705,0.37607313626113803,0.13478741894475585,-0.9966458115085141,0.2574578739261549,-0.4401994762723487,-0.8205404377690508
1,1,-0.4062646570823722,-0.15686143965014762,0.3737216394594212,1.8228606342763598,-1.0033026949053454,0.6353743304976853,0.35567371519819163,0.43397366607602833,1.3088944939158647,-0.7175788034893357,0.49091022552909885,0.69445879010075,0.3055128842872167,0.315615904541955,0.3489196140557403,-0.400930135386952,0.24508914112197944,-0.39690322965621416,0.16266361999014323,0.12525684602662382,-0.7892283517782404,1.1608755651183962,-1.1237248736112717,0.030953814593373038,-0.8873519683596107,0.44330729889562825,-1.1874237134009489,-0.3691097665248407,0.596053590656463,2.082996896684983,-0.7773154076951801,0.5139038490609931,-1.4035003536137935,-0.7524419073649028,1.270834968181253,-0.5957383635579606,-0.5971818835009657,0.08046074582354144,0.5100319968326706,-0.7636055286224116,0.5099670208961269,0.38585292793882475,-0.8127955773851705,2.170900674199547,-1.3289443268461665,-0.11447850102570435,0.42558030144387277,2.006144695445117,-0.5557858592032789,0.826131757960973,0.012009617542634937,-2.2491391108257006,0.5124669288613676,-0.6260885062400469,0.7335211057555169,0.010202154108993403,0.7653366451428486,0.2500303164275762,-0.8526569228405422,0.2127314705924537
0,1,2.2241495576892203,0.2098275102977921,-0.2961486002725055,-1.1336913578344519,-0.9824993241497645,-0.7062006271522013,0.7189805223904692,-0.4970422341012445,-1.605385680467007,-0.1697428655682467,-0.047787128372814645,-0.527518360835433,0.023571096718246632,-0.5275056075872263,0.5471232893560847,-0.1579908086680473,-0.8954958792444064,-0.5262727740661766,-0.44308235379891464,0.2640937663820848,-1.050010353804651,0.23552429814180603,-0.3260019699055149,0.5463102991409009,0.5337685968916912,-0.4106929090420257,-0.6549776272458889,0.19035872059036663,-0.5309955048258339,0.5113928320902615,-0.31983336883819863,0.6413416974876311,-0.9049523415142761,0.26682985480862476,-1.776118263038989,0.23936180289475295,0.28435411360365803,-0.5036559488659212,0.23788460271872452,-0.5331523593577773,0.3172020852295421,-0.23356861562889536,-0.34478023282256504,1.2655749542172343,-0.6253220715699578,0.11616904148413722,-0.6443220401595386,0.5068654570550185,0.022878227059301707,0.7292426539308084,0.6099747412868528,-0.09838096537903694,0.7230914120112591,0.19970919342923818,0.948160627086421,-0.405730194139381,-0.2897376889040187,0.7317943295728809,1.1732672561271873,-0.6964395282331753
0,1,2.140184063535638,0.21957561018686242,0.009055444209241342,-0.42204746738902804,-0.4225580886831836,-0.2673880553777576,-1.050050473985074,0.2719431405791641,2.131942353173798,-1.0115742731213813,0.582915460481352,-1.3763642028870258,-0.8355487984818268,-0.39246830091346346,0.980321105160808,0.049975935237089555,1.760058508711867,0.854200577446695,0.477916307543125,-0.8720641054438844,0.8089819890760818,-0.5758128619919707,-0.2709262780719426,0.6036136123218789,-0.19388497038994518,-0.30801223073942796,1.2656002367557035,-0.7083037396579327,-0.66748823200044,-0.9308506435137737,-1.9939814082361285,0.2595786824497566,1.3120391108037177,-1.0806131321461554,-0.09563687622159178,0.1385175953200049,-0.47642441028815213,1.1980813369643852,-0.3873367674461403,-0.4074459852775203,1.5146820629645328,-0.2381438686726961,0.5770159953278421,-1.199412855102239,0.18819753503056974,-1.2960639202017674,0.9010431478343531,0.5649305818829473,-0.1599398531443524,1.3227046888408813,-0.9825809477376914,-1.035333885892013,0.0029331645849384807,0.22358050500799195,-0.6999698769752479,0.9566416248867083,-0.18192932427930347,-0.3259634933502689,-0.8162434418538661,0.8472501930931192
1,1,-0.7814911136245121,0.5512680361021732,0.7369930847868505,1.4730693045334153,-1.7433669655770607,1.1420525884560764,0.685663005808467,1.6095124448196807,0.8578077556373516,-0.3831368176866649,-1.3140468577515438,0.06279057813367976,0.013773341351307955,0.5503556360187946,-1.0791476350767586,-0.9637180141625284,0.911492876705102,-1.1893200911752755,0.12238358037798464,-0.5220909400211684,1.4864410369970564,0.9185475759714056,-0.5287099246959933,0.5180411888625158,0.15934152343834226,-1.699338906239356,-0.5779111468170722,-1.0318171209857192,1.4111534231791079,0.27503976763802457,-0.47010565243597346,0.9240739647388385,-1.3751419224497754,2.0104529520583903,0.633319863463497,-0.6487397064874496,2.465643189727402,-0.7635525456058203,-2.073822542043211,0.24564162504726234,-0.7627394226625922,1.2891275901760073,0.6496188856154284,-1.3417240894304805,0.2102760905561057,-0.0979384787241562,-1.8460924600837685,0.07540237529671365,-0.11423463153184422,0.9452206793942105,1.229074759895099,-1.1605857321364732,0.3542647748014708,-0.08794246494540514,-1.132500942210009,-2.916462449882986,-2.4162683604877038,-0.2749392559075109,-1.7158286084222905,0.6381533088052418
0,1,-0.10096781126922562,0.3531345282625088,1.9327139883164366,-0.4807741647138518,0.9282203802135945,-0.045587130017880374,-0.5493893687234698,0.06565779508240828,0.8774439446902548,-0.05870045080170557,0.43834999150620935,-0.06110693675911991,0.9438229043591801,0.583543203041082,0.37065869688888636,0.15436064033168845,0.20654614150721937,-0.5010475616216626,0.043007178105119226,0.2511576575589042,-1.0049890728944388,0.13247650595837412,0.09758814626038184,-0.12527795473502737,-0.6464072371780466,0.6720216069008745,-0.5331258481108403,0.23503696368099553,0.015217003022069778,-0.7308363908968938,-1.1336958930503565,-0.3694857046116501,-0.9021635227880431,0.29422890743943453,-0.29442563531764177,-0.4276485808691561,-0.5871093220706745,0.40658816327097036,-0.20387485928346286,0.5790649484392587,-0.8771830513638066,0.7807678459008973,0.17406425113137952,-0.25138521936175745,-0.6913786499073428,1.3174423456353566,-0.5097741704677855,-0.597494405443931,-0.2852463192750049,-0.4991679886736105,-0.20963104481033212,1.39693814274948,0.18599726991522034,0.9745315001992725,-0.8352323274994717,-0.12229010094539486,-0.6630010111332176,-0.7319911316943298,0.4848367625822593,0.021969830940465795
0,1,2.045023800751274,0.6058687293258417,-0.16526002613436344,-0.33367938149709486,-0.3989982397082839,0.7506508642111425,-0.2927475602419758,-0.9361236214548118,-1.0068499898322716,-0.9706103028120742,0.13609837405945716,-1.0068252214648885,-2.103974084963248,-0.07394871365691597,1.7926630857734938,0.5713965853886136,0.6508821001051878,0.36708088883816836,0.5173107678178217,-0.2615876234497572,0.1047518917421362,0.15519536454905772,-0.5328114793653577,-0.05516421240387076,-0.743810759258863,-0.9574130074571204,1.2412041425317182,-0.5033668310824122,-0.3067813169729913,0.313695817499934,-0.07495666081388946,0.44602174197785743,-0.9180662929429925,0.47216485182585555,-0.6328371698298081,-0.31310894433673003,-1.1907969132670921,-0.4675138482529966,-0.4783808616546314,0.1746952290813966,0.2724004220307219,0.9190695489815455,-0.3012784780305018,-0.844169105268053,-0.6582699000203088,0.14845417235812708,0.5291419608190531,1.1019474888639607,-0.3542134384135605,0.5419465298213842,-0.42364329761420605,0.33896132585658983,1.0311375500156394,0.6892375093315638,0.17356029040010795,0.5425935294713132,0.7692471154450202,-0.710069548890215,-0.8673953926084518,-0.521538199908624
0,1,-0.38841199845401897,0.8730577486422788,-0.9855104598421919,-0.610868922335609,0.649211202062892,0.5151133883433899,1.0590053625812093,-2.321873874332313,1.3960103013877545,0.42465343803961086,1.1411540568746563,-0.33388044465290007,1.223459973202778,0.4981358195039366,0.22178167900117995,0.5818262485296913,0.0014469778773184422,1.5413041747010998,0.580665852025719,-0.4564354020849494,0.7024212850227931,-0.4402334414582135,0.6050974480181666,-0.21313941009280568,-0.5583659098811755,-0.9188416557968666,-1.0719936244705477,-0.602567662986076,-0.7222672076827739,-0.5967340790995839,-0.10818513577950196,-0.019898949464419762,-0.5210174698809835,-0.5221701265709442,-0.15803339650616063,-0.03527177758600432,0.2373244348393681,-0.6840384347399597,1.6949119347679733,-0.9224839401496276,-0.7581837937336049,-1.0050654554320169,-0.2573977624776156,0.44370227060179496,1.7371799869944349,-0.9224363520279419,-0.5111647890682007,-0.5352632664773571,-1.494428002715864,1.1570648210955832,0.045731661992114994,-0.032655898582473475,0.46813775091593335,-0.8422634448386308,-1.1258773393768462,0.18909948922997585,0.16872227579070495,-0.13789538282161296,-1.9579605771511812,1.1791226522966252
0,1,0.6256639773179058,-0.3309609794910942,-0.5861980348149465,-0.27737991600444833,1.9198384090628045,-0.18357922033692622,1.0966267283210047,0.5782463522135292,1.3024981122183592,-0.33031655194277504,-0.3777011172110226,-0.8004420190670161,-0.9743064387369191,-1.4320053328483175,-1.887158741463238,0.6513104398724117,-1.3478561081348026,0.28035701657800977,0.2939549212870406,1.0250065176345418,-0.26284482014929256,-0.14722150713851667,0.2778202437513547,-0.3955657887834625,0.20390095620874102,-0.19791710438416843,-0.36264065821588326,-0.8499890590228527,-0.844362952267637,0.10982638939727207,0.45048622576666403,-0.44010111237883115,0.9532170230193714,0.13887238352074266,0.6335670085022038,0.08586437319197171,0.06015670713775275,-1.2770547675428385,-0.7977365024969324,0.3390302323814373,-0.5275564809281196,0.3726519626513888,-0.5257404897038243,1.6045972762532899,-0.898866005876625,0.6468465067606333,0.03589387413978051,-0.4566951021794203,-0.5525660203560762,-0.4789619030935289,-0.8098112288582647,0.31937236565325133,-0.3335670543279643,-0.6341867575979905,-1.4281868219650933,0.09364813205115029,-0.33065335361312087,0.6991654050944617,0.9561691679438102,-0.7879903430073117
0,1,-0.4666853817550661,0.26578231863066093,-0.8283593977053177,-0.08752427362798185,0.6613659029304166,-0.8950011863027159,-0.08450026392634191,0.3366348248921219,-0.7658083069148224,1.3017794372076978,3.961502643932881,-2.4365489716013746,-0.43484473883581576,-1.6369295733467928,-0.47713709560733814,-1.1243213577064604,0.6099563273759269,0.43588112274154195,0.23654352764477027,-1.4975503377784225,0.6544938597118399,-1.0328688056010373,1.901334871962774,0.9719485177365568,-2.3084129605858825,-0.7741373599077823,-1.1786300023168301,0.20292681938959942,3.7712228415299007,2.6225998376875914,1.1228867595238576,-0.006776252922417981,-2.941907869149231,-1.9763031945241927,-0.7855849481911744,2.4490653859592935,0.43604722746816943,1.796796873166218,0.10036114780682463,0.5617977464049995,1.9680447259711211,1.2321203177667914,0.2460511422893958,-0.06795389809009054,-2.515537282549664,-1.3600174074248614,-0.4250507091293751,-1.3564009215252044,-1.2022125782455184,-0.49572922115989365,-1.2839869622998563,-1.7708179278818934,1.4909574793335045,-2.574114876692184,-2.1802611432879666,-2.94015679473179,1.0190177089263397,-0.0019835349655697404,0.47460542706328307,0.07849425377205019
1,1,-0.6046610388527556,-1.7985105300194497,-0.23892660532778462,-0.2923187260975344,-0.7516622332265558,-1.0082846079883674,-0.5574026684259161,0.683013490926963,-0.13160656711728605,-0.10901459564715454,0.4284054413737301,0.04991756678133773,-2.545001589910142,-2.4678574115737866,1.7774749186162018,-0.5927642441505152,-1.0312401227263979,0.5331077975060413,0.29261803358032096,1.486288210094181,0.6516256854741693,-0.2868191291231882,1.8103084113712313,-0.8179067267780524,2.4518490533756623,1.99889567318299,0.8031424040232404,3.0930894801946134,0.7964214436911624,-2.450864040799989,-1.68734787443697,-0.4982393504588316,-0.6312926025750052,-0.2055301374925362,-0.46100775134407235,-0.009100142201160975,1.0553556595286993,0.6691907763961021,1.0121081933218128,-1.9326041041550608,2.836862797367014,-0.8919467323654522,1.7113069855331908,-1.6035219190534187,1.1474354839707783,-1.4238437214850528,-2.721929668074155,-0.39077018900252564,-3.2333007090360253,0.03301360645749777,0.004778239698206891,-0.27002504646047826,0.43923081705764566,0.9734453158189131,0.009844057237385608,-0.18356791299107375,-0.431102221448316,0.06291870303701019,-1.9502773333117434,0.333113721256748
0,1,-0.31589317564151115,0.2258079635349738,2.067147995966737,-1.1154977356997944,0.5291519675150258,-1.3755770569962427,0.47658904224183835,-0.7578498554790731,-0.5288263601823207,0.009443050078115349,0.2847278749437581,0.29721993260840807,0.3246397172799138,-0.9422051018082166,0.3479928679168931,-0.16190735530614442,0.04788639642219896,-0.7910057294330873,1.130217360883599,-0.08337247133766046,0.009656266677238855,-0.6016299036271308,-0.1420588951927152,0.21119591217901937,0.0149839532055468,0.07492637521372456,0.3840292614973561,-0.8051538117993315,-0.19978252133745603,0.8659601655426971,0.35302613922625525,-0.03719531141345344,-0.9836405155774702,-0.2455641457682647,0.5178346268364741,-0.40492607793978663,-0.2798878894765581,0.6305453889659832,-0.3352082857214052,-0.10386132851356439,-0.10615363692473165,0.4589667301372319,0.2873808003550123,-0.8616795954922813,-0.1534680874183961,-0.5883113033537196,0.0074110744364283875,0.5682843699942045,-0.06802760053070034,-0.4832638256400814,-0.2689017045200639,-0.48161061511390696,-1.035709743000911,0.18845872378533327,-1.0123030324174034,1.0371394151922888,0.6353839286891486,0.1693398706220025,0.03463734833379553,-0.16915878238738122
0,1,-0.359745431317965,-0.19107449946723726,1.7258850056006587,-1.5179800943462372,0.7003302563627094,-0.6942307505543787,0.7135664420922986,-0.12734922465153234,-1.0419629677081454,0.22003579187278258,-0.4280649169594999,0.9145945425823564,0.024118947354822798,-0.20711766320923375,0.07127663626376349,-1.1919985812601162,0.35059166700551553,-0.5343782255143962,0.5352618648989191,0.21656973184896286,0.7163650031390196,-0.4057154405269923,0.22096121712426872,-0.5065313304319129,0.4368632996126549,-0.5548951378654766,0.08135141141756388,-0.5893440517661798,-0.5417502127785626,1.6675994763776463,0.4743582456395285,1.0137176670224628,-0.011924888734266448,-0.3110618590979369,0.019312309850851344,0.4296846110059607,0.2976758627986548,0.10749760614750153,1.1085691835454607,-0.5536180996004223,0.08109444151432084,0.48789093257992233,-0.6829946501841525,0.6012313256693108,0.04108528829970705,-0.7097509575417404,-0.2834158586931118,1.1121135062623813,0.13582610402360715,-0.3939367329605113,0.05656348792464618,-0.7488805551229387,-0.6650901359018281,-0.16135307011389352,-0.7240680454036025,0.10160704781186901,0.19624378989241,-0.37139546463462664,1.0234378976527196,-0.07081753615502431
1,1,-0.2710627620141408,-0.35503588833316824,-0.6286971454307293,0.7337849086057059,1.0523012624798607,0.8656558861068286,-2.562708595498821,-1.0850830938031018,-1.248094763034437,-1.3615684202575375,0.017993294192918178,0.3662802398625346,0.9582598941466766,0.5787304196765874,0.34301653883320377,-0.1897114955527348,-0.33503882747300684,0.008162324114502593,1.411001318123176,-1.484584626836692,0.28375397924213014,-0.936935506418909,-1.0603011020589064,-1.3495476350811486,-0.8818665693016646,-0.7178388995907934,-1.164826142260803,-1.1705260789950112,-1.7559793998967126,-0.7680441298823348,0.25705228956291404,-0.5896592537028795,1.0427034869332819,1.0100849105101875,1.0535266795873446,0.20519965323343367,-0.6916550952583408,0.19362069012160477,0.5084571298201475,-0.10406178203790892,-0.40383486144460445,-0.7036160032682995,-0.0334685630404591,1.5245974718009596,0.8261711251115623,0.5328216754216459,0.8989951820113632,1.5831649500872726,-0.15571174414237512,-0.9203598975467588,1.4006005938805959,0.6040463525083588,-0.12499901922283234,-0.43778534364949023,-3.254469335786428,-0.3319369092996542,-1.173448021212648,-1.1468167146432755,0.010750001221952075,-2.2226359507726356
0,1,-0.3275958548433873,-0.5773989880221979,1.5170558226792108,-1.110864925011711,0.524731548480947,-1.33723990737539,0.06827962686261002,0.7843084723801619,0.5859587171075159,0.5314354532419064,0.3633955433493861,1.1439861912278206,0.5420452195833645,-0.5513797152204751,1.6319111162716895,-0.9843056550795198,-0.2549914761399697,-0.7179453480152856,0.6970791672277891,1.4941361836715203,0.5064342438471928,-0.15766626983312038,0.7317451074325912,-0.1717195738610121,-0.9255258756707845,-0.8676452005203911,1.5291792057956077,-0.8939795637218383,0.45961927769612027,1.3646508519562646,-0.1485536697434775,1.2422041025689934,-0.4903926712098217,1.899584832152888,0.4579213523286467,1.185694564344665,1.4063519902722759,0.24362232264448316,1.1697315567903692,0.06020330658067513,0.9960011554144931,0.15263227818409025,-1.5415634060074248,-0.47711935965336016,-0.35103180240644677,-0.5667711693898644,-0.5477063681723028,-0.6104132583165759,0.8216285990381478,-0.5075813765149698,-1.0372138062444414,-0.07808747344789158,-0.5485948091183961,1.2061107385038514,-0.8520018453917457,-0.09693181683823994,0.1441976999872557,-1.518519203599659,0.7968979596454068,0.05494205272722787
0,1,0.5171351566559856,-0.7535665963859138,-0.7834882834812308,-0.4191021286757769,1.9153356594065294,0.11839913982701508,1.1513270889470828,0.8546685114921431,-0.5074266006933672,0.08613965299931312,-0.390854639676566,-1.0277798764427877,-2.0483390757575646,-0.8424751136205805,-0.6522164799863113,1.6876908314651617,-2.0540573160588873,0.46167613814047914,-1.1905173067682306,-0.8538370260206761,0.738646822715086,-0.975743422624978,0.7004931482980471,-0.6683177708028867,0.6167891002498259,-0.7044437701026528,-1.5036673760024164,-0.25827578244500693,-0.928778742200742,0.946132707656303,1.630357486344924,0.009382329704331045,-0.2809019950464319,-0.8458055061596532,0.7416170597162629,-0.7690013990641069,0.6014024067073532,-0.17923912343280976,-0.682400654741819,1.4675235982755996,1.1887131717829793,-0.3889025269480424,-0.07030949335519733,0.14033530679674397,-0.516321363453918,0.8985963529634018,-1.843045957321151,1.195308416208201,-0.2123787078557872,0.4413956213848245,-1.396110017764866,-0.09968960899155725,1.1022446826816468,0.3929344553240548,-0.5703426233049109,-0.6889566774484283,-0.7680274368862435,-0.7759739340935923,0.32615769070241746,-0.40843671280062555
0,1,1.5090308251051645,1.3827368758287373,-0.38029690452394843,-0.1560530231753195,-0.822758476494987,-1.2731068787797306,1.0373103214680768,-1.1575133256182375,-1.094102365435548,1.234179723552067,0.40901200735744125,0.5733447083832793,1.5895444017475044,-0.39681001237799335,-1.0612987317119953,0.2086267711434554,-0.6917464981120764,0.48472802831677597,-0.7069352695169427,0.28406164381161386,1.778365617861214,1.0033175489790456,1.1484143416008115,-0.10053438067884032,-1.3215571293926438,0.6455076967918255,-0.6047598049560403,0.8613637357033002,-0.037614526642116924,-0.5621649054802321,0.3146119528132415,-0.9103119407267565,1.7745963519508738,0.11554096173844443,1.0258207569694189,-0.1514661875983168,0.09284351383805481,-0.1737717673126766,0.48881191208974617,-0.5282766029254933,-0.8860349027198104,1.036789703086801,-0.029220969243038658,0.25793248158919524,1.5595982187964654,-0.31476789513165426,-1.1341942425657738,0.13591734324884508,1.0796868221339038,0.009806472837118689,-0.07025265230656298,1.324718899065667,-0.29709655490496706,0.02577463139512673,-0.6154162001842222,-0.4466617480507543,0.3068003970880865,0.9905413461257231,0.5696066332068832,0.4115873229407155
0,1,-0.21799609347342686,-0.48327261137801103,1.3684270956288467,-0.7912119130839897,0.5474594267363196,-1.7622605514227943,0.2751066501871357,-0.047465673269364246,-0.21632287936328426,1.3667273820945334,0.20493234054230805,1.3535404919747458,-0.6145549313283654,-0.6597364569257107,1.611960442821698,0.9917346638380932,-0.5812885799851353,0.9759577574843286,0.5633477560950155,0.029724362432724607,0.4061083675188667,0.5376796091945104,-0.7807580109824152,-0.6255007688237646,-2.2933004658868237,-0.8671332107595683,-0.7322771447457663,-0.9758999497192247,0.6528299288007402,-0.264030573447473,1.0833677539716509,-0.41391487006502914,0.4913259409966358,0.9762900271299817,1.4562093425710874,-1.172441438925115,1.7964126058737209,-0.29744655347387233,-0.7513178142801739,1.247914772213968,2.2555695866050094,-0.18110853675565694,1.0654895427153572,0.6526748938078645,-0.4339512618867739,0.25951580902288235,0.8528678672600718,-1.9580897017016545,1.0904453130804792,-0.5599772584188218,-0.4766057037562719,-0.8347391548063613,-0.692806665111534,0.2770349161427198,1.1798316824628932,-0.62250293883656,1.8956380738417689,-0.46964189000210316,0.9753774073567799,-0.448894609363913
1,1,-0.35075261498522947,-0.1656392686049068,0.5230500159378146,0.6684983670738234,-1.119190050243076,-0.9539525420757662,1.2203511658444055,-0.2582598518660786,-0.19702803124937404,1.0017659761774755,-0.40525894871946766,-1.439494882932898,0.6723271480418989,-1.0676229609235834,-0.3683003515408129,-0.2739456038583299,0.6117658693979542,-2.636849542414643,0.006737416223343585,0.03261661431696783,1.8926579624990634,0.5556361777326152,0.48922026250841033,0.5184650262717453,-0.5602429906042601,-0.869105002800143,2.298415646076751,-0.8926655429314322,0.8709864559273357,2.23885410003341,0.22121039532408035,-0.6889744084662134,-1.3665124666855584,-2.303608620511014,-1.8667207523839366,0.5634267039522131,-0.699125870664591,0.11974701155273121,-0.7373727818186517,-0.46234853540399234,0.9031131431153328,-0.26711445151945973,0.606885578900224,-0.9024532555044558,-0.5300374233887628,-0.3382164321043183,-0.5918792309238362,0.2661140633735846,0.45174154093961977,-0.9068028729498165,-1.4649337222011658,0.4037718111381997,-0.5211111799324771,-2.6536131164693226,0.0482224449357581,-1.261202579646748,-1.02591262344858,-0.9496860023923833,-0.6843956770655415,0.10503122978424392
0,1,-1.0794989380987834,1.1972907326116276,-0.6112075484994651,0.5810282485359884,0.822342672864376,0.17327492846626213,0.2873052840033139,2.2225532030487547,-0.9711186617472394,-0.2810724316355356,0.2809404819680273,-1.1457397955950017,-3.1434743775878693,-1.2331756154951783,-2.4331727640842344,-1.3301372939162233,0.0981792477780683,1.7513786169660899,-0.31400926577437066,-1.0064751325263985,-0.5181365715631826,-0.22258717331306202,0.7306047241388153,-1.187522069765335,-0.846060660466462,2.3000830047768277,0.46731827761863315,-2.5136003758020955,-1.0662742506613785,1.9125966878231426,0.5240298935082808,-4.7629554339388935,-2.458518164062559,-1.1284305979118832,-0.24998997961826316,1.0670551591993676,2.06231587083425,-1.7335272110721285,2.407836198930329,0.5837198881891167,1.2840156558853324,1.3890730996884473,-2.189704768364874,0.02961100431027568,3.0069618863295497,0.7217659552727114,-2.4810710379034484,-1.5331835155502405,0.83901943264238,-0.014522540212629524,1.4514162172551568,1.2109436687078194,-0.6260396256495183,2.5615648255167973,0.05877691035601378,-1.0624333736619953,2.6845477549639742,0.527681418032908,1.4728523455432432,3.075165095691359
0,1,-0.3162928808531423,-0.5575738729977744,1.4028055180089274,-1.4571138978682454,0.7497949459871625,-0.4601874373605323,-0.6582598660227565,0.6749584804609433,0.2096788496592766,1.4666440315833253,-0.9238492123826041,0.24593350416089074,-0.7752215191085946,0.18094629834953252,-0.39788848737613475,-0.4234766507714311,-0.45682971241559117,0.48091600095217757,-0.4162777977650457,0.5828084848791261,0.3289805492784069,0.2901698695806153,-0.3079024599652263,0.09013452973583436,-0.12925545523027468,-0.43696942900198454,-0.46537336825930653,0.08901351038340968,-0.1738518277674494,0.37894993899296275,0.20003238487655095,0.6566151556438597,0.012686492999689306,-0.9673447104780843,-0.866834600379827,0.32682807750106013,0.14395148217758894,0.8941866939449391,-0.40960906509086265,-0.11014585296225063,0.3672276976992606,-0.6162890969869751,-0.3567035095679025,0.6674587778590071,0.37337459713987015,-0.10045741872665666,0.3798223152092533,0.15574115145667672,0.07292003666227151,0.5623589381273496,0.0728049987764124,0.26730919238664863,0.4789770082311215,-0.06063899943044906,0.6562989954574541,0.007780111523434301,-0.1511826340068427,0.8979643079562278,0.18479081412213746,0.890314559541738
0,1,-1.05919570961127,1.345193152996897,-0.5613135586991763,1.1832896374910085,1.2832208368188391,0.5354790505397764,0.08995613789591045,1.45096211635949,-1.1632998472485663,-2.060902814749732,0.8628802955800065,1.2523594272854177,0.7774961586077135,1.5339369578881497,1.9051640915093488,-0.15807800911808326,0.6939501231064752,-0.40727232665513535,-0.9263830878057904,-0.24470109682714491,1.930070290061112,0.8215709642193384,1.136251392415254,0.7010771178239638,-1.0865511155106957,2.3183253703000024,-0.27289666093891435,0.4561635265437664,-0.4256415834540354,-0.856985723197607,-0.2352733160989622,0.21863695630145577,-1.3839658991277413,-1.3518997821134935,-0.3106157929966541,1.4558806180747725,0.7878863250586509,0.840779870171614,-0.6978223995902716,-1.9701294602042914,-1.4342198941730662,0.44267556570680033,-1.9875484125107545,-0.9687625123095988,-0.7686275395880525,0.014844686923779373,-0.21709194803042264,-0.2178172823583218,1.1497746675233926,-0.5516821198671863,1.162447680590215,-2.0031466862533467,-0.9805747387955916,0.3604595605376924,1.0155186242877419,-0.15865282719969226,-0.6037652286714424,0.7647974260965873,-0.07570964376009746,1.272120018341645
1,1,0.3014981515537731,-1.2099735674977212,0.4883530152700334,0.541279597655621,-0.10547108402552187,0.5845527767332317,0.639159899469247,-1.3731425398562984,-1.0158452097667423,-0.5968321401010179,0.8709907439074143,-0.004080843855973613,-0.8767116004873604,0.14019812495386552,-0.08780391345169458,0.1878042882296322,-0.03953023011385003,0.4372115791285984,1.0240716198650832,-0.5782573649781172,0.8110877792383449,-0.07851238102322816,0.46618216407675306,1.1279880276698844,0.9558247612423748,0.7514597957614506,0.3748285443597121,2.4053442956476863,-0.16473499139937003,-0.8308075283523989,-0.6849133663945426,0.4734207512112223,-0.25980527048883045,-0.6730676781094861,0.3564430339387404,0.3690030100910945,-0.1481979127032064,-0.4844098932780626,0.14187114373862555,2.3045126793781208,-0.4590045601181447,0.17506802261838295,-2.1309283698248116,-0.9587852121496196,0.14608787606692375,0.2819091494857479,1.5329974321466622,0.5886351181361421,0.6600042851537665,-1.5539708524149458,1.3588297364265505,0.33000758681326037,-1.307890314633012,-0.20144848866598772,0.45778864295919547,0.18963915779368112,1.1043842782842184,0.09429202346063398,0.6425728236471289,0.9127951932042635
1,1,-0.45298995365700667,-0.8848787204277121,-0.1625395704296277,0.7979704202773734,-0.06285409738921052,0.2583983099707561,-1.431933702609869,0.01810104026374797,-0.9556074361955657,1.0147309344646942,0.9335021552863575,-0.7641656430642149,0.22626356280501736,-1.3784320756164765,2.683928436654527,-1.384385431495128,-0.5425961599546842,-0.16989094307992317,-0.14049789436043023,2.0273483587339975,2.323260446845916,-0.27983196549604694,2.172766135617486,-1.0342935102542055,0.810161782367696,-0.20537850065366178,-0.7710878483154805,0.2807800923335156,2.2329046254045832,-1.0180873290129941,-0.02563609430671875,-1.8796653619993666,-1.2307736926577957,0.5945787960034994,0.5826349911604582,-1.8608366912260839,-0.4879577586359003,-0.7773810927897317,0.10333380865554272,0.23311774582251976,1.4279098773910437,-1.0347118905534256,-0.001083757859460878,-0.37920163404215906,1.1666852692451317,1.301099590233618,1.0732840377988162,1.8295240991965387,-0.7443881189353447,0.21693458914579497,-0.7848349175099057,1.8813080696158866,2.4450747127384806,1.9964810262353139,0.11506756793531953,0.8198594669658491,0.5416423964988649,0.8003385106838672,1.316949603872757,-0.4870618714662762
0,1,-1.2260989661261328,0.3186828762349054,-1.6685607268087206,-2.1289371643184274,0.06575742686511567,1.7940763617287119,0.7301860717693774,-0.5185730692275515,0.039941487534001945,0.7820870092457389,-0.9569372998007969,0.433150975578136,-0.5245756192938572,0.004970444014310396,-1.0161381759891361,-0.12572758875967396,2.913279140466406,-0.010351870949823486,-1.0203291129153511,0.15689590609058904,0.1714861121609386,-0.49623077801034504,0.25661725344828434,-0.16753113549455026,-0.46679466643597445,-0.7804767509662988,-1.1800815080586762,-0.07889651258707917,-0.16999730637891824,0.31176711083622033,0.32637777491182257,0.49359767183642267,-0.6109279049604801,-1.183827156087877,0.029868924499526262,-1.3872464700510168,-1.5936875327338158,-0.7911965488212566,0.4032582707763173,-0.49701849484120303,0.7499116697731051,-0.4882295941686367,0.6783740392973656,0.7564657622616845,0.09335302081886888,0.5468140902835477,0.4485318762753916,0.0319767876568254,0.488980264132755,0.03876737005575368,0.5873783151091718,1.314688163141884,-0.3496506369848065,0.28681346712442013,-0.39852789825090507,1.0713289585735033,0.5835209993792224,1.1637573524423699,-0.38098155231100955,-0.48361697490603006
0,1,-0.3449054190483059,0.9744211135077426,-1.317028507485893,1.325215317665502,1.459097332614798,-0.03027033095370527,-0.5532015479100704,0.06399684538379732,-0.48728730790305197,1.1382620247847552,0.1752683121743544,1.2704128639764545,-0.8426190834941948,1.228931929993558,0.7842730602711093,0.23951832431589676,0.5770636579714858,-0.5755057774539989,-0.39740343363360175,-0.8922895000062928,-1.3237401343366841,-1.0768270921543392,-1.4106609772952559,0.4527124247105756,-1.104373954741079,0.9542885907972279,-0.48340714316732675,0.1494781244099875,0.3531464791604143,0.8828634168248329,0.3440761785457001,0.8168055009773733,-0.7719658481018992,-0.8272729663169643,-0.38933957317493706,1.2933398716710491,-0.3007939777271788,1.549160935899025,0.2307856512060415,-1.4644433138937965,-0.15921380286148556,0.2735065073013624,-0.7550202428674477,-1.633946157936278,-0.7282615654200345,-0.9928942265670107,-0.6045951043755283,-0.18745953919465277,0.034606002961853746,0.5241644096603237,-2.104988550294566,1.4351041430708313,1.5526817166846894,-1.6268561364794334,-0.03664381388968033,-1.4853355245597009,-0.4325817538558522,2.360538136386522,0.5158519048162359,-0.6626633421641759
0,1,1.97418073089984,0.9312199137288729,-0.07216571837460695,-0.1417272879894531,-0.3114036994511551,1.30768279275426,-0.43622427727777546,-0.05997595697622079,-0.51800226846384,-0.3175759252922311,-0.30612302692283716,-0.8154431546993,-1.1972755025954367,0.6775754058800215,0.8203714209423143,-0.2448736916135148,0.6989318566014894,0.41707371464757104,0.2565478978842185,-0.4093295948097843,-0.4078495423362366,-0.6407586289727868,-0.08147702989357387,-0.07553844392926072,0.314042077178857,-0.6895568115614535,0.5790781066866737,-0.6414801166637696,-0.22689649585103425,-0.27363656524489194,0.4138512043874487,0.44298989603702427,-0.6368433440107694,0.5814757733283515,-0.7102565293831468,-0.1026444892660354,0.1017902061688693,-0.5329588887146335,-0.6408649855525382,-0.15370162696998751,0.41955743467512757,1.1136550116157033,-0.1583511370968448,-0.22556901928024237,-0.681874595073971,0.2069418233736538,0.11056986854284799,-0.01727166009078142,-0.2652303415501619,0.6813445223335951,-0.09783681650681328,0.09544925911870104,0.8782478429729481,0.5675605126152198,-0.08118095578222174,-0.2448283879794811,-0.3255353996101746,-0.45648801645241527,0.5606838249241929,-0.2729873084614225
0,1,-1.270534224650414,0.22698923522316433,-1.7167286434685691,-2.0854267231934034,-0.34707491595263606,0.9741002186797401,0.5055158646543485,-0.6809698761036862,-0.10279021162940463,0.3388293573456398,0.1760218066382022,-0.026733476888519618,-0.23890243099631908,0.07664860232848748,0.2823716345932701,0.7136917649640929,-2.7234293842094264,1.2817094065643726,1.1785150695620918,-1.9865422011614229,0.5093044092087369,-0.8257265277640156,-0.656309401927884,-0.859218172335217,-0.7265622077220266,1.190600597456689,-0.46927153138748856,-1.6967970394630254,0.8266841061574753,0.24845765203046852,0.022367409360046196,0.2796691832072576,0.3254820295510517,-1.2947748567225115,-1.746739904550382,-0.08970857272955862,0.24518070417618829,1.7671152932499754,1.239594404223907,-0.17222013409803283,-0.3760733594380065,2.148652293495409,0.8764351823594423,0.08783045216730045,0.6712166035334234,0.1542575060932929,0.11898528507892636,1.3000956682802143,0.48575046513233966,-0.8863090228515668,-0.3829273906712299,0.47616251386187125,0.46452416461058854,-1.005463951116453,-0.5573380538834789,0.9787509390071614,-0.4326982127285611,-0.35175554576796525,-0.35174860832785804,-0.9367224150691212
0,1,-0.4168008462110001,0.5613494366012605,-0.8531483135840154,0.7841612690139579,1.4100358160986528,0.05463973861763269,0.01226614432567624,0.8954708414945328,-0.9379229357256094,-0.5759958044211381,0.5286806978443929,0.11709239906887725,1.0075556258330896,-0.24375166506917262,3.750086025896798,-0.8502012752366679,-0.37906929054382743,-0.837252230392954,-0.4844509765241905,-0.20299284852449725,0.32071626059278197,0.37221310507251104,-0.07210841688594485,0.5164174541961909,1.011880796470235,-1.0599078507795032,-0.5453587270291527,-0.7792573707888178,0.22271759299384433,0.30064212231668136,-1.4752565078935687,2.087515020030961,-1.3120101023685986,0.6815921075908548,2.1743825114139796,1.1029969954928989,1.1328668875615429,-0.26382990084670765,-0.9828181027427282,-1.4043725741998125,-0.8489856864813924,-0.505669291730207,1.68844779472882,0.5038946744971491,1.527472469898483,-0.17190958324499156,0.07381671884917938,-1.0227236987624506,-0.18060733775862725,-0.013698110518872484,0.22100466974624056,-1.245431323045732,-0.3053125630438124,-0.6466850547404519,1.10697269580717,1.0551417407775023,-0.46555124468710357,-0.26936220274328027,1.0804692977615207,-0.740477962709849
1,1,-0.7607711485683507,-0.4083974445787373,0.5197824058665557,1.2545689885679396,-0.7189335704049802,1.9024294795605912,0.07734557723939903,0.6038706771175615,-0.11856098438763715,-0.47108229089505377,-0.7719303791706921,-0.5923844058150283,1.1800609872673946,1.4472366400903893,-0.40736334954896297,-2.060315077629965,0.24811688713887914,0.49673352682533145,0.07562617029422243,0.8462388109550077,-0.8033426485923797,0.6367374970039325,0.2904745802099279,-0.9876362632012411,-2.220880745170666,0.9875642041860468,-0.7819400656097681,-0.4033686405997122,0.036577220275539835,0.5350528732250655,-0.675176492859077,-0.4489276221933783,-0.14413716419979128,0.5110486273991632,0.21898884101706473,3.1167415460317955e-4,-0.6983873365784421,1.3511470873463238,1.0188237625038423,-0.02178514772397597,0.376853826050355,1.4100286014738557,-1.065700205190919,-0.02469423187442993,0.3190689125123083,-0.2329359116920884,-0.16798122110209288,0.0632290105387963,-0.9539006082485912,1.1951440728627856,-0.2878961121632553,0.29878540838580187,-0.24621153242634863,0.8086605718811227,0.46319957522153277,1.2846045803665112,0.1671382442041242,1.607347949940083,0.5752526557774332,-0.3725821550570064
0,1,-0.8859939346457464,0.8128517416026101,2.227584623636581,-0.9476432876938007,0.22892090013149535,-0.3800615785824669,0.2679439844119113,0.40648758474338365,-1.03458576531796,0.8814443213006584,-0.4666808631246438,0.613751782820179,0.5445957444507293,0.13291046854996702,-0.3295268643583265,-0.2526534303410684,-0.11356291989979635,0.5898288636661843,-0.17619699867013644,0.1360951636494882,-0.5275345941293961,0.12749207996539508,0.19951278904604028,0.6229175439353722,-0.1403973642323655,-0.17286132912687685,0.29219286153200047,0.8238920965110983,-0.009611295359363805,-0.348921116345186,-0.44343962354474614,-0.3353488587548331,-1.4547109563465508,-0.551839725497969,-1.0910212944924391,0.252081864475685,-0.19810436799401698,0.39753953829802857,-1.5433139112820344,0.6179521011005136,-0.6862784671405637,0.107596149380842,0.46868950994688324,0.21801200600670012,1.3440932723256547,0.26976474957249474,0.695900807011322,-0.3937458389742565,-0.9166645773348628,0.6131682693367274,0.22220590667864729,1.2033673355778098,0.7890793222844922,0.045229391506661006,0.48125212755132085,-0.32426191514992037,-1.1699122110199818,0.0086757070902972,0.4626695138097866,-0.6739851764185397
1,1,-0.4244892386936398,1.3734863949007285,-0.3844634517639927,1.437618382150723,-0.2684409663776488,-0.09864694086643207,-2.7070937958531753,-2.224601248962228,-1.0751535254768498,-1.0918479380067838,2.200464918717663,-1.348984083004588,-1.6747412402525645,2.8593600465740185,-1.459306624339884,-1.2512769160917296,0.8313746033300822,0.5170630346848178,-2.044063834544103,-0.1453516177386181,0.13796705064222395,-2.2151219380681524,-1.4856019943405416,1.1690414544000545,0.04480893105276608,0.6989807540578415,2.097970482018791,-1.2383415417830548,0.9009259875129879,-2.573792081897915,0.44238730114578445,2.920234777258566,-2.641198669690975,2.115550887691545,-0.5847994894420311,1.119481511771328,-1.061165883758986,1.278900909546566,-0.5606093221783434,1.3568623658202157,1.179539730073502,0.740427366834614,2.214872729171254,-2.33543846858041,0.5889912473968056,1.0880259329392719,0.8451586321255019,0.7619892197116547,-2.8756724054483502,-3.5988274119855475,-0.06896535412995629,-0.6163947067959357,-1.287642806509193,3.472250212075501,-0.2261587030525416,0.5991716571640313,-0.6956458726947122,-1.144524211991042,-0.7239544449444911,-1.106635905714705
1,1,0.43255884233792846,-0.3650264244891137,0.15213360203422782,1.106401131985113,0.7720287480559044,1.5213777025268034,-0.27302206796031353,-0.9364132417024377,0.5613808756910167,0.7747243860878005,-0.6962070581453417,-0.6068894332822385,0.207742492497667,0.8683475045690767,-1.3893183703478376,0.3706187621776949,0.6907579443218006,0.8824473740892504,0.27212164774537656,0.3147190395766998,0.5625163681946233,0.21580519666967984,-0.1964943293609812,-0.18783318178691064,0.40648348398694034,1.128006312481727,-1.132669142784192,-0.011138187007412715,-0.3185907535225191,0.43114774107100134,0.5859784373914569,0.37673730260939425,-0.22953412161879208,-0.5069068358653266,-0.21649561111719168,-0.27034989811071036,0.4191390839693139,-0.2699122870912363,-0.19058543996714825,0.006189442992509756,-0.7359373962120443,-0.3215035568038301,0.010047317645473682,0.41664154190790165,-1.29952068153153,0.5145662262952551,0.5762517266113479,1.4147147505186304,-0.8733471227878186,0.3578006913048093,-0.28390961092713224,-0.626606586496923,-0.33459067371906537,-1.020775140969584,0.054793692569701576,0.8712408153063893,-1.036492230005781,-0.16208534982354075,0.012469649481893347,-0.3512419995700632
0,1,0.09347251028354206,-0.36522239921254507,1.7919992782623022,-1.2412497423329423,1.1465088573252302,-0.41142981881913376,0.32777220369595755,-0.6675499930799107,-0.7143757083030978,0.44971453761872227,-0.3037513718664329,0.31786308435392263,0.8962157765330246,-0.2021730399627176,-0.36719170916492,0.40504881542032173,0.2640925793484561,-0.3357125274598817,-0.1666446350514874,-0.13037082104952874,-1.4260349931551977,0.6336471757023501,0.5014467398943608,1.2284265821853446,0.23366865949291898,-0.38920775026060583,-1.1746982696231447,0.40086518634100793,0.06419352424048798,0.4038746820933156,-0.5100147287567981,-0.5322744493387715,-1.3470097138745003,-0.1405651790712463,-1.0626983046712668,-1.0335343977974765,-0.4289439000915795,0.6661433081144615,-0.8288411086299029,-0.2728522373218692,-0.8412135161029618,0.9013858835504396,-0.3778156091120845,0.5069170911014469,0.44035794851796894,0.6905320092770646,-0.7737185056694997,0.10681421708863126,-0.5848051146641935,0.1560245956260271,0.5894176406475107,0.16973312581409367,0.5919325604435799,0.31456938202867735,-0.5258308468799805,0.03582093183314109,-0.8335845731919285,-0.30804795212757335,-0.17327906187948677,0.33941009105161674
1,1,0.14188859162686615,-1.5064329003656325,0.49757156960201454,0.6202382103740411,-0.22632691443670216,1.1483180583953023,0.1302285027095145,-0.733977162667761,-0.24809604097031407,-0.8294147878764404,0.324034648412911,0.05735127827132107,0.7737527293726313,1.4034226238223921,-0.6755820383622333,-0.7055086154619508,0.4516416385328183,0.06953504833666073,-0.6784265998974425,-0.0018126264200512073,-1.3733797482640158,-1.0636619354968742,1.2543163835019722,-0.3558650668322257,-0.6921113900556665,0.4364731310212606,0.2228597862096399,0.4427375571474857,-0.0694141447176647,-0.5436507369994102,0.48190502661470697,0.18013667921682983,0.36725317907117483,-0.8014093678453358,0.508000586330593,-0.12911620981599853,0.9649146286211756,0.671165985266215,0.45050489527861187,-0.49402463005883823,-0.5933642922655309,-0.11881548962108167,0.6775014329840593,0.10628466757957492,0.8956079818490058,0.5300774970218088,0.4177433718150732,-0.97121404250805,-0.4192478072413507,-0.5938659556492079,0.6214959598984402,1.6457531049554361,4.768808099059622e-4,0.9633968473156732,0.11392528887199645,-0.015526765300483315,0.12786632738188133,-0.05060672166192759,-0.038680797171985096,-1.200965618178562
0,1,-1.3959198691506605,0.029201541072339025,-1.1675547384780425,-2.709321364164475,-0.5025857921053842,1.5963035455748338,0.025593411523931076,-0.4605804085259118,0.4816697981469183,-1.1280703489810568,0.5459725683451904,-1.0342593868820835,0.3247133598884783,0.5844518580715578,0.06221752215745807,-0.23910884226519524,-0.6126141048776543,0.4874270995491501,-0.48955196228029213,1.165938544256236,-0.2990477070281143,0.2815878519083786,-0.39857482477216477,0.5538003796908421,1.7811313055489688,0.13476553390136098,-0.8302172328729904,1.2458417226962442,1.2197643103563927,-0.45335930250261075,0.2406997914876449,-0.38631189540135147,-1.245072394564348,-0.28211673805388154,-0.8752217762786824,0.526473296345497,-0.21531409241724317,0.804597141242846,-0.15738907482379166,1.435267390077154,1.168145337304901,0.7784260829257031,-1.2500785414602142,1.0273203789937535,-0.9003976671360274,0.13220212711010418,-0.3585934700083469,-0.8282367432445442,-0.03022070383766164,-0.03741612158084165,-1.4552228093317165,-0.27311891654041376,0.08438006820645526,0.3702025223630296,-0.06707936319996144,-0.5518765325443316,0.3757120665765668,-1.502257641279475,-0.5697067822224843,1.0248255099253858
1,1,0.2264270244032885,-1.345071196970458,-0.06892085886843413,0.48794645404804654,0.24213234854458895,0.05333195512534351,-0.0631834615975828,-2.0194027158749503,-0.30933241028810454,-0.33393299721368075,-0.0850880033174551,-0.08302975832732892,-1.1488265906089903,-0.25038611109084424,0.356024219841554,-0.8740404491831888,0.28966885241640467,0.3524347234603932,-0.7039179118998975,0.5976711379364429,1.6677556128268276,0.7931849060503279,0.03687060042214409,-0.722837221930161,-0.08349513809793711,0.3454936299446092,0.17777330410098122,-0.30202671690153937,-0.5429872805453492,-0.9851851658099018,-0.37585018973562556,0.8689292468191937,0.47118161863633556,0.7463865190845178,-0.12240967199494172,0.015407350684713226,-1.0855143932977018,0.558896289113315,-0.5287107299711427,-0.209472175810785,-0.05351417721690949,1.114432758184007,-0.6423650804492302,0.6301692854042582,1.3226362371825167,0.285090335211752,-0.4920122084027924,-0.38960708495479673,0.1652023073882634,-0.6024713395884924,-0.3261112974651611,0.1308669717539184,-0.5266292011208258,-0.30677117036810286,0.4595497197520787,-0.586172720884637,0.01808644664893022,0.06321907048812225,-1.1876338079408577,0.038193919924542984
0,1,-1.8470684752491722,1.4072320256054898,-1.719931937076027,-1.4091280891560725,-0.8564530939172103,1.1080414842076949,1.1123120759667848,-0.06160319962831246,-0.2070838485929535,1.1999499437156154,-1.8019102959130686,1.0976240224904412,-0.7373247512984588,-0.9828797284984938,0.271020096140566,0.13924083717899502,3.1046836052626166,-0.7361302799593462,-1.621023879315576,-0.5688632635050532,1.4308559048001557,-1.107394164175216,-0.12081442735759261,0.47295650590855604,-0.6129554058393644,-0.28788332683456636,-0.13687007708799084,1.2504840923541813,-0.42442372924917693,0.350156143078587,-0.13692853455773837,0.7744301146362488,-0.7193555752906049,-0.870351024231974,1.0901523992709827,-0.3991479556377783,-1.06199091035657,-0.7812644656952925,1.1640425659432139,0.02335544758035868,0.9499639376043116,-0.02659455848620254,1.3499769590260775,0.1578500759787578,-0.3186414831411882,0.2130938559819352,-0.10181641422447509,-0.9177098265896493,0.44317766621208265,-1.4009286905550378,-0.7040063609318201,1.4162907372103044,0.6418082010855988,-0.31997694577859404,0.23885248569793494,1.5662688132183245,-0.6023428041825692,1.5839809041324735,-1.3258818012030331,-1.0867058038110864
0,1,1.7997546857322202,0.8100724451310733,-0.586816831095616,-0.3394053368155581,-0.6722913579603507,-0.45663448171396587,0.06178254215957026,0.29662871834294946,0.7053905710854681,1.5202918909935474,-0.7589861886767311,-0.09193077682002351,0.06671642967920859,-0.674013554587232,-0.16005497035076324,0.2820356082407711,0.28986409675056496,0.6343637825108837,0.11636642301081424,0.14810788466140562,0.5932532439492724,-0.5973081636018434,0.8457913992328987,-0.5014413285955613,-0.7860066199345608,0.8842185639571966,0.08422635043783647,0.05350294609396777,0.36383147609366867,-0.1175784545165871,0.5663725245812601,0.1114482628648978,0.2108929518108025,0.5290770640753425,0.3742138021906183,0.14248286531316057,0.08202147432384212,0.8411094588811087,-0.9611087587495629,-0.9654200890525725,-0.9429421335602903,0.1691615783731029,0.5188163277886361,0.818470299211984,0.28674718901339225,-0.8809121073723847,-1.529449747838193,-0.7521227094093605,0.2809858216285818,0.4818936616109668,0.623670259244333,0.24691004495076135,-0.6240054184646467,-0.26335470006794387,0.13878319111338072,-0.544890772095001,-0.39736513132877493,1.0201926572443147,1.0394109417818018,0.16799647836312695
1,1,-0.29199481323667575,-1.703525040146569,0.7850808315366559,0.0983499682807429,-1.5913139238012486,0.9394127144591718,1.209790877976916,1.1170435329843535,-0.6648572687779934,-0.5464302920386185,-0.721996807625131,-0.48077225098424087,0.8033795510746943,0.6076232496104386,-0.29980618375434936,-0.6435109653625856,0.6629080787012755,-1.1329521238909812,-2.0647065728884977,-0.12593666773522716,-0.3933264175004955,-0.24922142713576814,-1.2477424274416762,1.7477663238381955,-0.5053408931114602,0.8336966776110418,0.18785521665109675,-1.3813858070332736,-0.4309494229371046,1.209357374251091,1.3724001450798404,-0.6823435207877033,-0.02748371207753544,0.4416062488429116,-0.550363290171049,-0.7008656624600985,-0.28644156331981346,-1.3893098623212374,-0.7245360042151704,-0.04517523701814182,-0.5377991220822004,0.20542599587572077,1.2531225037019675,0.7035988531288558,-0.820207828231087,-1.6189545594534063,-1.7567585204353497,0.2709073215842789,-1.3505577695848943,0.8720482878548215,-0.19337670517337763,0.35415098866541406,0.9620439948639881,0.6387259583505225,-1.3992086192104505,1.4530853125622025,0.515149765729717,0.04498383039679742,-0.3479035137251565,-0.10918677548777998
1,1,0.0805536440072982,-1.6437061807784075,0.4526410440524995,0.1803774920001069,-0.43012495695731945,1.0689496508895961,0.24955247134066877,0.2722927967095022,-0.48297006006864057,-0.854837387905888,0.32462711053751203,0.012888710294092108,0.7304432286146367,0.30540756214509984,-1.4334472307813224,-0.4676945927030307,-0.0806905657141362,-2.3607986016088516,0.9029764486115511,-2.5878438118729186,0.35720934874913896,-1.3277568211903803,1.1324597969054813,0.10936017641937279,-0.34477378930235497,-2.8739929788954464,0.43256418053354473,-0.4432381128668118,1.0027058039130745,0.7575096850792016,-1.076453644851454,-2.780052686069399,0.5632173264688559,-0.8552743203200035,-2.1944191426306725,0.14558964589873546,-0.4659347452624665,1.0051790174032502,0.1453657919557388,0.8781578601707903,-0.6782193958268833,-1.2032079904265356,0.4406237819720882,-1.2527405255003587,-0.839578384974558,0.4744348672885153,-0.9883022675804622,0.5790721356558164,0.9692647791054366,-0.6155077510952064,-1.2074062879488447,2.4057284360679816,-0.9156812347401763,-3.1758921644058584,0.5536350591108385,-2.2945107983227575,-1.2176329401550716,-1.1133981106888964,-0.11335928911573519,0.7374642210858241
0,1,-0.9650851201919918,-0.055732549769533686,-1.1795578695056954,7.067823048248089e-4,0.3848602337602159,-0.4382533349509966,0.013307196633110882,0.6307892920751623,-1.7981972447489567,-1.032930818276505,1.6668273304461352,2.3910420507940695,-0.8500095020733055,-0.12143036773867252,0.9717478831465967,-0.02935939163495558,2.853756683589554,-1.2524617331374128,2.1976140543582465,-2.5264012321101603,-1.5736485919044902,0.9787764257326232,-1.7369727737602505,0.14369881943800833,0.42111169486761973,1.7743635844189476,1.0723767239029092,1.243107421471527,-1.5146195023820634,-0.6529255338684302,2.0812293562285515,1.5129079025325285,3.1301034177592784,2.7491999370534552,0.9030647208364094,0.993141580895434,0.5628457073831619,-1.0766533316723954,-0.5512658951083396,-1.266782605724309,0.7361373014244343,-0.07616832034161206,-1.2181671275733075,-0.7553355830197872,0.08098833337472029,1.4073792079775191,0.3944043529065296,-0.26386059734384276,-1.9457100200442312,-0.5518293694357627,-3.4705492305238086,0.49115092185163095,2.877631212007125,-0.10903876297210202,2.213521161932343,-0.963099261347534,0.9798279632939395,0.5886017992080316,1.0107175594226894,1.2069402321284204
0,1,-0.44541072467819437,-0.7011590290787248,-0.6472487362511684,-0.5288353761139027,1.6038636343645456,0.8157020708614707,0.42583773901176747,2.867206697462207,-1.4680474464049644,-1.1716968920371238,-0.09283234118945825,-1.2958783760861563,-2.072294460862455,-0.47914068573287044,-2.0008140617018464,0.32206386782212637,-0.34286927003462564,0.6787612696191346,-0.6010964045300703,0.765642681870476,-1.2815556498241274,0.9195576492968527,1.0993723050946995,1.4216523631066968,-0.17980694188225618,2.795942818209484,0.10798513459915769,-0.6112767987571582,-1.423498980483805,-0.39503188423805263,-0.5975192842976325,0.5200096572583722,-0.3046638341990017,1.7181427725632816,0.15572669788380342,-0.6303359637841327,0.8287378469152262,0.9446941137790568,-0.0869972231020387,-1.7363217961632769,1.214329152866548,-1.9165355464155376,0.463827680749788,0.9316882876058811,1.2827944561824254,2.548833869813597,-4.056582301815723,0.24775121381783025,1.6743886094604181,-2.645106268808516,0.10445477277333748,-0.7393212720030256,-2.6353076369846344,0.385751556394432,1.4718489907064687,0.47213169837232277,-1.0738449221989284,-0.7912461037892555,-2.389538176862061,0.5902672625101928
0,1,0.5721966311540003,-0.7243081466892024,-0.8231978836335809,0.18043018023157115,1.765726721583457,-0.9499888117986128,0.6648837739660964,0.3260350586309997,0.24577354168668528,-1.384919140720554,-0.18563725713212392,0.9177968595075826,-0.5482603051873602,1.202896458546944,-0.03412598043515583,0.6432855647869044,-0.9816828734327437,-0.27398726246618815,-0.2457534738122677,-0.3068661106704891,0.8308570880009889,0.23007168269389622,-0.005828956223708937,0.7130029437129911,0.3146271818755775,-0.5748486310809815,-0.22774581197879148,-0.254617488108198,1.5022447393658092,-0.1277486569902482,-0.7039401337809009,-1.1772344046111294,0.21572696124348245,-1.8342389073569785,-0.6638020673014461,1.5060781814844066,-0.40324262040802217,-0.12200803891600988,-0.2009811333217788,-1.20166101805868,0.04628505634165645,-0.7460263877009599,-0.4609583480489231,-0.6623660774130584,-0.030296166077831838,0.4420551122210383,0.9023797209272211,0.2129711781136329,0.7825627738037949,-0.14077522349996374,1.3136298320717659,1.1356555325668904,-0.5521494419669948,1.4746467472264146,-0.3222233208438872,-0.04147419830273585,1.7309832188685885,0.7286742349155587,0.09068839749488963,0.85134964310235
0,1,-0.599925828005846,0.5574514812258534,-1.4082025099829802,-0.3072566172825988,0.5669147700418371,0.2447373659256891,0.5933949044235975,-1.4034868254296666,-0.031347541937916154,1.564474620558235,-1.0217615617778146,0.6117775357030208,-1.334996840276771,-0.16858878730925642,1.3221062634487238e-4,-0.13314462033632485,1.9135250968614765,-1.1488435202851313,-0.21842232856502827,-0.5183077156727822,-0.08340137175291358,-0.7942472940527155,-0.2944109886164926,0.738859459404185,-1.0827624249696308,-0.5026833529030156,0.2594574967969226,1.204371761688072,-0.4503576701113803,0.5978553657791378,-0.7896181954531761,0.45851095559948,-0.30190664532417566,-0.5722620938649156,1.491568384019008,0.14765782886142487,-0.3418223516959097,-0.418584638308933,1.0246333767462479,-0.6194124865216456,0.0931212966952575,-0.1493693857398092,0.7672177397302163,0.31012712114999363,-0.2913374553487087,0.4568834914732054,-0.5831611985938453,-0.4982000350849584,1.6720440112820336,-1.1111058742990207,-0.4866850852342917,0.4422689091152275,0.919863170014838,0.14331822589904666,-0.3542711577637027,0.9282334850176366,-1.7681591252275093,0.7748624799512783,-0.8990782171661581,-0.7458232948488365
0,1,2.1471175022767715,-0.02642017876284695,-0.24894449256989507,-0.2315738580818874,0.2638153413635589,0.8998833019940062,-0.5728882394656648,-0.03596049287065953,0.29018885933353583,0.03215396730477753,1.017622261407795,0.7761496853369708,-0.05108541069167972,1.1992716004628674,-2.0980048152739506,-0.5453549401779171,-0.4896710784608662,-0.507725329049755,1.1009893118752299,-0.37319266150302133,-0.19853504950085915,-0.8872902081961797,0.18562884389909348,-0.5912839441439021,0.8843621890812181,-0.8765122614308244,-0.13298142183358966,0.31943233749734007,-0.333895721198051,-1.7189265018533986,-0.2939062510157542,0.10451806235242102,0.7239550565315405,0.49097272450380786,-0.6844146895031571,-0.46820726440888166,0.6069895523461919,0.8829611309061107,-0.6379344653793212,0.5260427885572577,0.43252270804443715,0.5923692942153939,0.7074162956386975,0.8033761670634816,-0.7875821747222346,-0.8715820158035483,-0.4204848471657107,-1.278288679078496,1.143586647850773,1.206628019849849,0.5898224551516708,-0.4767827068522949,-0.3654593388757105,-0.1644827198850519,0.13042617664074366,-0.06416107119424035,0.35614173146279643,1.200044236032243,-0.11240819661178372,0.48058982393871585
0,1,0.16968004350279342,-0.328593746292181,-0.7944073494634738,0.15113015993243598,2.0885763263606862,-0.14876622775377601,1.4377749042954429,1.103171420999558,-1.0639278813852955,0.03011628271614877,-1.4399148646730153,0.4743214372789381,1.114798326990464,0.11155071333960608,1.6482732415163135,0.9322326795094583,-0.7660491705225515,-0.6021391100536589,-1.0859734696766659,1.130551989831272,1.139604461618835,0.610552173473525,-0.4924019822356557,0.04574582559470562,-0.9733231231566536,-0.18515402410750031,-0.38559238861115785,0.5848543063653261,0.8485646310150872,0.7881114085450044,-0.9024361129676569,-0.14549232020494737,0.11977176359168691,0.3051889632008062,-1.082745857088167,0.39915564870713816,0.2485033307562343,1.0029513113680724,0.7316550418658155,-0.2506194219710383,0.676630124851389,-0.13527223076033215,-0.9486939166261393,-1.2301381669853746,0.07775274492809418,-0.5491144807451573,0.7703789889200934,-0.14117981523076126,2.0268930683933415,-0.38899856649545583,0.2523968020839696,0.6231141989055472,-1.5916248369840549,0.6169325872746695,-0.9285299617831352,0.699192068751634,0.9442953158519104,-0.8390274373861148,0.8868062660645739,-1.1943250717562963
0,1,-0.25745962566559033,1.1207867969847396,-0.6514317772750959,1.6846577037154478,2.1857420938843153,1.1309652039783626,0.005476513725086439,1.3299052921722163,0.5037092996938497,0.3732357340754858,0.29295938161206664,1.0534643972539,0.7302715042934785,0.2705244788967247,2.131339858559074,0.10381575652395832,1.4466822436419788,-1.51936675257503,-1.0294582378168673,0.47488889704359105,-0.42814703604878407,-0.5601226125841056,-0.1074241903447842,-0.09993807875885348,-0.8286405722807879,0.9356236977198674,0.14363859398839754,0.891028663442716,0.1734725698594907,0.8466735465918866,-0.5886448103329247,0.807031179499603,0.33485366499884905,0.32455640139969427,-1.0729822357776557,0.6877035770931428,1.2031537197668338,0.3461704897387728,-1.2916465022684382,0.2635871591013662,1.0100994037692752,0.5555717524878959,-2.3356832259383653,-0.6084193369619423,-1.509741586256327,-0.17987304459818146,0.21546616583717457,-0.1323614197972215,0.6877299258299433,1.6282500605397148,-0.15899861580306446,0.787192693198264,-2.346395393280578,-0.07461399220014604,1.0824832426109248,-0.6524159329384899,0.5268493584581946,-0.548917076030603,0.3015077007954247,-0.5069992600343143
1,1,0.13263779001710482,-1.5334173913421465,0.6786007267432465,0.6970865538392977,-0.7825549780768504,1.0850852146300363,0.3917443152062994,0.6043931175711633,1.0295047722940491,0.27876449223320343,-0.6167995306646847,-0.5216483174685856,-0.15245478029804502,0.9630193947760235,-0.985020949172588,-0.3409021093644746,0.19740342984871614,0.7944311642446107,-0.46307777140554557,-0.27787095629628633,-0.33132796850105956,-0.6415437210814983,-0.6390646103919138,1.3678711505772962,0.524705076033834,-0.6268134408977476,-0.5989692691965156,0.7888658919248915,-0.13815432512978487,-0.35435926479731866,-0.16464114640494396,-0.9541967087634492,-0.027557589049862396,0.9611384162742744,0.8539646216673489,0.7319504129967558,1.3567138834791401,-0.029734568526727487,-1.0895225694523525,0.4871590945782799,0.14230552285519754,-0.9460426096462649,-0.29644434453998414,-0.18428825556685113,0.1788897678393283,-1.4862735341522595,0.9614443940543239,0.15222747959020072,0.8038661214995204,-0.5803420944371295,-0.22677676614732006,0.47205564108967385,-0.8558505075542294,1.253807309073341,0.18163125688659973,-1.7347110103123757,1.2864296998127722,1.5349177279119974,-1.415642305864547,0.7152819273032852
1,1,-0.005316907927901821,-0.8380998175225832,0.349697429364031,0.9536433101418814,-0.5174695521117383,0.5142010065939873,0.9648985505167276,-1.0311332345573483,-0.5771953775825917,-0.4036532561409126,0.29244639456825333,0.015921315548992197,0.3860373625044412,0.5806568916085323,-0.5452667983764756,0.12264001149441629,0.4599793145059637,1.2608418839252218,-0.576776676900256,0.9966385781455255,-1.0193206643634753,-0.7915768396495539,-1.0649713947164787,0.8525409171820233,-1.098059509835426,0.5773866364308551,0.4166768502310691,-0.4938830597450977,-1.2804737366321282,-0.69980834690339,1.900714299191739,-0.302587012005843,0.6925482420078439,-1.0125505942560713,-0.21173981079879847,-0.5786674379484827,-0.3399436620185976,-0.9654020742768196,-0.02203567807004175,0.2133553710111923,-0.5725144438521255,-0.05418509374379731,0.4764330375740484,1.4334238626941531,0.8945810526485812,-0.3448683812927188,-0.5479165575001356,-1.5790932601211378,0.9938281164293344,0.3545265041778462,-0.07619331929405525,-0.8387971347250254,0.10171736283041663,-0.4379501025922403,-0.8227893641826611,1.010796401954223,2.0409457788234935,0.21006693641573287,-0.32622243241343296,0.13148029221383553
0,1,0.6985086900177657,0.17482404960514922,0.6515516050899312,-0.9679956594074239,-0.4088731323480451,0.4630131341860331,0.29968067482799776,0.49408150917677546,0.936421085031499,-0.19124442338583383,2.3598228049245753,-1.4929690065628989,2.647361806149853,-2.454074396823537,-1.8667640098377334,0.8970936146841249,1.6647093585993462,4.142748069470684,-3.5276285077728744,-1.9859058829734157,2.667473725560933,-1.9215723168399443,-3.1616818103553412,-3.638871704949264,1.9702679235528016,-0.4502905736961997,2.39725504734136,0.2505673066823068,-2.098368164403224,1.960301563648491,-0.26433376800768915,-2.807210331956764,-0.7596847824041302,3.8600572487884794,1.0770288002192083,0.4824522830624296,1.0609074395834597,0.12065038669669045,-0.34767644684027077,-2.468561504331482,-0.6076274970923995,0.28758754646431156,-2.528940870079822,-2.1674076367880333,-1.827509366177376,-1.0676283586748367,-0.02150170180851336,-0.7828491585793783,2.9358975717155706,0.019440100918740464,1.4198611293603696,1.7106061037693971,1.6613707405180953,2.5872780407363827,2.294511996204653,-1.3808096270619943,1.1533912980119465,0.6547521954771583,-1.8601295149585353,-0.0033022707992556057
0,1,0.3594377325724833,-0.5504172757087302,1.7690844191486488,-1.2482111347932645,1.1446691636091761,-0.7968713558839075,-0.09065708464973443,-0.843954662321801,0.8586562105436357,-0.7815485091771313,0.12673564255644348,0.3560539328274524,0.634248507450351,-0.9072237262660239,-0.20096932087085842,1.0436276782539011,1.0700219788941756,-1.0270289445242964,0.44264108613836584,-1.108106684533459,-0.49108594062822314,-0.6556558072742338,-0.2308426106848408,0.40801621132275107,0.8730952278163705,0.6010490232932363,-1.597063423392393,-1.8629139573508693,-0.710549927787886,0.024704926345337705,0.13339619822616897,-0.4887642273612536,-0.0628823412718607,-0.7785193329616598,0.0027718582183408605,-0.7308128539228633,-0.14932223491729282,0.7976522931480448,0.047801891045373586,-0.5003491400969751,0.37400538892904334,0.18356283147551514,1.0123434624344965,-0.30615834314512475,-0.2402563792623113,-0.3816249014750004,-0.5806696219813354,1.1272826713043387,0.26598266731949133,0.2950281134804394,0.4792189440600982,-0.03354081817167468,-0.8105249722080089,0.29693823068708813,0.07029905417833186,0.15148091750346077,0.24880021738856742,0.7469796843005881,0.13661751445130263,1.7503882389710206
0,1,-0.6339116200387666,0.9442706027463267,-0.8522283210062624,1.1940100444176969,1.2764426416715318,0.23407571770877308,-0.24220068360353122,1.414662847809078,0.01292388500701327,0.38178803905714215,0.20986084116003997,0.6696739027042977,-1.3864721992545943,-1.491330839778731,-0.12642139793915558,-0.5077882448501378,0.21227265164360012,0.26685237117798816,0.8399753104962207,-0.08035891837858497,-1.905177217830483,-0.4189953426131562,-1.894029366527507,0.8752236919118498,-0.5193980475852114,-0.3566829298750562,0.03514113283157399,2.1134829992426587,-1.2636925006316944,0.026374906586680333,1.7421243328601999,-0.8739391359173032,-1.2247468226820832,1.133608632285728,-2.1261701386893557,-0.2935431532789502,2.4670873133894435,-0.3746115603306487,0.03551612582478909,-0.8525802563389809,-3.289588736249645,-1.166082242483259,-1.9349140813859094,-1.156656424078236,0.5686216433341247,-0.25997559206857573,0.06724050044833081,-0.17499836977772013,-1.7940263364818312,1.3845888673876654,-2.675619092294339,-1.4492014540733424,-1.0248095979348832,0.09066885952556483,0.42646393697513996,0.33807454784884494,-0.43206121499039896,1.402971848772047,2.0648405905780534,1.170830554488758
0,1,0.1288607745422177,-0.43770575631519054,1.7866491534810967,-1.4084397544674816,1.0726985751026183,-0.7849215769721984,0.47414127530725103,-0.3412363772562995,-0.002206044342905988,-0.1541178615277877,-0.3857750389685511,0.921123341904216,0.36669595822928946,-1.1844316512088107,0.2885900472404963,0.6872118738905568,0.9853973801241347,-0.5912024344303487,0.7405823300931306,-1.2345669736150444,-0.008140821705592006,-0.648081138618666,-0.12128028285586666,0.3923682098864988,0.5676196696898049,0.7116146116350427,-1.3623429251481636,-1.793704602613495,-1.0320152660639537,0.5585711146254522,0.2994980797541535,-0.3494820629217255,-0.8295373974470677,-0.2906069267496663,-0.9960144489732777,-1.1535071972914253,-0.7444308965030568,1.7972422042034166,-0.5878434847760212,0.30441259802660714,-0.2860580699725944,-0.3642111296868929,0.7086909065517737,0.18404472426547938,-0.02503155700561599,-0.6736068663372207,-0.2241729820632674,0.35290174280712716,0.06149778883756908,0.34955615262117723,0.6437978118648483,0.6172149841697386,-1.0156416721291766,0.81106454105417225,-0.7979312422221791,0.5595408870776113,-0.11665639119499542,0.34592895097595217,0.6625022136472873,1.1387788802746448
1,1,-0.6089956788729858,-0.6098245977809676,0.801919323401947,0.6953505171761629,-1.0462586127819478,1.7504436160127612,0.7686049840883182,0.4021549059730984,-0.9136497843363968,0.6785580622833473,2.197218517092298,-2.2545753055791233,-0.4202291626633496,0.6294377733359323,0.6754247257549404,1.5256789754971904,0.7429067230167399,0.5761624465858912,1.1514715864174607,-0.3300739004595285,1.1567480426540293,-0.024715403767307496,-2.1268382816532294,-2.396746959296633,0.5822932360444109,-0.7020502866843613,-0.9668714338568648,1.9087819157094426,-2.2011442308779285,-0.6929581778990427,0.811529269685053,0.19972722166524343,-1.0772196991147183,-0.09172726122610789,-0.9828884773141788,0.9539413610138991,-2.056115674470974,0.18162929683081633,-0.3982644586210849,1.1719667527447293,-0.31402251370793544,-0.6934402375563669,0.3840858267001692,1.0672602023075248,0.05934111029737494,-0.7262052198814682,-1.0228515067149324,0.5117146213567749,0.9830725669387976,1.512490850190582,-3.4471264214172637,1.4566677044326735,-1.2788054556812505,-0.20076231946913936,-0.33103218761555603,2.815352968204999,-0.22626370092716375,0.02923311942978464,0.13468579444796586,-2.105144284614701
0,1,2.533937618897884,-0.6613470165819881,-0.19945242707875127,-1.7845873349008046,-1.1299629556285289,0.09559491632592809,-0.19528847500190302,0.9993114389471456,-0.2199099467693195,-0.6353081634214529,-1.086336730638916,-0.7695809310559156,-0.49420167923964736,-0.4222959821409249,0.7771288107318028,-0.05187451935612197,1.0100267069542046,-1.0464540580194597,-0.7954581986809809,-0.4060351965629611,-1.414343367132363,-0.8747081678695114,0.3320840168162643,0.536342751970177,1.1417769617777485,0.41523467376444123,-0.1361973615515898,-0.24838252692634896,1.6311287205590734,-0.9032498921727772,-0.31706592727877797,0.3479428979024596,-0.12634066779705985,-0.47703782390103366,-0.4552151502197073,1.2716483722591938,0.8086993792638861,0.34743868228603303,0.2651867585151199,-0.36041227130090286,0.09803210097670599,-0.05303961916572263,0.0732918708358541,0.04070050001388966,1.356500408745164,0.18891451793229566,0.21030946258212235,-0.23890040584924366,-0.40755582285479086,0.7384244373792987,0.5042944794598024,-1.6679770801689082,-0.47530813563114394,-1.315997554232536,0.9139220651926588,0.4491784554606939,0.06859919508667887,0.7638932380184298,-0.7799285402449455,0.12613410831534652
1,1,-1.395666823499375,-0.875905886478617,0.45325834047394514,0.5452957111548111,-2.1731237712766553,1.6247352857939088,0.0123780874147939,2.960947133549307,-0.9507992251343379,0.8744132362171573,0.6912827216184917,-0.9996557979883208,1.176520080471622,1.194037213161549,0.5055215309557535,1.4845581667636094,0.02459708590857448,-1.9812162885821174,-0.10318464115361645,-0.5424586603325903,0.2755546283472069,-0.023741197382320778,-3.872576134581627,0.515659142580711,0.5252149187269387,-0.8129380447042582,-0.8551147767592518,-0.23045137251661507,-1.7350044331414574,-1.1220774402450175,-0.2995433658729637,-1.9514445051911975,0.8189818482566215,1.342922948625518,0.9673987923795622,0.16020500614797042,-0.6844623652507629,-2.894216479545769,2.052088298710198,-0.4948574637581897,1.788212677417287,-0.2611154606851736,1.0789635604829881,2.878632225596791,-0.21861934796306462,-2.8331435965362486,-1.035001641763767,1.5627526573568964,-2.5171621874558476,3.1481489832021867,-0.08628000908101867,-0.7084892817717158,-0.6528991492572697,2.804146633735844,-0.5892046633515412,0.17338102160272095,-1.6013763840418411,-1.4889457283184464,0.20331326468473318,0.2897491582336297
0,1,1.4732248468792926,1.1444073146526914,-0.303324271250161,1.0280068232128947,0.8317636689362391,1.1507708687237894,-1.114912084150848,0.18373744513399337,1.9281797778578345,1.2578936963952108,-0.14548174910824663,1.4562854625246568,-0.5509120685739922,-0.4107410104499292,-1.122221436032241,0.756162113663346,-0.13778852757357343,-0.5693752911254641,-0.08475189038787759,-0.17820589129188744,1.0412373517956943,-0.6782127019385078,-0.8801515086012127,-0.14546837934781617,-0.3611082525993942,0.7266764325618382,-0.1891704789974888,0.44919481243653564,-0.1325004769321526,0.4738157944279751,0.29873678162943346,0.6068948681391205,0.6350537644775388,0.869731436461038,0.1656564348791524,-1.1697134522710486,-0.16291299049129893,0.619630238033424,-0.6327755768276245,-0.621930453746284,1.1035943910376473,-0.6758851637057153,0.2569050201783285,-0.46325994159274275,-0.5266409466274783,-0.9392496253372341,-0.5296571321222412,1.01954763572312,0.6974288077369797,0.707832036646809,0.11738469147217143,0.5489709589413486,0.09278354819256236,-0.2129906612776241,-0.16405772945216457,-0.1869839991077659,0.16891370942501382,0.6523845421250258,-0.05671853910812634,0.9829659234907498
0,1,1.1425421250071854,2.0109086224915274,0.3599789897167162,0.8363033687531377,-1.1928164809406039,0.7875220198178987,-1.8251498047085921,0.46499442724856677,1.4706171024651038,-1.9870330593367367,0.38227846666438653,-0.7348583006109646,-2.015259527373325,1.8291224089857736,-0.4146915651709602,0.3959881564016643,-0.2869360073732642,-0.12755211934020538,-8.697639360376209e-4,0.2137029086991928,0.0176693680387831,0.058671087219651856,0.26164686513555657,0.443381764229583,0.41181129886983914,-1.3884332620939794,-0.05364607826169775,0.5310196743349689,1.06277197412447,0.04461001181378214,0.15033676971506005,0.30320440930604614,-1.097499218684353,1.3123411524066722,-0.5218224257646824,1.2690679369123996,-0.3699074720048973,0.6653434943665808,1.1690597786063812,-0.6096918119205004,0.6162343496895295,2.0029877258821416,1.2298349713706238,-0.7427038990032429,-1.2804921072870126,-0.16271214706687645,0.25830364783204746,-0.23174753064452364,-0.4125330586496717,-0.46529425793935897,-0.1916532235496374,0.2571491488221231,0.08545147921409696,0.9210475959479819,0.8548255633283858,2.2595839343523236,-0.49956893861502144,0.2238156165799649,-0.7077951993227573,-0.1540825942027587
0,1,-0.815103748448753,1.408536308409837,1.273669394026339,0.46936825032557966,-0.056944422505733054,-1.193944068073066,-0.7597246748352534,-1.0569948030428153,0.6419003795120843,0.06117767991867904,0.11395061383526868,-0.08419954153367255,-1.4086427173417326,0.5258611024570491,0.8498453247412798,0.6022170915308214,-0.9223476990295403,-0.2124804475672157,-0.9221467272668177,0.09596503565940918,0.45340687731905044,-0.8706709025003607,-0.1504366964704402,-1.0415239746038203,-1.6360363323954543,0.3493989960926068,-0.11745862209336107,-0.6564025633805693,0.6720509811448184,-0.6482135481850497,-0.025381363174361262,-0.5316078783689427,1.2121798761384075,0.3652827168440997,1.0378041517775545,0.727121417851344,0.8850339672488936,-1.9103340993940188,0.3145959982279255,0.7724918282945613,0.285550247727283,0.8823078908977579,0.12238932801194538,0.4440676905151945,0.04231537213837678,0.9739091239141912,0.5242048017802099,-0.37380155859515085,2.3529521303516843,0.743691685993605,-0.90538924501981,-1.6680747510994907,-1.6744095493225066,-1.136859791883627,-0.48052009180122246,0.03386513120147147,0.47263884173244286,-0.8046072617316868,0.5108745752761247,1.479173364976366
0,1,-0.2818848730230268,0.09678722494395235,1.7089696331078688,-1.148780034745465,0.667371594935243,-0.4986685875652748,0.24029130585757172,-0.5408044574189144,-0.7175396494286093,0.42902867356614377,0.45816412399603423,-0.9791878448611075,0.2359076603949243,0.02760787480723134,0.08030824999137737,-0.6288577082317549,0.0144084460006557,-1.0369743930875823,0.44022540680391226,0.8300068314677984,-0.20915727293058692,0.7186925476981287,-0.2810397502969787,-0.8080020610032618,-0.506444225501763,-0.7361899135249043,0.2502616158555716,0.8369518066959345,0.7719107079067684,0.005182281459006122,0.16217364271479431,-0.12561388310935132,-0.19719442051604022,-1.0267185977022855,-0.8236699926776297,0.11981077419623017,-0.9501193354355741,0.47751889460011465,-0.366350767683511,0.3026332233097946,0.1662320447750902,-1.0672746537552533,-0.7289299385703883,0.542044348161199,-0.1402994179063511,0.14404251782873997,0.5351045275188145,0.2864925999852245,-2.2801058574980377,-0.5263117873593767,0.6393995247769338,1.3189401815185442,0.4839706915648102,0.8055958044296738,-0.43844272897170994,-0.2830745954142652,0.5766927641538704,0.013622941183148713,0.47620940246674454,0.16688399627388606
0,1,0.5235013296966347,-0.2909099454016944,-0.7199070898725526,0.43332950002823345,2.474675746539908,0.3833159442190736,0.6354578544534933,0.5101630356105773,-0.013044078991054019,0.8217370831309747,-0.1766306425976611,-0.6737274457369399,-1.1895329052149852,-0.29758630121129714,-1.052934629608537,0.030641619971936613,-0.20938325130799185,-0.5122401594876538,-0.9809876104722849,-1.1114520652690494,-0.21552337131295318,0.46202653963336004,0.09220599922879091,-0.8610904967691776,0.6518160169199092,-0.3288998992216827,-0.03116232203068898,0.14651641531133136,-0.5977656603636163,1.7388692900362528,0.20332025687070676,-0.6214237342379811,-0.5068594206815686,0.1368763952825534,0.3360343313912188,0.43003506484195253,-0.6984050645294756,-0.681238843782847,-0.6651355718833438,-0.048811177407705485,0.3371405886622125,-0.787997873936368,-0.04519247738095392,1.239222425576099,0.507522513213399,-0.16388756348836442,-0.25181852283660117,1.2090825258728741,-0.24931204176387098,0.10234823163406315,-0.8042420929058861,-1.2719820999743074,-0.7104117257236976,2.6100437718866143,-0.005926335203666818,0.03223919820750418,0.40460543982701275,-0.9605202940750509,0.5369897867777457,-0.15607325523198698
1,1,-0.2818331537978011,-0.21620120944219906,0.15397148922267034,1.356969180218856,-1.4377432870163358,-0.1073749934197183,-1.2959546547096124,2.366092848687964,3.7431591443148844,1.1715906015910273,1.5406975385231851,1.053805721987619,0.3358369889575966,-1.0545716643341705,-1.0419454042945577,2.80504016626302,-2.4294003148576717,-1.076907878089847,0.690291022338733,0.72436750810807915,0.8721711439756205,0.42356120188700147,-3.0266909443246175,-0.7466031004574537,-0.966442695991978,-0.5628168945756852,0.639418819565333,-0.1676749082521585,-2.266937460102779,1.4503548205296855,-1.3743800201018124,1.0730638829819914,-2.0800237906523544,-1.8785657859838696,-0.9091754079833702,1.1391854699316428,-0.36161718445477214,-1.778060832159102,0.7462559204245238,-1.9130831136962263,-2.9405107055690674,1.3561926182622346,0.6966762027221178,1.4284755302202603,0.6741670463319789,-2.611911461227047,2.037435206950083,0.2418330006181522,0.24852100901769728,0.7387050086303443,2.3584922694370616,-1.6937805919258855,0.027009037868218982,1.0765206141948247,-0.8437604325196469,-2.5971197282723915,-1.5051546399579474,-1.4007348225073801,0.9261542701214942,-2.84341459731435
0,1,0.9612232939681368,0.8131943999243818,-0.06549791581563892,-0.4197715313591154,-0.9512048084378013,-0.6659571696262272,0.3911919616242646,1.9111564761069433,1.3647895371767336,-0.05983955734940231,-0.018456495919504306,-0.7460701065973412,4.384854831628055,0.044212676552255116,0.360068600613779,-0.8479089375619542,0.35525398939386976,1.339256057520068,-0.024137662318686266,-1.0039451284777214,0.7907463005401136,-2.8201568163143866,0.456633929127491,0.47628861423036145,-1.5423461239375054,2.436571682682952,0.3211776245239015,4.40227508484606,-0.7520782879846863,0.939591069082394,-0.009521601724687422,0.29169630923517526,0.6590107764389518,-0.5217392692882983,1.8669540361927512,-0.8799956950768113,-1.4491030817156636,1.48749713648775,-0.6333316850879108,-0.06391870579970929,0.8741822813104062,-2.1213910412058077,1.388548387268467,-0.6752119855135207,2.2171308340767344,1.1008755647751696,-0.8845119239437775,1.2835007141777546,-0.08774395498478064,1.8880863073011087,-2.969228786151591,-1.0283129059502563,-2.041202254385204,-0.9690090509601861,-0.37789333777493356,-1.4902112650099852,-1.2131649537646259,-0.7576493151999446,0.20073970785652334,1.0187818300919136
0,1,-1.470357576502346,0.5059540766159701,-0.9108072602902879,-2.303318093078321,-0.3334526313464741,1.6080610978643743,1.2365949719281173,0.08238979667193891,0.6428747595018545,-0.8637666890820805,-1.6041084250464597,0.17529136000020154,-0.3559879066695175,-1.0235704200515332,-0.034733688477528855,-0.31284847392043813,1.4077999230351466,-1.4898770476934997,0.08804048433595213,-0.3187743370632287,0.7845655970992749,1.0519748557660165,0.4989877363593994,1.7958972559616269,-0.026940486286855515,-0.9554851751241198,-0.6536907935667673,2.951396852806553,-1.3343315265090516,0.3442501821109223,-0.17232385320389335,0.7235035562444692,-1.0484825731353162,-0.5647772763301293,-0.20516593152112303,0.17038693781854344,1.6588855398049023,-1.563129141187772,1.2971525239784572,1.2747117826847332,1.7528703819037106,-0.6410285291756324,1.6083182503206581,-1.4866152117856468,-1.8335501907945337,-0.8789312237237799,-0.2558671250168547,0.13376258976816052,-0.8213430971558567,1.4027559403244985,0.6050572143124825,-0.9384785971248547,-0.07551270872957892,2.4119620717343575,0.006436868577387509,-0.47315642036859074,0.3367879889710727,-2.979278731899527,1.1221504459110399,-1.396048294742463
0,1,-1.0491341195005974,0.3964875022429251,-1.7494398256736376,-1.2977463692936655,0.22797053984930546,0.6040629142259444,-0.12424048229852909,-1.1992948612112115,1.097128132506759,1.53177729887381,0.8401669796268287,-0.4639674255658954,-0.40804401776553967,0.7948482665125248,0.36559096406901365,-0.5875909298772649,-0.8461907347762972,-0.14169451365705504,0.9615135561214372,-1.3902657462167067,0.08594452476654005,-0.18777037017378642,0.6752582424222734,-0.16819847237860838,0.3950146427826765,1.4752294979684506,0.3221267555412171,-0.9557523361836263,-1.3309531883899284,0.9251655715497976,-1.500016276327455,0.3932838645637315,0.9162360936693508,0.04952291536845094,-0.8810855358843082,-0.7673579726608869,-1.1776216601425602,0.02395059645472256,-0.9509794235361969,-0.600195984248287,-1.0845829208596052,0.00527514955832788,-0.06635374119554566,0.05275068379581193,1.0032559732352488,0.6508672783582166,-0.1834215853955689,-0.3837292982652948,-1.227340847486889,0.9521814569702078,-0.13934610759089824,-0.33696438996167505,-0.02911892628890028,1.1923189034877804,-0.6794179005000807,-1.0113772143164037,0.22957628847161676,1.049247477720691,-0.645012535311329,0.05062052545003182
1,1,-0.3767583424817511,-1.3722296210464782,-0.8847316371858877,0.5387822305456637,-0.5174462800505306,-0.5832954018323188,-0.629368082587387,1.3206462628284814,0.7991848488626584,3.0459119880795473,-0.2909571681787578,0.2011397837817868,-0.6815403707768674,-1.4665161020407385,1.294659136592373,0.6029460581331797,-1.6881261174288371,-1.6634630895610274,0.9167786461779072,-0.6532171005135431,-1.5538117640199234,-0.8662880044241726,-0.46287620398116675,0.39045445651440647,1.1717285080659532,-0.72901079973435,-0.45119968416246203,-0.8670907288671166,-0.41821614342119456,-0.5160468979704433,-0.6338328818588127,0.2888221922122527,0.4809580472756223,0.6799428325618003,0.13073948292543566,-0.4269480420144108,-0.7735346839397073,-1.2964090198818494,-0.303405091345633,-1.7470547038203224,0.11804249725284567,-0.7138088051751749,0.4514029684440638,-1.0944904599940215,-1.02580395681202,1.4362908911099714,0.5655627347291567,0.009953277239517508,-1.4676948981891489,0.5559253202136633,-1.6000888597765472,-0.8619557401303328,-0.18904221073127153,0.5776405318647867,0.9112789918811589,1.9296443543307271,-0.47988299388644445,0.4718176236053929,1.4158485509924585,0.260419115180795
0,1,2.046974064942864,0.2884169332291632,-0.2772188189499192,-1.227768309127002,-1.008163830374708,-0.061076479843076625,0.5434224950810355,0.3170737621784485,-1.3541205971010057,0.4456202529835556,-0.7419567855903936,-0.24532358961974018,-0.017257050864610747,-0.2948989273161515,1.0216860419989002,0.666489899716037,1.5952123952930886,0.5582228889001551,-0.11173078158112576,-0.8087701971321806,-0.476141104797182,0.5717500063099306,1.2582182152528167,-0.8031146602226062,-0.3475632304303843,0.8068199724708046,-0.23115600236061923,-1.4116781669167526,0.20374368756724137,1.1107848598848,0.4996253449763481,-0.5439760021660921,0.9439207649958528,-0.8511856456203669,0.18548248541732007,-0.07107467782164031,0.13629176120895428,-0.18637580478982627,-0.1175023612679176,0.2049548413244542,-0.7647339589404275,-1.0934818343865207,-1.0989393776499645,-0.09496939745162239,-0.11533607755475012,-0.3303699016601899,0.7764345993192188,-0.0419314046114611,-0.5811970942439969,-0.6471350896494357,0.5660794761728138,-0.33668537527820325,-0.9946900144122509,0.3528512438836786,1.052270878196653,-0.07026724506889605,-0.23374254543704615,0.45258767283034296,0.95802157721625,0.5657082743447939
0,1,2.128031570711014,-0.07721613362043642,-0.3207835899806104,-0.586002191494629,0.1504664946955486,0.6798836435200223,-0.09579438901337255,0.33857301188796124,0.1277135948878737,1.434960172010445,-0.8563973896452507,0.23144532638552218,0.5169747951145,-0.4815318914694635,0.3404838678269569,-0.2192901802367092,-0.15134020098130208,-0.47489144623309654,-0.5743646814784776,-0.6770794172743967,-0.004278602288640662,-0.8412310104140328,0.021645240178237123,0.65126150913602,-0.6914182264593686,0.623725903048818,0.31169034008512647,1.1912328261299248,0.23311197950679727,0.7756978967765047,0.4190000955545202,0.5803380418098182,0.2258203430760261,1.295055718176184,0.311465703027306,-0.09327122010154672,-0.5118977343339676,0.1623409811212719,-0.30695506167660525,-0.9686745594012595,0.30627216928181095,0.2466013978223482,-0.4860350544688858,0.7516348578762598,-1.179850038438271,0.2201847921606596,-1.4066527857188305,0.6301109204878326,0.159292958164054,-0.24150804258251315,0.38533504897152326,0.8501061279599682,-0.07753947723584347,0.31878565537843995,0.7708822304650325,-0.14317993053952247,-0.8252050996344471,-0.2338628246973759,1.342359037266904,-0.09442391474993288
1,1,0.6004155831718502,-1.5932023328237537,0.6356950488391871,0.5079522730330949,-0.12210069898508474,0.9951159246342551,0.5107791190886328,-0.058071148848156166,0.6279817240934014,0.016641333899099685,-0.31664980392113795,-0.9393037209435933,1.3197362907286407,0.7441661393563457,-0.8757858942964888,1.0348944347343987,0.7440784603625903,0.15614997036761546,0.5467474105504477,1.5405768521067678,0.191621682967144,1.3249146498736453,-0.9601684205963184,1.073943030301852,0.28539151258292256,0.6703209865635767,-0.8221996544479597,0.15328517139444559,0.2861109138391384,0.09929195618583209,1.5387379485569157,0.4962954281702032,-1.0136909274826071,-0.713441432172019,-0.32625782046604646,0.09947911484970966,1.465379331310582,0.7810111579050415,0.2631162923119449,-0.43438701251411205,0.7067375230237998,-0.6681628881369652,-0.1974811534256738,0.5236598599750146,0.8287826853133722,0.5120797788627467,0.9528819257268103,-0.4901770207727481,-0.04791596855157803,-0.033686340563830054,-0.881307098997103,-0.13520544375178672,-0.360287574903686,0.5999996855657759,0.2674464670962078,0.4970613935742849,1.3366830917104957,-0.006276450346135479,-0.8932058417851231,-0.7169244125688992
1,1,-0.36016235581954753,-0.19013804040255586,-0.19801153020994167,0.9212789294855749,-0.8321987395560002,-0.5462700955043658,0.22501062200895836,-0.369778630557756,0.4655519249202148,1.9732619638448843,-1.2310177348127194,-1.2046859968390657,-0.8491292500401268,0.122854040970459,-0.6953993932688125,0.8374467384914995,0.5165793473551644,2.0397982827212333,0.565657657141281,1.8973003628899465,-0.954808068547727,0.6767488071346531,-0.645008108306123,0.34760216642251657,1.611217201838043,0.640028992514968,-0.5086007150005375,-0.24323971366164468,0.4028198601512906,0.8241378784129123,0.1036272309013085,0.1943934085235404,0.4208160076687597,-0.04296918318990922,0.3573674459089883,0.14042471636854442,0.5622839962352248,-0.2395448503438032,-1.3712678664950142,-0.6797159043875761,1.3586351110613597,-0.007015466336018725,-0.1197249874926782,-0.25432942833744643,-0.344352145914191,-0.32140555883784566,0.8745248131326935,0.3458953682161288,1.227270444324038,0.3162238446468199,-0.30672563455971996,0.1162171526952493,-0.38981571290341344,-0.6542811458373873,-0.380093457787792,0.34592767040231565,1.5202231722326225,-1.3186499103106628,0.8820763359748552,0.026676974036196538
0,1,-0.04595400651364359,-0.3126432254722584,1.442701436860408,-0.8448255110740424,0.9962013511282469,-0.35102194353376936,-0.49539178166911313,0.9841658434132624,1.587984307402287,1.8624863703362988,-1.1481827227401349,0.45196943639411036,0.18192108607394006,-0.15168308372276385,-0.018477011721446994,-0.33126188334983236,0.29039385991345057,-0.2955340672167395,0.24897194804228914,0.03571007282063816,-1.0446829080516165,-0.17060811088942515,-0.05362415965625356,0.38484797282727434,0.07259918622978327,0.18195449757419524,0.22342472971037622,-0.07124472368174097,-0.4118783105621124,0.799912186497062,0.3389705169028528,0.19475937365362467,-0.87103994779869,-0.22247640997012588,0.46071692072579207,-0.29427974807382856,-0.4488497119286807,0.7462408352017192,-1.6356627482983703,0.7761298170166298,-0.47049249735166043,0.10399388406598273,0.7527828523435112,0.9077536740294054,-0.8181736986671946,0.37177753467669006,-0.24056885087516452,0.9493390444540803,-0.17252395637020543,-0.43186770765318877,0.517964085883103,-0.11495169507319411,0.4252991512717012,0.7113238042985393,0.8582359433413006,0.7666062420422067,-0.7753443001052098,0.6463525639725459,0.28233678109514687,-0.35308638719266944
0,1,1.2503818880105573,0.8051711848626272,-1.0135224252329422,-0.6178005330624164,-1.332969774873383,-1.4970107527699403,0.9631844011356193,0.06354447754093298,-1.4289228961221523,1.1095786205881566,1.4004684484637016,2.663058006231265,1.5753365562383261,0.5048074180749302,-1.8413535608922682,-1.92915959021348,-1.6859823257088815,-0.8594418084376241,0.005321302337445355,1.3340720928262364,0.2676505852205856,2.074278703992126,-1.1153656864271335,-1.667120570167759,2.702741850704793,0.19091783902910722,-2.454731936606936,0.23070548339658933,-0.38317923960870226,-0.7234512980051891,0.9692908396941696,-1.81025548381965,0.9327796311563334,0.8721722137700405,0.5527406054152308,0.9740730717069949,-1.0763178453326718,0.30204259250704063,-0.9215045054602088,2.785696817995915,2.0574405603449453,-0.23398423665259432,0.935679186231566,-0.2610495178448817,-0.43286294428264355,-1.4680911158812353,-2.352439335248113,-0.9453073827355852,1.070251316805019,-0.4428623786839531,1.6753546729122142,-0.8892579844240278,-1.7367112437785848,-2.2254956545804156,-3.004132045971052,1.4347552823482146,-0.960202413882509,0.5040049591485981,-0.49639992691496626,-0.7744340590842195
0,1,-0.6681204461556803,0.36103360146975044,-1.085263171770333,-1.5717953743698707,-0.08770873187911574,0.28653064708340487,0.980472240390445,-2.656447251836897,0.22371477889451594,-0.8154212776341475,1.288345287372364,-0.494063391872091,0.016464451942099997,0.6039912921683391,0.08393061798901219,0.114865203064958,-2.324379717848763,-0.9410129657924218,1.484555967768357,-0.19452182995431183,-0.30000067020819565,-0.5790042541322932,-0.33423053685145393,-0.7201031132243134,0.10852620300480598,0.47548962757457214,0.9761371776155914,0.25402851314130576,-0.7983866151191873,-0.8878930608137157,1.3344135061308338,-1.2121005141841255,0.4238728006147222,-1.7271556676753248,-0.29860102196660254,-0.5903942259507232,1.1719914769006046,-0.8416214107055139,-1.324947683986362,0.8929908869880204,-0.7826963913784069,0.2962903743756554,-1.0657532779248584,1.0650501273146074,0.16107529773165366,-0.1289154888446176,0.40869362056120423,0.5831254956130795,-1.218919154759418,0.46680819098677884,0.6074291058303514,-1.3169829145778607,0.844179300290283,-0.46728620600226484,-0.6972988242517165,0.06445341313505462,0.6568345215175994,0.0833491999572399,0.08475463048990967,-0.2862785327309222
1,1,0.10708864201320725,0.026456837576257955,0.09772755435251458,1.498417716280316,0.4759704446437926,1.06529930164456,-0.7493727431280844,-1.3075064390906141,0.6261062670708414,0.5732979707109641,0.26414028125493333,-0.6305219228004674,0.03672411434636009,0.6466635866355411,0.5864172302602279,1.0935631277648556,0.7195644795860728,1.0197340862926472,0.9395886046703994,0.19430263319966773,-0.033422524823691215,0.3899096668319976,0.5610774963175126,0.3516742781860635,0.22128956126626126,0.8139701605572028,0.14535206050591168,-0.36891261343404724,-0.3962967430243579,0.8265953413673889,-0.7442109103529945,0.7500088025475206,-0.0065779778200627135,0.3382633514534126,0.16999360684110082,0.9777575939199236,-0.12024753493909314,-0.48595186512815053,0.4914660547788022,-0.23985741720242554,0.21879940048893146,0.030431035352334414,0.416960676885192,-0.6493137077911856,-0.5059947356267297,0.8347617885533493,-0.12487276341495168,0.09994242004066362,-0.3669671727218222,-1.2147558609024072,-0.27318221036757384,0.3311133342483366,0.5221012723649302,-0.6384192936513925,0.47033512044292947,-0.10261454232104862,-1.0142990317360476,-0.24008260231246634,0.23543305132435896,0.43866830287091696
1,1,-0.4401947483561245,-0.7207560157941091,-0.6896250085924983,0.16169192523273873,-0.013908432494400158,-0.40387961886481194,-2.1735686175905764,-0.23735797044185866,-1.2605624248594867,-1.2970159987844034,-0.2760876010957323,-0.7812270391135945,1.770126162555758,-0.9019602558773598,-1.3897208881397405,-0.6230840866489107,0.7569617926595689,-0.5395751209442038,0.7663023395514809,-0.5179879337688268,0.47643358677243874,0.0017682056560544175,-0.8489879010264598,-0.37452608049815256,-0.13938079792783375,0.05503300007610059,-0.18103461713985977,0.02055822278775595,-0.11144323499381611,-0.3342301361922972,-1.3272290596979284,-0.2566017482583456,-2.761580971510954,0.18305950807627905,1.1327522934367809,0.8535285801433365,-0.926336344450332,0.7030049010913072,0.4521039363085969,-1.9781362263221922,0.28496757653920457,-0.6169648843792543,0.33776239100342315,0.8666088739956469,0.9970623741599869,0.5702789208671382,1.0099704796088567,1.0524977990044857,0.34100482029373314,2.291139692310968,1.1900873215829297,-0.9946193475417515,1.1551646305878824,-0.39810088619110895,1.2942210038403459,2.94792780931394,0.36542703265461896,1.076856065144063,1.1878609090071885,-0.44150403783669306
0,1,-1.1880738614277082,0.9312083924901658,-1.4293820336204925,-0.9985607917248719,0.12323563787051194,0.07865155910004294,0.8655328036716461,-2.308509329242862,-0.4824007065293978,1.1904399604593592,-0.8135451424986077,-0.40730143383806666,-0.9784288062593233,-0.44927304982242905,-0.928390172811301,-0.7525940871251561,2.3414754086529914,-1.1050401435366919,-0.8968412274576402,0.36896032283506597,0.2393840049499054,-0.18018931159180515,0.6861814502460454,0.6900372643637647,-0.9105376637289342,-0.7707798634040002,-0.5111208549876531,0.6844965096665963,-0.12614230162372678,0.3053652043409985,-1.2255214825908114,1.1956947149458483,-0.5391844684892267,-0.9234218225435525,1.3714317478503903,0.43413447412889844,-0.34839686673504855,-1.2171900262882862,1.3477973116525384,-0.2214183854807849,0.008208600230159423,-0.4288547512393232,0.7355163650211354,0.26386852889520523,0.10648553017160241,-0.15725238262104632,0.0013467760513640274,-0.2640357608114892,1.7530029063313404,0.027461284828748433,0.5924004478791357,0.35255012921255585,0.692312418522683,1.1087722866810006,-1.227960280234798,0.583407030812086,-0.531667027779404,0.8816931212356843,-0.23004453215511972,0.10039724553848858
0,1,-0.32546803464908697,0.3744487705383307,-0.9054585248328592,0.5115964631479193,1.319551851047984,-0.4337866191842364,0.3424365812015626,2.067151404669696,9.995212341113416e-4,0.2651486319297266,-0.4252715832095356,-1.1620624084779232,-0.7508881284653086,-0.5671353482111553,-1.6772056327306044,-0.42851672245340067,-0.5924062216206584,1.248276703329034,0.45710073457847333,0.8398107003204679,-1.656411575955541,0.02352241212971741,-0.5344984862178014,0.9479931831767114,0.03276209542260588,-0.2064353333008725,0.5334994435099116,-0.6764789233714192,1.5940702135882527,-0.15041700930225288,0.5002682232631569,-0.44662330578891035,-0.17559748317002483,0.9674327463874972,3.285916255378021,0.81670150967492,-2.069923939626661,0.7037333354569283,-0.4699891067014711,-0.4180923151756347,2.0150805477548173,0.7554021688452232,-0.4800615176969922,1.1509493231233634,-0.028147115163248002,-0.09682776807500129,-0.020514638873850324,0.9199727160159313,0.648151695721505,-0.11667190312250136,1.340757183158738,1.275400244165661,0.6037648791964428,-1.320966334894973,-0.911077042657956,-0.5131150281248991,0.9561065085674738,-1.0857194415550349,1.2284865374952698,-0.26852363585566796
1,1,0.23228394089093038,-1.1727118130176664,0.38109566699437947,0.5182083192055172,-0.4745394093547101,-1.0411739202098251e-4,0.13016608753190564,-0.12294928586866502,1.5950793906731688,-0.061191827966801136,0.030550688074577784,-0.09801962563884914,0.22158433271174538,-0.2774293738182442,-0.42848466601161156,0.5993752013084575,0.7168177091005191,0.6364862618895274,0.6310591456227633,0.9949463542055987,-0.2784614056145363,0.27663907681192224,0.3501711315121226,0.7030097828791283,-0.41573020106867925,-0.1824277255287746,0.39845453273713877,-0.057953190091227964,0.3407554280211495,0.8537319473944244,-0.45625997687389985,0.45759458918538554,-1.9021566327251436,-0.9619693343385233,-0.32001596354968875,0.24856710577157368,0.979281929405376,-1.2362569588289074,-0.043399326055838475,-0.025667940016957835,0.09557485411822679,-0.081656708085438,-0.4505787300499232,-0.3760997692668262,-0.564067261044807,0.7000127852796604,-0.14165004701638986,-0.4745657659323222,0.9940495732139297,-1.483301864702118,-0.08255425287172984,-0.3736485497056232,1.0948643185903737,-0.988953792147882,-0.25064890694284214,-0.4283901919989443,-0.8378424258060039,-0.5848094699875935,0.7190901226171512,0.5746653954795523
1,1,0.1734744516286267,-0.23624790982391194,0.2575637818584321,1.0195653294753813,0.8592859000225417,1.006829838985356,-0.133632918803893,-0.9763367157894338,0.7542997844403445,1.0148891975068945,-1.0004756962603678,-0.3689574864017735,0.32687980314724313,0.5511973822564248,-0.3864045257462888,-0.2886566951582006,1.8155937538405345,1.4883084575822998,0.45755887332700157,0.7348509353206268,-0.32470459179635264,0.46558111887714493,0.01783146759891393,-1.4920421104209756,1.4436358996658154,1.395321557453386,-1.0268341212688967,-2.297724744256188,-0.8676494605992188,1.431559424815205,0.613399412736025,0.20626359360103833,0.009456320976711877,-1.3800088587124368,-0.5267846029749167,-1.1396682650770853,0.8082446006649938,-0.8921590415607327,-0.2717066027565896,0.7987498635043071,0.26256407706345924,-1.5979160217039616,0.5123554398562034,1.3120111845324296,-0.9000771432445605,-0.0027449289505605966,0.11320572316363717,0.6898170641988219,0.6165406952908816,0.4188184113976996,1.4011411112538625,-0.9309181099033979,-0.22607466403452836,-0.8768293634256422,-0.3045583847098609,0.22093517074406277,-1.021122023693842,-0.32190645351685004,0.786934063359281,0.5950526067848065
1,1,-0.5091701762875415,-0.9239280039557916,0.19060487489692704,0.7982639714794817,-2.0040779689431387,0.12010927434048643,1.186839537336247,1.1956012502778743,0.20069666045370765,1.536227882859029,-0.5479009342093227,-1.2477589264429012,1.006204560403915,1.0183229146096373,-1.6110124972600122,1.184892478582504,0.6573094557232543,-0.22752073538205975,-2.0748805543430366,1.7868226935142806,-0.8833126256088433,-2.4411573881254753,-0.8260191074106138,1.5431190911423702,-1.6662112522240355,-0.09115350991051818,-0.7014511884404383,-1.744457475008726,-0.7556147367587674,-0.685875784472877,1.0161405830687853,-0.9504463153330412,-0.7755540063523844,0.9928203952545194,0.1386695687601379,-0.06146498481832223,1.3145647937967062,-0.8143363026970926,-0.25003648507774273,0.4046081168838775,0.0940968949719974,0.25988821344259694,1.5061434845509818,-0.1981038788925819,-1.104298547416728,-1.5744718437471108,-1.065971347605289,-0.3560066627216342,-1.4678292352186528,1.3355873481133556,0.7346684070345781,-3.003067921491993,1.0172785321407811,-0.2439707756612587,-0.10893481934230792,2.020959905190847,-1.2962704329075352,-0.5730638346687531,-2.881099047600883,0.08711152085257297
0,1,2.0852879798207025,0.6118133811204808,-0.4068159455886177,-0.9128873346904038,-1.6390437981236539,-1.4742877034069375,0.6903743943461035,-0.17638868019197654,-0.4224663833638745,0.38367231126765877,-0.862232196931951,-1.216087088643119,-0.461380228829012,-0.7410826476237321,1.5228299918007373,0.0184884262191426,0.3889275745536146,0.08820215443537952,0.6614850363557784,0.014480353894692122,-0.363642233361564,0.3774961563781359,0.25486018869489113,-0.438332574474712,-0.8608310469625859,-0.44281268062538043,0.18067258250377327,-0.3695775940598468,0.2255185663364179,-0.21126811305565443,0.24819358689103824,-0.1576491282023051,-0.17591427564677767,-0.1845035870467774,0.30624800760720217,0.4058891186699704,0.0065606076151834315,0.1471004987847122,0.0060249971897825445,-0.15836844755411408,-0.5683315945083081,-0.19000911646671267,-0.40054879685528333,0.003968992848394824,-0.3028839515760876,0.42343923347872364,0.1771255083284518,-0.025907201648108693,-0.4629172537240048,-1.0130731709500054,0.1150641076651818,0.0835023773408878,0.16036767322126524,0.9114052648320641,-0.05729304999875941,-0.039058931208838,-0.0774391845038858,-0.3460961710120845,0.12181953261587107,-1.2365706233716962
0,1,-0.36408839504961016,-0.5845697442745534,1.8467049173815373,-1.7459458009886084,0.6037099536637606,-0.36105430460216603,0.021810331160768314,0.8554795238742015,-0.034262881749226086,-0.15461538298413868,-0.6952769776627399,0.9184300941150825,-0.39030112265804917,0.4134798676185726,0.14603692475222055,-1.144130692072953,-0.5939026874784322,-0.27121475304816883,0.0910849738485133,0.8274362624481686,0.9565554870840675,-0.5359945282913368,-0.16486248015159571,0.5806500740797998,1.0965673094098662,-0.2547612507195195,0.6682343161119317,-0.006446090187187014,-0.46559696036520937,0.9330179476473186,1.002229548641708,1.016176310862697,1.121541825028688,0.1657453499848067,-0.1816575321892012,0.4675699604419435,1.1162453014120082,0.18317496194902697,0.8450718605292302,0.38614245174424894,0.04924573529304236,-0.7477017511715695,-1.5994145787031615,-0.20500062389924537,0.5243023236180019,-0.46809842489495124,-0.3259444682106467,0.6616018652099923,-0.20405148254902383,0.41078437532730117,-1.0199487556044897,-0.4697733984024772,-0.19357446560003802,-0.9559000991587816,-0.11664421136060368,0.7541874646356541,0.7415945435010168,-0.5823606538315451,-0.6048704117131022,-0.8088535179075289
0,1,-0.6309278429932369,0.5252706461572485,-0.13165025907730898,0.49124091048565666,0.759242353909409,-0.32016732398725173,0.6084784412427072,1.4447088409791156,-0.8204754530064915,-1.1339817150270806,-0.8668177008696272,-0.4934110511573514,2.2117491773582763,2.046776531505677,-0.3241273458385044,1.0223462537374937,-0.40232611526173784,1.151596545410154,0.5555032621087989,2.4362908699797643,-0.20578959620950393,-0.5765755551808798,-0.1273513821362859,0.6174861698290507,1.2233932562121548,-0.18802327543035402,1.8965086443357797,0.14740254965530689,-1.1340650604228664,-0.6239374056750278,-1.6203301044965581,-0.43329069032550005,1.0323381721230833,0.1382016901102715,-0.23963597292205732,-0.9171866639808497,-1.127719213121843,-0.4282921684610001,3.076461723936415,0.09557222552932226,0.9776095373605055,0.7710732154478499,1.1515773896034756,1.198982875842189,-1.5169209186021462,-0.3129540366588229,0.2844774487433521,-0.6272095211279067,-1.3019126781584118,-2.0317007166200276,2.5128615318961094,1.174006469247459,0.6417160688697736,0.4621631558020905,1.0717181837946732,-2.2794098394176996,1.6889454580523031,0.4650822184420055,-0.7841723512357319,-0.3311988815540907
0,1,0.221950088398596,0.17740342459566535,-0.40839026441830084,0.527077658690849,1.931307052921915,-0.30582792766284583,1.088722193791895,0.7949899095978855,0.6444510170569592,-0.10367383664934743,-1.4984756002392023,-1.245740907417913,0.1687857212284632,-0.13805661116646264,-1.5926271064044464,-0.9888849413561552,-0.027835857104362826,-1.4330558698873248,0.06470019222524513,2.8360144228057496,-0.5293893947673729,-0.47066945283644246,0.23873013142071287,-2.123476620956209,-1.3034344027020464,0.12971403832789302,1.2768350429972606,0.2743517937461108,0.6810509213380291,-0.09265052325340076,-1.4407475607169498,-0.6371718020487674,0.8644115124998113,0.9351577826787879,-1.3524987164635802,-0.5030949571818156,-0.5076968930165382,0.12490884502657708,-0.32918111291056923,0.8787788244365595,0.2883832357483224,0.8964872097211766,-1.3579207118657535,-0.5014261423284277,-0.3330018775107329,1.1002883205519507,0.8380328690558422,-0.21016820102446032,-0.059871341907390595,0.38151948537410174,0.772152466765183,1.3711437404848472,-0.5739129943263053,0.27516727028183074,0.8044999982145833,2.090874460155438,0.49937190764367434,-1.7143627469614886,0.2851949896839203,-0.06315964173840004
1,1,-1.1935162139013804,-0.25132053433537044,-0.09258965673951043,1.0242406964220205,-0.8937051375659563,1.0895811350201619,0.7937453348302593,0.9377615901052996,-2.060284237302806,1.1409402787266685,0.17371587877122946,-0.18263409064963881,-0.8184449302325497,-0.6520644386415899,2.153310000457137,-0.1678594397305855,-1.424469992381298,1.2655967018800294,0.07513577440135824,-0.8990765716004508,-0.4637357727381688,-0.22990240840975584,0.2827748363518421,1.087079312759789,1.26172778682873,1.3614769662197654,-1.8558982825125858,1.2657783752564657,-0.8508505999094529,-1.3653292806606754,-0.5050316303770139,0.5389335672257544,-0.9547573870063585,0.40062456092346393,-0.2456972609348811,-1.0306188127543081,0.0654227491479234,1.0732172889783098,2.879343680716668,-1.490813925131286,0.3166712938715041,0.43572982723751086,-1.6111941241267027,-1.2127951709078646,-0.35236740386167054,-2.543099732714414,-0.11356637272129257,0.19582362908142417,-1.3566391936783753,-0.2983356861786574,0.5564971394312793,1.2663375501868994,-0.9359919089791298,-0.7340094648366824,-3.6956705868591473,0.5287771716788913,-0.31900488727994425,1.1717753682909227,0.42250753176785955,1.7822178840409018
0,1,1.483765813643989,1.4012382937151306,-0.2339601486928814,-0.17449839508762757,-1.6390479354442904,-0.8403376294630392,-0.07021172114165332,-0.8319459922691466,-0.8211069465838651,-0.9058327840674018,0.15989494038097,-0.984943236084444,-1.109153596512548,0.7876708655790461,0.8470524637979254,-0.20361124731324065,-0.15880848551087132,-0.09522203580189964,0.18498218533905433,1.4108601940751115,-0.8964410710725601,1.3596055464490309,-0.8606281627696457,0.040232260430413815,-0.47553151961023493,-1.7742803763162875,0.5809763148583398,0.7001961195687936,0.31728919756056695,-0.3483417243361627,-0.7022848148656003,-1.369995757206277,-0.6871671648386257,-0.37954786459420936,-0.06667735877081413,0.8326204445793507,0.35368738953823026,-0.7473746316706384,0.5386752349449441,0.041383762396499484,0.24142253897125307,2.0003809209431833,0.0913423069573277,-0.12969369777684506,0.4695599329172977,0.22318546108439377,0.15167991161895514,0.12229714592934976,1.0210846516675214,0.9265210315691621,-0.21561633698934562,0.47325688130261023,0.06157027287218693,-0.3402762091057501,0.7223713105788683,0.027186237599721563,0.31039497429005086,-0.45149457294051065,-1.079350374938437,-0.6647751794517006
0,1,-1.4975600553632553,0.3221521988116907,-1.3908950069566266,-1.5826503715970568,-0.2111683121972115,1.6776657268275155,-0.32361701243430113,-0.8204140453642325,0.753749888996889,0.06339648945995945,1.001528460482883,-0.1612965068151362,-0.17413561732776525,0.5314378222218248,0.5620819273171894,-1.0004147135346406,-0.8537346988810797,0.2540715383877465,0.4902721846277675,-1.1849198436672523,-1.0211740721306601,-0.9047696129127217,-0.38739788659678415,-0.4873013909389529,0.7025553219253438,-0.4505879151301335,1.0538389309798737,0.4923937391413369,0.1225756564524886,1.5959204128948796,-0.6505240121482369,-1.2218056904722268,1.6567782069354935,0.03259792486607403,-0.38982862314271427,0.1626086065990046,-1.8459182741559996,-0.16460469994978916,-0.7517483865836695,0.04548046306908301,-0.5189446733212788,0.29842853689591736,-1.263794482269115,1.4146114519318496,-0.4124843986189657,0.7603666638911687,-0.5445273318303476,-0.7857519531845554,-0.004054981611364637,0.45739897709232613,0.7605458638248759,-0.23692679780406334,0.5153383042013796,-0.09808654707442627,-0.18377569725080908,0.34730398195997353,0.7252259570015556,-1.1942180918176173,0.3332734842497973,0.04196568565642207
0,1,1.872950984541833,0.48334976773835864,-0.5926573889340272,-0.19941570782926052,-0.5344481811149251,-0.837410619620589,-0.028554567694528667,-0.161957954615206,-0.08268813912963674,0.8781296608856533,-0.4966201321338729,0.4865512336383064,0.209020741206811,-0.11696455530124543,-0.27964326150949254,-0.527343270231036,-1.287030676247974,-1.3597546634089563,0.6945180915964791,0.7190001141810137,-0.20354786511591103,-0.18498936299499477,-0.09507098005351337,0.8520321409518049,-0.2867327616749957,0.5659643937401706,0.7581114425995287,0.7139234689256637,0.039890294366545224,0.42833499611287446,-0.39724098809352676,0.812922638618577,-0.5949246503225747,-0.01040132998301787,0.10536452033547777,-0.21817940759256102,-0.3507156839865056,-0.09336427306484159,-0.10210960258262101,1.112995929676609,-0.2884781352722993,-0.6947039718831077,0.6091591970352848,-0.7151432773570656,-1.0130518277470635,0.6287095534071365,-0.29634772726075237,1.2211929507232167,-1.0832750027691067,0.3832022858535684,0.6291803056790203,-0.9588827685504195,0.2767854844736076,-0.5537013767146818,0.8329777330008652,0.11645364722968773,0.3038254962126208,0.5032835204797145,-0.33415624674452415,0.5548563393874899
0,1,2.257723928140231,0.12280006454164463,-0.17305307350290794,-1.0607590317744553,-1.0058511522336206,-0.2950643792003424,-0.09235180134299885,-0.439595499077584,-0.6971664395343451,-0.7152956740043958,-0.40014348333932165,-1.4289917352307142,-1.0075156152152118,0.15547146191222902,1.1550133167482006,0.06001242493767527,0.3625937684626783,-0.05356516024432221,0.17772511277754616,0.26874378159026435,-1.1492826116480235,0.38088294330189004,0.0808569641862648,0.5315140564327044,-0.02823978107734336,-1.0986808358225533,0.3848615623683967,0.5956060940701087,0.13756013661290747,-0.7043587464313078,0.18114797250575015,-0.13814628167552157,-0.05604399358106884,0.31164560164691507,-0.23519245077145234,1.0386481937588328,-0.24711923155725551,-0.548254841702747,-0.42188660138857764,0.16665480835036806,-0.4307095249214118,0.46223990160412093,-0.8227708984536151,-0.2612335923878525,-0.22262689490498822,0.8868958031763661,0.10529314377944358,-0.1864979077267111,0.09375082547288163,0.44835231040144824,-0.4501528562548575,0.10961576222734519,0.4581748232325324,0.04267136316062597,0.22597637350293015,0.271238454528418,0.2337416776071815,-0.3297243462123035,-0.3235959861830545,-0.05045788638953621
1,1,-1.0409186854211085,0.003955181832328199,0.32922272755485427,1.1512077534548852,-1.2866563943021165,0.2797447425036604,-0.14263138385727278,-0.8060728553058126,-0.6592565757749886,0.14553816110835124,-0.672342671081964,-0.6747312250409812,-1.8166453446529232,0.26492467739153636,0.21773150105109865,-1.4834929111666568,-0.6517082530413897,1.4198941653295847,-0.8787451893147529,0.7556215674909513,-0.8058352364668099,-7.546884408114248e-4,-1.2730569213933443,-2.2628842007163623,-1.0307403298352797,-1.0608379408261204,-0.9371215952117067,1.509586785536981,-1.000506568132248,-0.7292651880424738,-1.1725081714261538,-0.6472278395352611,-1.2660157603123547,-0.18795752154011036,1.4693812108228392,-0.5579875608937901,0.6828013108937995,-0.6270195331694511,-0.2920868994074044,-1.6676422413130452,-0.8712177069634328,0.084397972477167,-0.06050326436838195,-0.9869197327467527,-0.626128051858529,-1.6627429837624104,-0.12715571514779578,0.021052393929637887,-1.601738244421305,-1.190628949007152,1.2097392277804007,2.003127688340419,-0.23996325297529517,-0.839880111444685,-0.663102677300769,0.6371561520558762,1.2071265907619408,-1.3000154212488202,0.9768619808030672,1.2826907120710043
0,1,-0.18225517565721858,0.7929743932539695,1.4089508209132826,-0.38654459952881104,0.7167499273623388,-1.0885621970890322,0.4200056572191536,-2.137549504364284,-0.3121371529880224,-0.7395539936086084,0.04820166230053424,0.23086286126157002,-0.1878610440572273,-0.9546121590726327,0.2581192095107114,1.0398858801661757,0.20138565536165864,-1.2959749980229203,0.4783606576078582,-0.1488936801147638,-1.0225805409553104,0.5913506816034805,-1.022272942207737,0.10163461412854612,0.322714480637206,0.006844916797220112,-0.8069503126985604,-0.6127415912153957,-0.022416442280295476,0.6645270358905284,-0.4108181281878435,-1.3089679952039577,-0.8546149828789157,-0.8716639852820064,0.3321167123993497,-1.9874729419104162,0.3253202886059307,-0.19892456891532997,0.22946152141037032,-0.775554511711878,-0.3089997449864228,0.1595393280875263,-0.08732126316281236,-0.8466644886623297,-0.3151338370827814,0.1197298371753877,-0.5088139899946367,0.6189272025955258,-0.3767745461643059,-0.3447313353828649,0.3447905162462583,-0.4298336693865899,-0.23929867575828792,0.1595543408717586,-0.6498333011483303,0.35883714655664184,0.18303491307100606,-0.45703280546934455,0.3188064720522881,0.8064836728522536
0,1,-0.5424384734373144,0.8295565663478376,-1.572011065597304,0.754582752875997,0.5547200612202149,-3.4770376219135564,1.056529300209253,1.0380400361683393,0.8368701932071295,0.1901737649686405,0.42968825650791714,-0.724812385561466,0.6093931943170876,3.5430526172053187,0.4982374223862007,0.12500737467019746,1.1806146440001954,0.9039055687509492,0.9164206701463415,-1.1324556290561212,1.376296575497647,0.694182713962326,1.6105435949375628,0.10080094228114161,-0.5046394078874515,0.715882194981097,-0.1298141458950686,-0.09910935609345538,-0.7984838552676667,0.43212245318042536,-0.9168848544790448,-0.30126869653379007,-0.13134508219466123,0.11899185979091956,-2.9162967875799093,-1.8072959699440538,0.38128124902425836,-1.1405016096445884,-1.041255567716802,-1.7699452361668229,-0.8233631492537142,-0.33582659687464433,-0.9493141258351167,0.27574405185855466,-0.20458944133937917,0.4095301842521718,-1.870544795366621,-0.09535502102843837,-0.8616341429013198,0.06308874741864456,-0.8650595302560057,-0.3454712400822302,-1.280830818645138,0.15457045820362808,-1.155009582927102,-0.09790421029675048,0.6666321330041871,-0.1859942046684844,-1.9393797308456522,-0.230566102591716
0,1,2.0094550087288034,0.931198641035131,-0.030380225236231587,0.07432808894271024,-0.20513177399604762,1.4312681188978158,-0.7604295529337405,0.5728425402400075,0.6370399781807706,-0.10718670525917373,-0.2358368238174223,0.6664715303359752,-0.30469130602135636,0.7721817708382196,-0.5688022407448118,0.2897796316469322,-0.37324199854309026,-0.0505568948653244,0.42158097075367396,0.18980150189134115,-0.341577587003228,-1.2076494869772936,-0.4591664812890411,0.5851860587315474,-0.23134756986408203,-0.4730110638699302,1.6853127044740526,0.1293522621680329,-0.2765157721886328,-1.4255840614045288,1.063486422473313,-0.10071683174068038,-0.3569498445988896,-0.05806686080643403,-1.067244549309029,-1.3240689690299563,1.0078483438164305,-0.33226097983282515,0.5592655897333865,-0.0733602369540844,0.6903724010759621,0.03389062839424991,0.5550610435302603,-0.5489271792167081,-0.22517946987536086,0.67787259435527,-0.8632689692959327,0.26760921528374687,0.4817975354351847,0.5079279794974076,-0.020771936052805674,0.5499979033809966,0.7552178610904783,0.3727226620357767,-0.6472986271393769,0.08344860328014733,0.34626146217563264,-0.4901104374323607,1.0117241485925539,0.31477224548525173
1,1,-0.8988597783143354,-1.0099220565729665,-0.47708224782275455,0.4188581087150884,-1.2362618330785444,-0.268368282169403,-0.2632183856147687,0.7446916138089786,0.006582146684365333,0.1475195266813164,-2.322581284341923,1.2361561839476476,-1.2076753256093486,-1.3908028397280106,0.959709551529179,-1.4840517090238445,-0.6345947844345049,-0.5646920384536799,-2.6658950068964367,0.33136928590235176,-1.9193886148716433,-1.162141055312257,1.8484929312158638,-0.24379533658880514,1.7932974229686507,-1.4665737141868749,-1.706805075876641,-2.8007807011395522,0.32414230008160777,-1.0630004148719072,-1.5380606040432632,-1.2897710489895067,1.5527195709311146,1.9870579620083129,0.22784219691985144,-1.4847036955268267,-0.4641693404156963,-0.515505021640933,3.7707165828112257,-1.784382997271086,-0.5427259122786843,-1.9220226797603301,1.4540406355723778,1.2988107921604732,-1.8881280493242865,0.5660574935700057,3.438861011848085,0.47800037008218865,-1.0198684196794632,3.2538559313531095,-0.3921739458166545,3.0348928279400704,-1.2797942726154963,-3.3743218224427496,-2.173604094319269,-0.8779041392122089,-2.187000422639796,-1.754649025560794,-0.5837438931759883,-1.0622380293513292
0,1,-1.5964389398795524,0.24595162497209036,-1.3843206545939573,-1.8973472688674538,-0.9896749555006019,0.30698531793683786,-0.7937792818464752,-0.7602945348930957,1.9184066194676663,-0.926772679333946,1.3592803083857845,-0.16707221797643304,-0.5098014389578184,0.19153346459078152,0.5861108864496805,0.44242969888173306,-2.04856682809815,-0.744178959589555,0.15017971131738025,0.8005528887671632,-0.905460970474192,1.2199889709157865,0.09345799579269312,0.060408051018084684,0.8566072469605437,0.7152167091937098,1.4603148032921902,-1.338481016296823,0.6257069488194275,2.145622166501738,-0.8105727396169288,1.121615979209366,1.821685686709525,0.6798943413992334,0.4676167062924016,-0.5135973148205648,0.9154100698942818,-0.6044386735957274,-1.2987834581137154,-0.2689419704073681,-1.2148840341514768,-0.18134590374593967,-0.1626392536357369,-0.3816306929649978,-1.475464372183961,0.6637093460294374,-0.08680243693798334,-1.3210620064925427,-1.0889911055383807,-1.1246323164551137,0.1140317564694832,-0.7930064160247796,-0.15333816180995122,0.6897921870255088,0.9539558050920667,-1.7760272679854743,-1.566127141005441,-1.49815558320206,0.4243018814888953,0.25238457189548635
0,1,-0.6392313075585467,1.1823746746118668,-0.8662484444897366,1.3482189531310502,0.5863025014133652,-2.1604339676199786,0.6024069433455727,2.17695132144193,2.3995470578766622,0.2667746910334143,-1.0626632012020552,-0.9923383655849917,0.8465006471998001,0.9699785172483495,2.1836251414331556,-0.11951881077101766,-0.827475053434426,-1.0194901073762384,1.6323998550256495,-0.06359125316363111,0.9852122317260406,-0.26877199313920763,-1.0384458029446346,-0.33830348637732505,-0.012341967824046616,-0.28891491520820134,1.8420178098964712,1.3553528770338716,1.5575913281969205,-0.011605767002274663,1.059689090476696,-1.1347886384589103,-0.25720465725031416,1.1560856521150298,0.6006678098396013,-1.766390221178944,2.561424327294691,-1.194206677914578,-0.8807854340944821,-0.7113250638765722,-0.11827841590452272,-0.2201031964257661,0.6376603447179011,1.8020355134267596,0.20705052506793892,0.8027615119154785,-0.3415114020496313,-0.07953028832278787,0.6957998729620235,-0.4768141005462319,0.49016893998947925,0.01645143658620322,-1.286497875127266,1.501206615397559,-0.3578348328573117,0.8630394953808601,0.359573824615429,-0.12792182001895847,-0.18088132714179733,-0.6599885044746563
0,1,0.1942987596207287,0.37313079655734654,0.06871103849673735,0.5039541409373673,1.957816359737928,1.1507126766258127,0.8067083231795836,1.1703744528111761,0.6133943055758391,-1.5675830351231752,-0.7615792249248764,-0.9323550871165149,0.36613059701349376,0.24745171301406885,0.35388092628898954,1.380856494826938,-1.7338888710009799,0.5768243915014399,-0.7958577200109183,1.8076362354669542,1.363997780658511,-1.2035226553682923,-0.9652011969947903,0.3474997593454951,1.5604416624358843,0.021882830457078277,1.7937651647795756,0.26458264622471844,-1.1028063632638445,-1.129950665310484,-0.1886714317913026,0.2886476223257981,1.2461439279722908,6.314876313055018e-4,0.7353811177398848,-0.7092826664772927,-1.017865688494915,-0.10181623989269192,0.8641982067701136,0.5666112593731276,-1.329591637455351,-1.4008496585262777,1.524338157455873,0.16139326426629277,0.04360038007678287,0.4324119887650388,0.3271162698802129,-1.0498312764882036,0.17510047381345825,-0.4045184159517392,-0.3777886729754826,0.26945057443962805,0.43478166063769974,-0.4171459352652863,0.11539215415937729,-1.428451147244292,-0.6199422358807862,0.6954626687686924,0.09866150147809334,0.9018448759992701
0,1,-0.27691890688632287,0.29286165273088205,-1.2155616785211554,0.8936693077552741,1.7654813401662475,-0.3783322551026572,0.1938388619850512,0.9935205639039566,-0.3637056539113023,0.6913711777573353,0.397870577439833,0.9576994886455641,0.8012758847241495,2.7751134006483236,1.4763131382104921,-0.6112592652643704,0.24808712428149313,1.202229032251605,-0.09165991027526373,-0.15889611099125697,-0.05944293592330503,0.5078799303742004,-1.2023773621427871,-0.004188600882937896,0.0789602870187231,0.08021669307415157,-1.057952307304587,-0.31609944759689834,0.13134224181784135,-0.14056807997045714,0.08848453934884117,-1.9406604382119004,-0.1197451374595244,-1.1700810224310456,-1.4843536332163563,0.23286175913824933,0.16163694393351868,-0.40425399155642494,-0.8030024141662258,-1.0363046392349715,-0.16166845111760517,-0.9606045580618524,-0.45514834587793895,-0.08126388396969406,0.13416495232921968,-0.5816508089287091,-1.838974100466997,0.9195399079352985,2.571949169708833,0.6184054637420486,0.7257680310682454,-0.20568809242031158,-1.2617771877686779,0.17458381394896585,-0.5851917542552992,0.04129554516688188,0.11581561071503993,-0.33673876346792636,-1.1713377578468418,-0.2420355286481454
0,1,0.14180765697869988,-0.11278108795910351,1.843998157152685,-0.8806605060040996,1.183273568194919,-0.3653781032385233,0.28106451779763303,-1.2024063252100703,-0.4516329151006641,-0.08629446643513831,0.4261848125760542,0.18305900509608622,1.0081492709699074,-0.5089012015833875,0.15093027521097982,0.39089268033072755,0.2785147949648683,-0.5788887480374267,0.5819791731907803,-0.41537334780752627,-0.9102701798163787,0.15921202033858914,0.0698381956658278,0.6254713326627169,0.03375714474454673,-0.1217549602178587,-0.7450751672290319,-0.26868643368042944,0.166914788389936,-0.06723244891935354,-0.703990232545689,-0.6980401201812236,-1.2012427369204997,0.31299988595228406,0.01032943439499037,-1.0659759392376025,-0.5736793029962268,0.7557429336862441,0.05309266518491351,-0.37217993406959937,-0.6054122843667529,0.6695554117002803,0.005694003099398104,-0.1200886900308501,-0.04347684788001756,0.3205392772509984,-0.3594255187347251,0.0659396119218347,0.02501778793662712,-0.5806591403494501,-0.08716864016173574,0.3825224463864869,-0.046969377897881706,1.1968199839869118,-0.4246229074600964,0.23625756135695786,-0.1729008499663224,-0.5696370742226236,-0.11750357092459834,0.5433573029900721
0,1,-0.14568965479169713,0.9613806486635318,-0.9746581713100659,1.1494663805011962,0.06376190962536399,-4.529186354508355,0.845467272930796,1.7194194407698618,5.102272955543967,0.4113342670658027,-0.9365882834126903,-2.644633762127018,0.9550148744080454,2.614468550078752,1.0474668726999126,0.023519684484225624,0.822411355383556,0.438681417572792,1.1345007168969938,-0.782075913292744,1.6488337774228403,-0.5849664700837897,3.333715565050057,1.0549907315720863,-0.27009592257093556,0.6069980218358619,1.1037227522887658,-0.05682956457402252,-1.4392883556177558,0.04510998214067914,-0.8665453422684766,0.4189049168812146,0.724793520467854,1.0197967580111031,-1.4358265774022165,-2.768236355317844,0.29090448912661276,-0.10096340909879807,2.3486606023048955,1.5223125453139519,-0.6608031986236905,1.8303463009621685,0.2515837234558878,-0.24230359548002073,-0.6630523752031388,1.288405636669076,0.24303646789261232,-1.9598887849188036,-1.116297245267653,-0.8872892775291649,0.6860556640405074,1.3852405559100305,-0.3535562578053023,0.11118633356804201,1.6649840015602575,-0.5686172487211059,0.7361975380236758,0.23744719020156066,-0.4019523706900803,-0.2429552532862763
0,1,1.5033719995515467,1.4543623997789838,-0.23390933949988021,-0.46486009762980035,-1.9396541908402165,-1.4106987258714065,0.7083906790578973,-0.6162965337201415,-1.3689722523684595,-0.44318587002948456,0.7612745033781297,-0.8790744475594101,-0.03116700124649442,-0.7548882394421149,0.377631826497475,-0.7546626993361165,0.059907206893528124,-0.2104595736259233,0.2039030433425191,0.4472815298908355,-0.14511043811056806,-0.12588823658021486,0.1226663835953873,-0.7449449996449021,0.08764866312229282,-0.08317989188699834,0.3143287468405594,-0.7264034539500297,0.1344147099856619,0.05448955081968209,-0.5109320864159239,0.8570064136603643,-0.892044435963735,-0.28455494914105767,1.5920175151930729,0.22206050204156597,-0.08540887164916279,0.38475721870643476,0.21575269303064845,0.1502161179785248,-0.33974868427075483,-0.6112600159576983,-0.37064794393419254,-0.6571540115256758,0.02457180504063507,-0.7028433848596896,0.8447550270945616,0.08148381080703215,0.20982694603414964,-0.8581587701943683,0.738190720946695,-0.9759379800498427,1.1700891443657424,-0.07487050332259686,0.13217007771442857,0.7414874607385734,0.23538262542279012,-0.8606753294889098,-0.40366780571216715,-0.7419144032973853
1,1,-0.11510081796543668,-1.5932157726737965,0.435456499064373,-0.06898111843285154,-1.4540867684903098,0.9399377819037839,0.570916778532508,1.7948069946626355,0.3854992361203,1.501740911457941,-0.44117681237725953,-2.0668266319388366,-0.12818961763624945,-0.19074314030972925,-1.6192022480364985,1.5679760013033994,-0.7579726012768132,-3.063792313345928,0.40037990307897814,-2.2108036437896463,-0.023263835550078764,-1.7215911041639265,-1.371475531641608,-1.4321669495253961,-0.35721473508434176,-0.668659153336454,2.7206463905215985,-0.03283798307181805,0.5369468783399847,-2.049697413927462,-0.4772071424053698,1.0889954244412077,-1.0027459396344502,0.3392070823924055,-0.8777607748891195,0.01022830118031275,1.339470829932697,0.7365291516915279,-0.19118499951367598,1.1397342056261415,1.7962164816373285,-0.6312411382947215,0.3190006555546556,-2.25964591080469,0.3943317114946977,-1.004765878818386,0.2109101579882278,0.6937340753530881,-0.21620477506169933,1.3079353263389875,1.5344980364838512,-0.5173145765184892,-0.255932526290326,-2.0380327428049436,1.488699708582403,1.4317878163469344,-1.2572278142509765,0.9294519230192306,-2.3235401426211832,1.4374125609648372
1,1,0.7026109008898636,-0.7364637201756493,0.4563951569317741,0.8794290536884769,0.9433199794276869,1.3050534493101862,0.42898479527751554,-1.5726979975644315,0.19007878152269328,0.4154686338210335,-0.9815743585070863,-0.42622694850848786,-0.02665891600725053,0.4220268163693234,-0.8942324498840488,-0.50509867447256,0.6320965894582572,1.1061208418315691,0.2309569512460646,0.037521325300860116,0.6161235543366966,1.0239169841012965,0.0330401397987617,0.26156137396793333,-0.01725019253900839,0.856029976248574,-1.004409739604249,0.007749566595600139,0.2956018278034434,1.3495877455540382,0.8815064821175083,0.15115848738095888,-0.05085841751946229,-0.4702400152193418,-1.47710411959727,-0.4243594591942734,0.8616785365951375,-0.4274833002047203,-0.12900485904041628,0.41028573258310164,-0.19961783776694728,-0.29459574141438444,-0.31190844385509847,0.12676923507004378,-0.25758984750643027,0.04308725203069388,0.0939510064748144,0.8973568463199001,-0.14731390408013784,-0.20736948324389973,-0.33317371621222996,0.1726459496690713,-0.2966154536439363,-0.40646257182663287,0.5478388988104352,0.3568422231866731,-0.004522445916918377,0.7918197441020848,1.186025475639799,-0.9050546402591942
0,1,-1.4112725225322387,0.210069078432995,-1.5512843069984346,-1.9251976704450384,-0.17755182255931815,1.500369130169515,-0.10848959254291886,-1.0257308693667704,0.961617327055063,0.1725054747900611,0.661558726867377,-0.7643254323903078,-0.10730914420499633,-0.04855576131227291,1.1351145609473274,-0.14456321910145903,-0.23878992572507005,-0.044989949800775864,-0.4597661493342778,0.6904861241865282,-0.9079435761677815,0.1345295043642045,-0.27065961331337135,0.8208444119005637,0.21075021626988522,-0.23138717895848798,0.39781370727064025,0.018747575419054474,-0.03755150715590328,-0.48410607611901696,0.7410623506277161,-0.30229491366475164,0.11788494607977833,0.3602573275403767,0.4004432554291314,0.37490503627901434,-0.4711265737842452,0.34552173010658593,-0.5967052170798038,0.8349762788879775,0.278388095539655,0.17653515493627622,-0.8927909373070743,1.2160330402488064,-1.3992992695815034,-0.27415440741143743,-1.777621365360245,-0.4987019864395429,-0.06361283654444935,-1.3847049663724527,-0.6537427679970236,0.6405405089813418,0.43944333508019984,-0.8874159953438329,0.3979459815422347,0.2956922462645627,0.8952188166060592,-0.18894309753460334,0.23770150407443041,0.8472505127329601
0,1,-0.3604776007591977,0.7137769927373178,1.7686089153920737,-0.3099773537609384,0.4841318029189891,-0.10410893084335394,-0.7715391360876794,0.06314968669242779,0.6806391007131702,0.5397614114248659,0.6549183231809105,-0.6786587726990262,-0.6778678563811613,1.4150505618197906,-0.178855627535548,1.2657026592351786,-0.1625733264689454,1.6976445683852603,-0.17478666155411715,0.9670355451243203,-0.3207968342608279,1.1747020751332073,-0.7040804088501115,-1.5090642773183758,-1.454743313782111,-0.9020708480686845,-0.9632720627097275,-0.2220756596241242,0.3393955609880863,0.15636597946833822,0.015785378046672575,0.6802702767840542,0.6795192013068565,0.7788814874648823,0.37569391141981195,0.5988901171722194,-0.549396953984144,-0.43972145114807987,-0.6583346524738762,0.03739178781823096,0.9957188181832695,-1.2390329699583011,0.7612804540912567,0.24037040380832556,-0.6253165015042942,1.6389755573192049,0.6395719657730419,-0.8974613005769283,-1.2634356891892917,-0.6944552778052742,0.24955295051498785,0.5593868986915321,0.21587571521590335,0.19590062535981517,-0.34900515089345957,-0.46205998521010627,0.5333862840075807,-0.19870461385376822,-0.2615270959605036,0.13332184063413702
1,1,-0.4001798483070357,-0.8083206725030053,-1.3635452737195939,-0.14535435500869848,0.2803537123381238,-1.196327249831105,-2.6956701044035705,0.38809477186444996,-0.3014337055868073,2.4741180968099648,-2.709179988174639,-1.0992955922009626,0.12217012651040372,0.01602867723952231,-1.1970445797904574,-0.5977325227050524,-2.29914956795442,-1.1844133696179984,-0.7706355356015644,-1.2035622106195085,-0.8026399884258515,1.6486675243053044,-2.1984351968289815,-0.4255760618643108,-0.19250700610458807,1.233820532003385,0.5914435637371849,0.6011202857695422,-0.8765084480570778,-0.20827759516738537,-1.38648320728791,0.4406526088222932,0.017670723779984934,0.43154564715738963,-1.2722242936166896,1.1689609823912646,-1.1515857487823153,1.2480677052809568,-0.159011439179396,-1.1050633587430283,0.164545278478636,-0.22315316427503176,-0.7669090802351669,-3.3907787176399538,-1.028379569329473,-1.0532827018358957,-0.10874873609221396,-0.6308748784858852,-0.8650835411189507,-1.8168815596068573,0.03579384407758724,-2.0651021499255022,-0.001308342856777342,1.1893223759159723,-4.535122524056357e-4,-0.11379772221505716,0.2123921266646359,-0.6135028376675404,0.30322392596996994,-1.0818107359561249
1,1,0.6493197444520528,-0.578792217710217,0.4963018548057619,0.8796935409648531,0.06264423347318133,-0.347153056801941,0.9111258853969572,-2.888579307247589,-0.10536123951152529,-1.5698115023683985,-0.19874957364161072,-0.3015463812518399,-0.32128573331616583,-0.26221074322535703,-0.4433967781939165,-0.21442199059229372,0.08404760886077743,0.5558714769232888,0.13663099254346628,-0.34583990978379425,-0.10595213791382882,0.9323987370437907,-0.3575329427356098,0.12284004524382619,-0.6112493990081791,0.6209300459593848,-0.7368799932177896,-0.10834104991914276,1.122156137262074,0.055272231088212546,-0.24099976667286724,0.8295881782812606,-0.24349637892569773,-0.3724863841869642,-0.4011138950305197,-0.4357395565030803,0.26992863128316436,-0.7958021859168037,0.20045505744307113,1.1476189032121809,1.1984325203276245,-0.5994172976981298,-0.17044410586171616,-1.1267619633991623,0.6303042233048135,0.044016551555575746,0.11309011932597893,0.12938631473028844,-0.49830975232666325,-0.3293070312934338,0.03484934598040952,-0.1388968037704545,0.0886746798318548,-0.6394769939070449,0.312076130213508,0.6585371066083433,0.952218175909458,-0.6403738675552895,-7.732383235445205e-4,-1.5569158775241743
1,1,-0.5791619568331411,-1.1903158482543514,-0.9098218094520508,-0.5478097986329847,0.28952617484480625,-0.473884113815134,-1.427893594963923,-0.07122353120519512,-2.815839922998549,-1.152506391270111,-1.1877758379768704,0.8523576784596442,-0.9056075570763755,-0.0729046432017812,-0.6895803396197523,-0.9012581046356617,0.6225677172608989,0.8368349901838904,-0.9311191885853304,0.08939455557494043,0.709237244168896,-0.03468729971647369,1.1850784601075093,1.742834254441274,-0.3866210115432642,1.7569012941771776,-1.1651961370081036,0.39686922011580655,-0.41016696271685166,1.7233645300021239,-2.2984821585578574,1.3271258308565752,-0.7667688173290798,0.016144397618468902,-0.34723638863511375,-0.008782996936651894,0.4935331054456001,3.311842853557589,2.2935976551084476,0.7980611545355087,-0.253200075369115,0.06886576003624677,0.2511112399788389,-1.6586920929921687,-1.8892203633010658,-0.30152194255631076,-0.313952706838565,-1.267579112200364,0.9062934938421511,2.0004329242769665,-1.0417796292350456,-0.48956740034148,0.8382966150779754,1.1322298505341932,1.4961545988029883,-2.766966577002499,-0.05891587008876517,-0.28834613693034505,-0.5777670213363874,0.16067658994419265
0,1,2.2354507505489396,0.010481890377505458,-0.14663393869810598,-0.48509732812032313,0.050733672863960876,0.17795230414172467,0.02421251263432689,-1.161639250553552,-0.37726513225766695,-0.3036542741097813,-0.37630075553990294,-0.878146196588845,-0.91608908217309,-0.3453578084867335,0.548264294453103,0.7632910979639228,0.21992736574801747,0.31669163726033356,0.009413274091202828,-0.07107431175660688,0.15639828152869312,-0.36690996500463663,-0.1662977225379749,-1.8022824728243064e-4,-0.4317642946048056,-0.30757146465090124,0.03687642259169539,-0.3661004135843513,-0.046719959109509414,-0.060272535301687996,0.13400491488062297,0.5783841291163998,0.0637676496148588,1.0419665903222661,-0.6675804697729105,0.29310711733428235,-0.8087622529787176,-0.2249689808067931,-0.8753654707996481,-0.5856086226313401,0.5146609458300259,0.43082913251453814,0.2403179515871044,0.09783718468644433,-0.023611490884837903,-0.25612859784266756,-0.41521207999989357,0.03914401178608531,0.3968090558854591,1.4721460824122998,0.035411134277254376,-0.12716915403366358,0.5699655277590586,0.07312348055575911,0.28429446827236643,-0.7104123045298293,-0.6803546604780318,-0.36549980377943603,-0.12494394834847844,0.5672484129453159
0,1,0.11383584876632756,0.78786467026395135,-0.7677963983767737,1.2059168339005233,2.1289582687622493,0.5571571819047022,0.8379796949102717,0.7558301981804131,-0.6370059208257539,0.02633833773679478,-0.40908098369594087,0.46525706752398344,0.6860507987446188,1.076686041698502,1.4331934998880091,0.5723246378106084,-0.42050829176173027,0.4257995215828331,-0.3567029111213006,-0.5696229048916006,-0.1415772295258469,-0.19024040027339975,-0.39077469254513764,0.4478377616204083,0.1572452140104149,-0.003557850256813373,-0.8086237650282166,0.7247064115527663,1.1321574612898355,0.4746576292782149,0.06781268700657242,0.9808572378899044,-0.41532954728010907,0.1571227297301468,0.1945240346378954,0.4777139641681128,-0.07897730555458914,0.5682809904641225,-0.6314410937948761,-0.3019868592083471,-0.8069985446978964,0.7739562960263306,-0.5002546735434935,-0.5709047482372667,0.1308553118880023,-0.7010357401913141,0.719683943342603,-0.19557709793934827,-0.3557880172729087,0.5585494141548459,-0.6448009148557237,-0.02539452357845922,0.9193213233838952,-0.5220741526352082,-0.9850652518245249,-0.6305890975384437,0.31869248148534024,0.7158964471016577,-0.07728760965354343,0.6357547403233265
0,1,-0.6566487548136875,0.6307212261525754,-1.1567349508548372,0.7408164205369895,-0.8590463029240742,-4.329835413556027,-1.1017169451637305,1.381067813107766,3.4729523319505824,0.36625216607208544,1.5588922686318025,-2.5970035590918883,-0.03281955329559209,0.7109895392143102,1.2666801264698546,-2.0092149194470506,0.3808399386201708,-0.9168843673559831,-0.6025858463572396,-2.142092074090066,-1.406953527306267,0.6590104947576539,1.3253035844619971,-0.6119203467774698,2.1217253200085056,-1.4814571801933365,-1.9866808677924586,0.4002878599062729,-2.0212793679464394,-0.26452504376216374,2.651584584620051,-0.6045806668828856,-2.9736608854875346,2.7284961207650076,-1.447120273674515,-3.4745726734215725,0.5552862503950505,-0.1467199971590194,1.9846981956900538,2.9478316589492533,0.8288594720779131,0.6366967147307585,0.3616534192213099,-0.0733388986325714,2.939967540319429,-0.8307156841425756,3.9766125130429266,0.9866864530623761,1.6899207528265892,-3.6348169724886663,-0.1251117150358062,-0.4012976517370705,3.626234907855906,-2.5857590381651008,-1.0706943086456784,-1.0103505946761089,-0.08431839528153237,1.1731584655946001,-1.1708464414202706,1.9618713993507282
1,1,-0.8558432541366362,0.1735306903699581,-0.6890239646278703,1.1203300069611208,-0.19340410276021952,-0.8663960035847067,-0.9020411518265058,-0.8103751723371603,-0.7511964409380475,-1.5941216222477683,-0.1684098453625278,2.019336333596399,-1.6191493254830596,-0.8063791067938029,1.387051641483912,-0.7546472995985137,-0.20632092770009278,1.40453258089181,-0.17124111072243245,1.4277841659679082,0.0917629480872025,-0.6075548564371356,1.3386647068823103,0.40227472251008467,-0.9304725055630271,0.7974475623174648,1.5601149183406544,0.40428044175818173,-0.6442191369703885,0.7951128362599599,0.05262575315608125,-1.852711235556167,-1.3916076357107585,-0.0893125303053243,-0.07825492743318191,-1.8846990145596094,0.7103986371652021,1.3199091880236777,0.1687760134158927,-0.3124006578849539,0.077276238442858,0.10513932364331204,-1.2026774328004493,0.342739955160493,-2.47905961939905,-0.42137396123815096,-1.2711661336938076,0.9079727478446933,-1.1450663099295137,1.0249011891223816,-0.23784713486557504,-0.21540964303776397,1.6561142372763469,-0.08027947618011465,0.35233040588990777,-0.8819769475989263,0.5691215586094103,1.3462591041426342,0.09296902659802515,2.150249645846198
0,1,-0.574361190723098,0.006958387709161005,1.84333185707187,-0.8952795084292648,0.453150214270338,-0.9138551889231749,0.15819955812123956,-0.6318496481055011,-0.8848240099806087,-0.27526695942017904,0.8637007126857146,0.8982920483358865,0.01480638817508437,-0.5170438875344202,1.092876449986551,0.38273680297902163,-0.39254843034051506,0.5916388311442068,0.03771306814733576,0.6343858628168125,0.5239960858867874,0.7013179946195225,-0.31351613633871533,0.12380228108671093,-1.1685616438791542,-0.5419405301831621,-1.1113398976295144,-1.019926650665365,-0.5390508363883341,0.7217890884474459,-0.001802356371993451,-0.7999159531462448,-0.7058448092604902,0.7914805054632309,0.2570294351801904,-0.5819175623971107,0.046531512686063925,1.1766892012084225,-0.2683125364995683,0.11095377652242477,-0.40688337932129603,-0.5501521279907435,1.0429938676527857,1.0863863207685633,-0.6372669196847253,-0.05026686956058697,-0.304264195970735,-0.6006608550244114,0.3407647731285428,-0.30351977459497215,-0.7642309482565248,-0.6754004667935368,-0.42172468956725007,1.221012828491951,-0.5727450810493675,0.42313996741191956,0.6709586112558821,-0.06785182400415234,-0.9111399145212473,0.6201226165829927
0,1,-0.6334530961095389,0.3264803859061655,-0.7163756849822069,0.7722550621287009,1.594626247743447,0.9738497620210776,-0.22873544486428546,2.3841377690861543,-1.1626803334142437,-0.8282474742291633,-0.10515655370078723,0.7754401352851343,0.2063991185814712,2.2306674569322937,2.1090208330781897,0.570951766080454,-0.1556687132541367,0.4915939056449728,-1.410859904211369,-0.6761585864863012,0.48417012132329107,1.6705342055450303,-0.28369005140739006,-0.05175451759683484,-0.373476443028805,0.2644926606709853,-1.1852613958685494,0.3117155450293012,0.6753916649486654,-0.8930212696385708,-1.151190642004788,0.20042451407569756,-0.9807511734357066,-0.9615753462024471,0.2256550593219741,2.3353479158197685,-1.5030829197175122,-0.2045116532639653,-0.6843996751169827,-2.967039895100939,0.5224234423538896,0.8407953096976725,-0.11333707619651542,-1.331354904138555,0.8693120142405845,1.1044550636756754,-1.736403886165401,1.0610801024553898,1.4160554646405603,-1.4419620813836427,0.8252238016858445,-0.6435816270252714,-0.040453055179847056,-1.3563994233606818,0.08677567098669473,2.3649100864309998,-0.054246195335157635,-0.017556980767856348,0.27169666508967283,-0.2489082566133048
0,1,0.16161305050164682,-0.6773717064041782,-0.891008553578776,-0.347592525979173,1.2856660602631125,-1.0949166993567052,1.1149057566596463,0.7832014362941213,-0.36020351701913583,-0.3440105975821914,-1.2630133238073664,-0.9171814313741526,-1.5003778790803688,-0.6724775660978994,-2.1695725378833166,-0.585109267857802,0.29372253512677865,0.33195423275145475,1.5430569417071809,0.25051817282231137,-0.11170739798916943,0.2720462069149795,-0.3894853974844452,-0.4949483552615684,0.31126260028922287,-0.33659251802807616,-0.49243244870846,1.3367714079245199,1.4858703170073095,0.05493902729245996,-0.09772030030315093,-1.328500219915539,0.3099112238774148,1.4871408796044996,-0.5018134131289027,-0.9354412278311062,0.7510872391669505,0.3565033858282746,-1.180767514307794,-1.2841702615569854,-1.1179915961621871,0.42025337369688487,0.42874700604124616,1.8647601574132673,0.20361216884104533,0.05068655693691177,0.994950978975946,-0.07499365097139549,-0.5248740929288749,-1.1936708779746574,-0.006662893817158322,-0.2527623532050129,0.6699877425342138,-1.9954758235797903,-0.7272283568848635,0.6921963611851955,-1.48541523574065,0.3575506613850177,0.2404218663011299,0.9726880508283613
1,1,-0.26547435947781817,-1.355281226065714,0.2668977263421927,0.26192504998108473,-1.0647452632538865,0.2703096721530008,0.5962557128631186,0.994159965400173,-0.3706634814848335,0.5825032760684099,-0.12496960974210003,-1.2383940786720256,0.5563182032751262,1.3197977395102936,-1.3707942952618233,1.2233865928748087,0.5049296835194321,-0.2526818785723272,-0.5611168792349474,0.83760529485520685,-0.40579202358087074,0.22483694176222146,1.3182589399845284,0.5125784845132972,-1.7564552672199134,0.05214098605680142,1.2953313256969412,0.24395561189185339,1.1091340158054226,0.12758491908665048,-0.1654170786919766,-2.152631354335025,0.23766580016133187,0.2941573946956483,-0.9960782761402053,1.0821731549661313,-0.21052060217604127,1.9875273640326565,1.40651794233034,-0.07960969903332106,2.2207218114947973,-0.07107395928544603,-1.6272151664156664,-1.1079638842695774,-1.6273551327163513,-0.16982836041161845,1.6702462089580339,-0.23687292577387858,-0.3249865071905231,-1.150313151604355,0.7202705174416548,-1.1959216832115283,-1.8454345067060307,-2.091910449023102,1.3321986437621975,1.2749712637719528,-0.8645192092929924,-0.3325269913828664,-0.3416641207636311,1.5657863094536322
0,1,2.216656923597552,0.28583983011659986,-0.28344824626357834,-1.027148433259309,-0.6645508818529716,-0.3335496061652962,0.7312001826237439,-0.576362690679257,-1.8570477500940243,0.14877415389607518,-0.9707388062104215,-0.3085496093359859,-0.0666295584138533,-0.708467034191247,0.4527263549701499,0.5236017627406243,-0.1403736772537148,-0.3007984969292188,0.46510319046709026,0.005872941173923621,0.7698398972902898,-0.0449711386386536,0.06969957803785311,-0.7513877194695991,-1.4473767304175154,1.1650939560038698,-0.4305783176660804,-0.7624995304177851,-0.15773835827708954,-0.20830780255906742,0.47619632609948526,0.014658251349468939,0.2924784598369038,-0.23850143097176643,-1.1286823466321803,-0.4153429524922573,0.85779263693512,-0.10387756282132822,-0.6285703291224336,-0.5331466396164335,-0.5130691540476425,0.44842625435069716,-0.4186540082068595,-0.06332773340164213,-0.4154478884483658,-0.011223935578403753,-0.37869555433425023,0.5232281227442576,-0.3445008561403565,0.5475663476574721,0.42173657138349085,-0.1781386251061178,0.4144666122587832,0.5227286919306126,-0.246266567439857,-0.9459788477516661,-0.09671209297376455,0.22724544600817326,0.4356479797386945,-0.8507090689532018
0,1,-0.6555999813896516,-0.1860790230071159,2.2989624890418674,-1.3900012876285233,0.5246250497277161,0.2570903902502625,-0.6743984758933065,1.2916974060082775,-0.3458238449489256,0.38880924497113467,0.280276597786826,0.17803983194979128,-0.09837286101828598,0.759113019920604,0.508793526833875,-1.4995126945615207,0.10719888049407966,0.14078456815957796,-8.644410477192611e-4,0.6819846944761537,0.6594930920306503,-0.4028639883169581,-0.154337198708797,-0.030722741272600957,0.14787414450399514,-0.5157180573723902,1.4187772774173717,0.5769281331793472,-0.3451709651732162,0.49342028558565393,1.5254736482923688,0.24462109596796586,1.9895958399407596,0.4674229471402949,-0.4020740758651704,1.578219392112837,0.26277851849380357,-1.430475772419589,0.3510772998168391,-0.5767897349857863,0.12906989814799372,-0.42403008906342454,0.3166938637289053,-0.24717113122242387,0.1684067875710999,0.032649421872777105,0.09137551866505111,-0.6787312443236793,-0.15424100769558474,0.3358262765732899,-0.5362625524338012,0.40667994700096577,0.25522125921525024,-0.23131546221022406,0.12303684203565472,-0.15466410621283647,0.933471817648557,-0.24334649154801766,-0.26525535639982334,-0.6421065627298803
0,1,-1.6966995005180605,1.053395507820855,-1.390924675695698,-1.6493167324413796,-0.8812158930785119,0.9726910551003215,0.30546614332794847,-0.5029570633749201,1.555489204428354,-0.16228490622910718,-0.3779241874766231,0.1478107879426151,0.27583931854905813,-0.4839841613362711,0.5927885444713868,0.4214036079941474,0.14130106807746579,0.4372872956760866,-0.7648779028751111,0.2799539232943095,1.2062299892308768,-0.30743899481316855,0.14875312970607474,0.41334644241500346,-0.07679472714662063,0.6580192946157061,0.25368089631456125,-1.079506779965997,0.12759410926357,-0.11207051410913267,-0.2762716747351622,0.17351207123128085,-0.6723137520814456,0.9232552838708329,1.1331243093053887,0.5488899385745152,0.3883875855232919,0.14643857782413003,-0.28912130774946776,-0.22180048878163905,-0.008946680825201909,0.2957520194394369,0.6821274061112214,0.1129171697450871,0.6273072727449817,-0.1308613221633766,0.04716088001132447,0.9973070961854196,0.5440867738213864,0.11360420050332143,0.6984676297709013,-0.09549668475226035,0.43915279922504113,-0.8465294131946884,0.006504733582503556,1.7128969073857798,-0.03709034313857292,-1.815202809383758,-0.9754304574575895,0.38098460719913374
0,1,-0.3052108191756589,0.9094810495014446,-1.910138156456766,0.8800389130668799,0.02550623886052698,-5.385459432443949,0.7184434626619357,0.1455013444026511,2.53604816572734,1.0545190144796708,1.0641355231269223,-1.3928318676325313,1.6811179426494574,2.560794712287026,0.7045909552784866,-1.3188111511468705,1.1459585926346372,0.912698154979636,1.50317800447603,-2.0390389300534983,0.7865160741725525,1.380204368395695,0.13660154594714682,0.5920017184919737,-0.6764605926540533,0.28378547643859736,-0.9024884231488847,0.6394566143105287,-2.319378282579098,-0.7363930216617522,0.8354569953600853,0.1861205750132746,0.794141713631603,-0.3917344342352592,-1.795631585183425,-1.2596550758728777,-1.0823215283357515,-1.4813945623476092,-0.9504232773477248,-1.075238273874769,0.2439352776993247,0.12169311316495458,-0.5386992043863258,1.0962006082757287,0.6052159862268693,-1.6221149783019868,-1.302435173053761,0.7310461119640278,-0.30562505607711304,2.45762097191635,0.42450500361517285,0.509625275633595,-0.3819743523300235,-0.8842212597687418,-0.4667316569542325,-0.5831391656299756,0.599692618256759,-0.18201887746678128,-2.014622172102295,-1.8614678013464039
0,1,0.21088903737183443,-0.15103965721146517,1.4539472201026922,-0.9839712005330168,1.1099984995318328,-0.2690410375807489,0.478503328200541,-1.2577205335354908,-1.1751460782185514,0.17636908580477303,0.33474159947319687,0.630173602030926,-0.7621057946991711,0.09137578124618756,-0.14497212523351113,-0.3980597452096316,-0.5555402841556789,0.5230852926368641,0.03994371343058417,0.10949626433994313,1.496207907949169,-0.886528316372769,1.0737153066456375,0.40656252473009696,-0.19480815829659553,-0.618383732459007,0.3969617673690782,0.50534049354248,0.09379811074974356,0.42244348200832177,0.5288378013267259,1.1944368845566131,-0.15313640091580671,0.6412830679635894,0.36178191180109875,-0.07181545517324375,0.3261897607518177,-1.0107359541734022,1.0455135633193444,-0.9574152297343618,-0.6858304726513048,1.342737942753582,-1.7173658246528858,0.006471595067022832,0.28133162764738134,-0.8772131501834657,-0.5870432839387292,0.49271930824299726,0.214822816078613,-0.554950369154578,-0.3609798382608119,-0.5599047860650009,-0.35781099477615935,-1.3025810937899645,-0.8622778625768656,-0.44479415266572,0.7011580120514912,-0.6779971630127598,0.044591616691715505,0.1961066569101281
0,1,-1.0714391709249562,-0.07043557847401788,-1.8515578587786805,-1.8295486403838634,0.0426204947091389,0.08726231904927967,1.0234805454843934,-1.6295484797534874,-0.25464201311441803,0.33149600244680183,-1.0208393815718955,0.826096205022735,-1.4921361956202641,-0.1451707039623928,-0.39464475092334683,-0.13936526001997598,3.1930437326449166,-1.0739833068827116,-1.0323415598095709,0.6375491299624615,0.18890125210844524,-0.6112456685620069,0.5772847406326359,-0.4137004842035886,-1.3098331982022733,-0.9817183055461326,-1.1972218383781341,0.6772565777840787,-1.0723257741249617,-0.05342359663756456,-1.1228239673408644,1.3644110470689597,-0.23018539109115219,-1.0694930089424393,0.7089067240715737,-0.7524930483174295,-0.7171668665579268,-1.7343338926257303,1.1879068235094865,-0.07475716295154604,0.29591233459336563,-0.9095677934118249,1.1457764427607648,0.835627023590497,0.20200629544038615,0.38710152960346234,-0.6425635188094563,-0.5107447873959935,0.8925376221885949,-1.4674059750296937,0.18929202751714577,1.1391934916864057,-6.352258016363114e-4,0.983416247280773,-0.6363749012445272,0.28000916353642974,-1.512277626147181,1.7994750701442457,-1.0551484249101672,0.596767264398163
0,1,0.27701483605543187,0.5903786004242665,0.38694429555279114,0.5342644950556461,2.2427918068032464,1.773553543054459,1.3803555228771596,1.5016572376171877,0.4953834717104578,-1.8987630270242333,-0.5293277385635663,-0.7284137088609298,2.5888602213318346,-1.4111013294873056,0.17386753691048487,0.5079061636475457,1.7695515260525385,-2.29742991889038,-0.26798355400997453,2.5185668132588273,-0.8248635204139916,-1.8618175408729827,-0.0787150886298055,-3.532240264087027,-1.7169817345946363,1.4677688696946722,-0.17935176651667256,-0.8746426877130268,-1.1174241052165879,-0.6657936191117094,-1.8855676747141557,0.4819006006845382,0.007964290950489561,2.6146965407414204,-3.0716195606562096,-1.2757210808738875,-0.942691291937205,0.1704582810136658,1.3767232736343056,3.374531744492678,1.7937283202088563,1.90026691744452,-1.771718612600047,-0.31031193931064666,0.17636828260772847,-0.06268748000519318,0.3518194714123573,-0.5701128988604589,-0.9753549704152464,-0.037101338466324005,0.8648108235565772,0.11846494295928779,0.35516711558161257,-1.019003879631582,-1.6780764856768622,1.3646099508260656,0.7617601634377538,-2.3412749479932895,-0.2819818792298018,-0.8203590989323452
0,1,-1.7522206408025924,0.9854903475244262,-1.7069893710799469,-1.8897031304520788,-1.2208506267862997,-0.5943247627289868,0.5436523758288573,-0.7855022152097427,2.5848069309467188,-0.39136971490488803,-0.3018371127511416,-0.767327347033772,1.0055182203155029,0.5288115936395962,0.3963471630934723,-0.6427200423675535,-0.8174797467033071,1.4923054350977751,1.4450205819248736,-0.02011159062508483,1.0215407877115554,0.4223940381984625,0.4110836947840988,0.35476378698850647,-0.15871047662254373,-0.23511003534750027,-0.41067411402292864,-2.1207884319277137,-0.040503518142473736,-0.5680755317952961,-0.8857659623986377,-0.1760110438671955,-0.6207960889915054,0.851262300597325,-0.1638390318090626,-0.22200384288660527,-0.6629294425446052,0.4151950998575049,-0.6290367971073424,-0.1917455784717265,0.09848877324219607,0.22459690950236466,-0.002602764304960187,-0.296298280881846,0.5332360617396055,-0.515648636652096,0.24546970052437234,0.733776564648511,-1.3986521840269477,1.79333400105625,0.8446333359086402,0.514842060652892,-1.227677285611398,-0.5091324251102614,0.785167176038784,-0.08515918058067647,1.3706227827351058,-0.1779593965746447,0.356983445623327,0.21977632217512358
0,1,1.6761266628534213,0.5756929774105414,-0.5217700486723285,-0.35862311348852277,-0.7499053887257706,-1.1322592891115981,0.49747375193414295,-0.6319249469744493,-1.427188706781396,0.21923347888800984,0.1331406436971886,0.8341925382749938,0.333961432827747,0.3531548604393222,-0.9403376626511182,-0.3180022327818218,-1.4409649364880963,-0.9400970663672529,0.795520129072982,0.33086773957739896,0.3296526544497081,0.944857164444406,0.9412799630827605,0.4276773790097435,-0.28706995389254497,0.2831682548494206,-0.5098681097721247,0.35638711319093114,-0.9146733600425594,0.09904782153733552,-0.45056617443570135,1.1141804310510217,-0.1026654858739278,0.5617158305511624,0.4169767804829249,0.1264246812020395,-0.9430031169546773,1.7648670427347082,0.7338006623097507,-0.009052843112369941,-0.24503134939693455,-0.1296911828296867,0.4035880942169804,-0.559369400245732,-0.688537033028097,-0.09213558713575344,0.6870835761783934,0.32886812126437964,-1.0281966893727303,-0.08613799738349825,0.5314105766594076,-0.38134376407481035,-0.23818950995805713,0.3730037954975042,0.5251545572408922,0.053266243029906186,1.0063781853069775,0.1173396626504935,-0.16408142265206016,-0.4362499942240219
0,1,1.3016073518486604,1.32733479508379,-0.4278644473284012,0.8399689015674356,-0.12689759702543352,0.3898819322773776,-0.788017058276626,0.48170121335792077,0.5022381296669488,0.35777568805944465,1.281067974319838,2.6590217436981267,0.26404714897094833,0.4440320455153198,-1.548083693829055,-0.23085541585255617,-1.3737545731636105,-0.33012809635550283,1.052689635513627,0.8577254778964335,1.3908556861502548,0.4524769615139915,0.7909369467098845,0.3952183087373492,-0.5836777847729167,-0.20511118322874625,-0.82610989568753,-0.08158433660174187,-1.7164493062693957,-0.17047987246181676,0.2223455142871776,1.005445817925662,-0.1762437233934079,1.6923471787517965,0.38216754523778873,-0.7811597161409051,-1.3186108363000688,0.4010419294161133,-0.8755300399937882,-0.2091283746713288,0.0705251019614122,-0.7966279328087155,0.6049627615317812,-1.0602113810230498,-1.2242641385976345,0.3859209645214671,-0.5775964018998793,0.52395000525004,0.003317811903047789,0.030858223204188597,1.3861591696998414,1.0723018397351567,0.061203764646615026,-0.8935822887270072,-0.029473950757032328,-0.7537041446379703,0.9380047213185245,-0.5483533654458765,0.11308120972339224,0.7943032286384477
1,1,-0.24400542747559031,-1.5911470679544353,-1.5389711749213044,-0.4123428586943742,0.29036881246279717,-1.5306855219608977,-2.613111297142779,0.5173007664825385,-0.18750399063170356,0.43028987036938254,-2.642436648084155,0.5532787177720875,-0.1401286052036117,-1.0705360079823645,0.17666627278453564,1.7163056113821642,0.3064140000875562,-0.4353101805085991,0.4034075493840085,-0.18771741912598597,0.0789231584889957,-0.8037062344202507,0.45481704908893317,1.5752632527959183,1.0373779350477488,-0.918791067927818,1.1555541322122702,0.22097129790229975,-1.1353293466370933,0.7945371652275307,-0.7635334679915108,-1.7118024106569178,-0.5656115326760798,0.6536332314479619,0.9880627637817374,1.1976888721503267,0.2766014201282417,0.1602404898281152,-0.7447602846620629,1.931152471662235,0.4961294784773414,-1.0860543869545538,-1.2084501126127551,0.26636868247771844,0.48893595659455197,0.5393663868266442,-2.2023206398729203,0.3198586943554909,-0.3600339541928479,0.9361020629453536,2.553111529685002,-1.0271071897431645,0.3265224982937236,-2.5633622295973373,-0.49947882951794914,0.49646487215630897,0.05801933999539879,-0.9485231852288408,-1.456685767991891,1.0216281955887752
1,1,-0.6799407996516803,-0.9349448665275225,0.28335755958902864,0.5327886599576762,-1.7424297421933341,-0.18452844286340522,1.381681097096885,-0.27369972761635825,-0.6957017151930487,-0.4546105897566262,-0.6996048934076864,-0.14383147625559908,-1.0591374049721836,-0.3828822361709963,-0.3558207229169841,-1.2524783637907781,-1.7487974941908282,-1.242191552906891,-0.014954384439086954,-1.8808034350713205,0.17122116039240662,-0.2409871026839735,-1.0487998052242975,-1.4484675483410339,-1.8202936198708648,-3.2406513272044704,-0.1649136938892115,-0.5706904777165116,0.048235155448053284,-0.40753222129441125,-1.8793571182877207,-0.24157528477761828,-1.2145945034061412,-0.8244985253710538,-1.6501249412209296,-0.9726632492502513,0.12507054176409346,0.3410155260816913,0.139423790304227,0.16964188970977498,-2.427709183892562,-0.5709156866082012,1.8327710060893398,-2.1743324427536077,0.5701756899074868,0.9380400670024361,-1.2898286110846704,0.4895355246259493,0.15391102584703031,-0.003853868359435024,-1.3440016688608443,1.2317390590178476,-0.6250452953576072,-2.0971559083693028,0.336310379342868,0.6730037144409102,0.4614804485834451,-1.0300003570370346,1.5316167475263756,0.5387651963173234
0,1,1.8055613097416072,0.767530587134032,-0.11687263697434482,-0.9700146663634907,-1.8315285567325452,-1.3097255146610371,0.39716158272344065,0.19978777897302122,-0.36536454716238453,-1.1854356970394662,-0.3381641723974504,-0.9384835638090275,-0.07738327744823344,-0.12275763327947031,1.6912873012463592,-0.8579292288099684,-0.5822656750101748,-0.01831836446809513,0.22046682808222456,0.29992378859227087,-0.6107230424583491,-0.28448882267924475,-1.2608866363160132,0.4160527720857434,-0.672671038416107,0.05061151906363568,0.14866151636895775,0.21376674365399598,-0.2623791841444097,-0.24256423099398702,0.06099112400394725,-0.5712383045295905,-0.1171858761149736,-1.270217375472278,0.661621525734322,0.6976548673271843,0.8191093709077936,0.9392684090538943,2.641687445278209,0.5016680183751066,-0.298549917177475,-1.0212261678890453,0.13221693794723452,-0.5958157536921189,0.1437915352556201,-0.5180794585096483,0.3847742188056303,-0.12339628636328613,0.035474001253359845,-0.3235443274501968,0.5775598274201869,-0.002836896915335583,0.8337758971644847,-0.19782282622205044,0.04469941148969294,0.16025105930203076,-0.21336772254609734,-1.2179900956877292,0.039051952915684175,-0.20857994472459318
0,1,1.1371029428017816,1.7715066746429387,-0.30821597329743916,0.2684278363552894,-1.0949918053109258,0.5265617412112863,-0.1822388346208774,0.4637276817896529,-0.797840925745679,0.5071609571419378,0.1836184140867386,2.2000238184572223,0.5328089838903768,0.28979038883141306,-0.20391459731051798,-0.6014482173854404,-0.8948554303207323,-0.8344888699061468,-0.9097464037467962,0.5728012628410706,-0.6370805384263487,1.076123782061765,0.8325790971425483,-0.12344846399163595,1.2683556278105061,-1.3471538618656032,0.10884094831219732,-0.3158328406819886,-0.7500587749664129,1.7698443065025535,0.8204549402445241,-0.5598711902450796,-0.514332430879125,0.42186061769514577,0.1981282559281654,-0.45398003611344473,-0.003692601639821515,0.3631406014071901,0.5864047349273334,0.4001731172380013,-0.12064832043896905,-0.8206157111907428,0.960593042056893,1.190758407141152,1.5414963293109236,1.461180711539311,0.7253683070153301,-1.769439031289289,-0.10825678228938142,-0.38330329193353496,-1.0725861660439846,0.2679998568850852,-3.3721138641569857,-0.21990941269360031,-0.484333244902064,0.4957676118256763,1.322980119164073,0.39778736155705763,0.8445951836125046,-0.6773743041349845
0,1,-0.8597072144948859,-0.017730929443390848,-1.3773724998071055,-1.5643221495424546,0.3580434193848691,0.7855546459535585,0.27881322145977855,-1.3907838916505004,-0.14780666742884652,0.5576177402144504,0.7498715053016796,-0.4526037764652988,1.0273830155074724,1.200862228493464,-0.08286678923685876,1.3441025264457422,-1.3444939457385607,1.2487662249595644,-0.4303076695375159,1.198948298826412,-0.2646566566080778,0.29429130130054276,0.5636047791671567,0.5069737824136966,-1.0132514003348223,-0.5508388026116176,-0.8355150191331822,-1.2111476340596037,0.8132915734065139,0.011239975822923912,1.1682664808916559,0.13924800364735532,-0.17375672073384657,0.12857956816720778,-0.6846684642229719,-0.5565996402156531,0.30718773433990404,1.8469510014017618,-0.16222703870903327,-0.5046358614029144,0.3716179761822999,0.1498360883797523,-1.2320846673847516,0.8472670876760993,0.15981060735480462,0.3360633334621555,0.5681354713179679,0.30531760660932983,0.5072799944404691,-0.7372505850258966,-0.8242452157940905,-0.9928930917697166,-0.7154546208135653,-0.8230295227046434,0.10534375794251193,-0.766475945154234,-0.7203332052296841,-0.43760766097240844,-0.348768709627705,1.337043450753802
1,1,0.16019004111961688,-1.106124517248883,-0.14514790513419654,0.4742854712567838,0.5161303517938798,0.26449478978601865,0.1718653254312007,-0.9895592640374659,-0.7418374214639468,1.4580798045590162,-0.3945137264941676,0.6237393196754679,-0.7685444615391613,-1.7052527205761412,1.7658679343669774,-0.7973209591325555,-1.1553161795037854,1.0094842538011346,-1.0804842704546467,1.0604945729104178,1.1490820663000119,0.39109656123462777,1.6918102687167402,-0.9543648447685219,1.5534416216765043,1.591290162037645,0.14312032007836395,-0.2685648423689103,0.7094676241873266,-0.9524331051490514,0.8793028951098137,0.2261521464861222,-0.1531819609422451,0.021043115639251597,-0.9227166310068656,-1.4535915451924362,0.6484382347806571,0.3340615694435761,1.0997435076511053,-0.8419492853149537,0.6873769482947736,0.2320099853057822,0.40474178285342693,-0.2760485485461497,0.4287634724451678,-0.8480675150704875,0.4535807490113305,0.19697394567236773,-0.008281307722582783,0.6022813623654283,-1.0123701805487184,0.8757777287375343,1.369208240024334,-0.13023076959482538,-0.5971664762974934,1.3713962680371365,-2.7830024517476826,1.154158117978522,-0.7417229481428669,-0.9828207507011796
0,1,-0.06315036200997952,-0.2966792042149701,-1.3105745376456854,-0.3340167240690959,0.03373495757141148,-1.8899362264392552,-0.9202289491890909,-1.573570675844563,-1.21127380690951,-0.5276421848388076,1.7165333688679696,-0.5495853265416847,-2.983204875324011,2.9078287746875615,-1.6734310610628795,0.11964015428199128,2.3852738746843354,-0.761515994264033,-4.161783776533927,-2.106447813129918,-2.4287762402307327,-0.7864528253299444,-5.27439455995239,-0.5308074791784357,1.621279894153755,-0.30152652443433003,1.3686350495874815,0.08084783787756887,0.17798762836810822,-0.1568016465564873,3.2718998240056463,1.2129433726330519,1.2215554302426508,-0.6928985484296111,-0.5722717063571039,-1.2123784417385108,2.033217556580594,3.817205072788468,0.11403263393463278,3.8653217029506655,0.997388214315158,-1.5229874641900616,0.22783295813596288,-2.652670191518278,-2.4082885847527753,0.6683508797975996,-0.8344827250548106,-0.33666653905975336,-4.397513302863465,2.024145393741829,-2.1328136136516265,3.0159207726086867,-3.870390668401482,2.0015471246542296,-0.660611722313015,-1.5413876153834194,-2.465427743391153,-1.1784492633890726,-0.5728263087321566,-0.6216330949614649
0,1,-0.675578676502223,0.009522700216044096,1.8729366172380872,-1.0622002831653927,0.018107342962354053,-0.12473377588561796,-1.1460053523494904,1.1635226904411136,-0.020529550013759234,0.7404222793086246,0.7145402786211933,-0.05705299721497595,-1.3132368995144985,1.7594736284892616,0.2415412112086619,0.5073766038268949,-0.5162737764001698,0.919906586180919,-0.7382289854238262,-0.6436599255028526,0.8999619670414005,0.3457354999102783,-0.17037216852439335,-1.927038596957671,-0.9032015182050949,-1.8853499151888402,0.8731197767708457,0.030373088049652556,-0.5076766667707142,-1.6958019014219723,1.0495084695146075,0.73826359388871,2.849103883989147,-1.0930873490456656,0.2668155399120413,2.8828909801916827,0.3247490855316119,-1.8323869955966028,0.2515715726051295,0.8221809810244022,-0.30955294261635613,-1.2568649647709482,2.5663634172427594,-1.924026026573928,0.6351606993762496,3.223931823814067,1.4995161559379862,0.9628321534953657,-0.9671702659209976,0.8291037179700786,-0.06455654835307631,2.115852693996467,0.30156658994937585,0.621721826920352,1.6001092703250308,-1.5365008552891228,1.3797436486717882,0.48588031893599937,0.7187664298681682,0.69342094318038
0,1,-1.377755035937246,0.9309745444717659,1.8702475858900647,-0.722800065614435,-0.8064786176291597,-0.5626475503766054,-0.7632061905521887,1.5675143938231761,0.3985538377003443,-0.15461445629266593,-0.0851983158248989,1.2904721530555587,-0.19796404806734444,0.8034405334345999,0.02160953416134277,1.0984518180541205,-1.770262415129534,1.5953824714203726,-1.9769864612678996,1.1777040416879403,-0.3890134107270972,1.2766259243840898,-0.9189410653849481,-0.36289863198754135,-2.590281843259591,-0.8721600165149485,-0.3804101265794377,1.3541108359175753,0.1920507047244119,0.7558008516844938,0.2727862353271346,-1.304579418430505,-1.3615561982684008,-0.5387486397070455,-1.6387707049932683,0.2596427050589931,0.8014630850406198,-1.2270660842626215,-1.5002832210058452,1.8877466113193573,0.4728583875955274,-0.9877065350448675,-0.48829493779186434,-0.18328047963857516,-0.20380911048151126,1.0816836837908332,1.1266438724983074,0.18692279064640732,-0.17426996970242487,0.8913226161098213,1.1721313896815957,0.05025475540480932,2.719951877329034,-0.8714015053891104,1.7466317764545356,-0.2890201276606355,-4.522019630581101,0.845621964117838,-0.9344352018735863,-0.33592895393769717
0,1,2.3977891875113713,-0.2860411929158898,-0.16922844559454342,-0.6517209998823418,0.27135561234972605,0.44246263802109653,0.058111248884593736,-0.7700964561528446,-0.316739050481048,-0.09064735166793586,-0.22820256163194824,0.1064382754490977,-0.3222425882994436,-0.25141497994373513,0.409165494005881,0.8383162629215505,-0.44987717198486205,-0.3068726469965964,-1.0813837234545025,-0.061083770519421064,0.794350685094129,0.21626276666899932,-0.001038258495089157,0.2958356405964175,-0.5390071994639745,-0.719395213668785,-1.0759543413658748,1.4527111693778019,-0.40212050497487417,-0.22878417774761903,0.6408818973168379,-0.2522726348091537,0.9877496361877098,-0.04603882140345039,-1.0743023206750906,2.043873022068665,-0.45296497868145785,0.7475489821671614,0.3744027268853504,-0.9441499032681919,1.2728943668858923,0.8258116252036969,-0.5676225116655218,0.6438022314307352,-0.3005391846547668,-0.6946073037698064,-0.2052750390128595,0.5887770227418123,-0.2087003522716284,1.195110745175985,-0.6179651572243574,1.0598999698177558,0.9677746068725155,-0.0020811192842599504,-1.1374231909821568,0.5342268538076355,-0.832537999467578,-0.6770811023090905,-0.04335825380549231,0.19722682320486026
1,1,-0.6705968771156473,-1.1399155907478125,0.28697251157680687,0.39069274364603657,-1.377392969576088,0.7255313312472201,0.7278827908739952,0.8626464571740876,-0.6498276950756224,-0.7358661447574439,-1.3045243540307392,0.2859300161764822,0.022707186453853587,1.596425685475738,-2.123457149808104,-1.4820747337864293,0.33171768969945187,0.011324416341602988,-0.8999813575087611,0.876127547161358,-0.821824453140513,-0.5053027988848995,0.32768837585373806,0.6036722955823821,-1.513974227457096,-0.2517059845511822,-0.33385301113960714,-1.213056939133635,0.9079257216591721,0.7697484487265035,0.05616980862094233,-1.0515333913189684,0.8173705127007762,-0.0854391748939771,-0.06206274650987745,-0.7742813777132131,0.09648061125783378,0.36955045834377775,-1.1317917080094466,-0.18689072176104568,0.41354516763566346,0.6032514216789849,-0.2188298875864593,-1.0816191197753535,-0.7635891139333623,-0.06072088901224088,0.10095362473800723,0.34573939692574873,-0.666706820506408,1.6241460423146825,0.5633809793278907,-0.9726928701612737,0.007792041687121818,-1.138226613355699,1.117057631119516,1.7096630858735697,-0.36453405640289815,-0.17481152764627192,-0.26855725393469987,1.017415261735185
0,1,-0.09962012357094939,0.2868674610886852,-0.5163373383238288,-0.34447381325224574,1.5299192064500227,0.09670113429613555,1.263554689830542,1.275325457664934,-1.09512088402978,0.051500407862938434,0.44141998604713856,-1.316728936990567,-1.1621567031657296,-1.870807933021362,-1.672450522525381,1.045996443376374,-2.7877525341417773,1.008480436721376,0.1781279041681345,-0.7490127411374226,0.8600228673214874,-0.2032913663060723,0.6118021579430206,-0.13131709285575419,0.9832958557921196,-0.0640556415925031,-1.7160819976069475,-1.6799051559978697,-2.422612384874632,0.7759409767043769,2.0665001409651893,-0.6683644130929913,-0.1764002685494448,-1.4564775487865929,1.1104808424532298,-0.12226541371891093,0.17005618577054366,-1.4900269513676068,-2.275874776295272,2.9215380628405443,0.571233768677935,0.4609309791358366,0.5438055879084428,-2.2358410255000964,0.651260196867258,0.24058918615438032,-0.15270180618682638,0.6504538677793947,0.2591570483466222,-0.6781902533540923,-0.19538153671096456,-1.149221413532315,1.9136179533874094,0.10106355269065627,0.007147133519380837,-0.5104747905417228,-1.3290325726546661,-1.0419078386355272,-0.26797075267747195,-2.4013114125130293
1,1,0.6230696848054198,-1.143187704501222,-1.0157465169777462,0.3163621654920361,1.2472292346230147,-1.0257394332001504,-1.7314432861798752,-0.9712420954756529,0.6663217741248239,0.8634791676437481,-1.3946117026164324,0.02505658603766095,0.38585129219822334,-1.697359156945998,-0.21946203932652653,1.0663561213891903,0.15729108242751672,1.2708581972978732,1.034989694510172,-0.4170857987347805,0.0965192845995984,0.5422676026812153,-0.6026836234431975,0.6508277973767991,-0.42504507311443834,-0.6041398224084946,-0.026817767035981637,-0.46706109686528197,1.0932015111736342,0.4065824856305165,0.7012200872105833,1.5568212965634056,0.2682929245999847,-0.4825021387066962,-1.127588204331353,0.6269261593647731,0.3466178867084065,-0.27584761242832345,0.35530027515313645,0.9358797320259008,-0.27251384915227767,-0.05446423231506505,0.018587527255615986,0.7754673858787738,0.5041514212327415,-0.4949992787694056,-0.20685721834684348,0.16661903515276955,0.7049831293019877,1.8428301474350397,0.03365372897278126,-0.6499960888938138,-1.374058371729273,0.13758454043773682,-0.43682372027463395,0.4156221463187546,-0.9306828312843862,-0.1010889463841573,-1.0927568781537524,0.586432944648417
1,1,0.6360563308862576,-0.3929348565662205,0.14257766870069172,1.5638844812019548,1.114265164934794,1.8137721890719656,-0.2866677568881857,-0.592140217793334,0.7404286739881056,1.7524732559946445,-0.8930905864508516,-0.35919039896244753,-0.16662752957875407,0.38354059013360253,-0.2737024948586888,-0.36889966830095716,-0.2241284350427893,0.31432373915228057,1.0283310056971666,-1.794116890231821,-0.4673469470609034,-0.19548635093910702,-0.15690596539007898,0.2210019564891643,-0.36660480710694726,-0.3349924123140773,0.5515781858845861,0.029599033204151377,0.22277849319018897,0.2518340165654925,0.24022277427752306,0.6528234790846607,0.26889205673476,0.2108946862244136,0.26495826697367764,0.19500108213796474,0.18687129484464549,0.27502582108589574,0.8774936070003267,-0.19725508476623044,1.3016278611662138,0.10072885408883323,0.025389734381789892,0.8762680557038467,-0.5747919818035622,0.08782563655409999,0.5027317400875652,-0.6849388296198212,0.32404073162887453,-1.446270628549796,0.22824442919563936,-0.7245594635084929,-0.004015485325290098,0.10367826810531747,-0.2022764229874041,-0.9898272076062242,0.08054163702435588,0.39538736848753747,0.46926204623971757,-1.2162132686604858
0,1,-1.078954037067045,0.20763838209665852,-1.4527522847176875,-1.6098276999041674,0.051879452841354264,1.00004012736523,0.8952513610930285,-1.0920921869201687,0.4965714937917027,0.564272011481422,-0.0011884061238576378,1.0657295225864312,0.9469881710162836,0.7158513312473663,0.7048686354183813,0.45456427384127523,0.8319019495496954,-0.13422150265977703,-1.1108042547574954,-0.4718481709925324,0.11244853828295301,0.9186264026676512,1.4498561843593833,0.28681543895576356,-0.108844877329913,-0.2568271074053454,0.35217518146062754,-0.3032085810816851,-0.050872012255122834,0.216619181940519,-0.9796648328503694,0.278722874009593,-1.165969654015773,0.2134443954762375,0.5965709113000406,1.5408495989254878,-0.08424043908421854,-1.2712559615996675,-0.16291482247766084,-1.2585074507813163,0.5778467500529879,1.183085482283471,-0.12410405253946061,0.09414854069394035,0.2319782436330799,-0.8450494884350412,-0.21541262844837444,0.44511879262434234,-0.965849176300284,0.3529476657581836,-0.5915924672847865,0.740059726987005,-0.5328738847559822,0.9205551425563544,1.2755479114855528,-0.3388964356518332,0.43159999971438795,-1.3409202469951025,-0.2122098604309887,0.15557447048559941
1,1,-0.15974357500224487,0.024324237590681936,0.5418364877684101,1.6455676076328407,-0.262480818251351,1.0529554755497519,-0.03979375590174929,-1.0347141082573483,0.5274139150409053,0.032735134524263396,-0.8029389030643654,-0.7357410038363957,0.44957862371085194,0.9284747264533981,0.33170856508494967,-1.3052889661111806,-0.23969568803594601,0.08204169146588727,-0.11345357797416122,0.19319737102662185,0.17802019387738288,0.3262298594506716,0.45512949344067233,0.8939035963513233,0.28669822546840845,0.5637574166478396,0.053930365117916136,0.4561760576847559,-0.2880739590150235,0.3369421849522881,0.7572066340629406,-0.2539807091116944,0.9315916793904576,0.2624709569783618,1.3485908123724328,1.5951348205263811,0.431360718082109,0.5868369872255103,-0.940154943328173,-0.13480311247061275,-0.32857578076880056,-0.12521834043668667,0.4978651885993032,-0.558584710088909,0.21995911958465894,0.3009892838821125,0.8316309794259011,-0.794564530645367,-0.21009743771508246,0.03150860171114193,-0.396677509582706,1.689500618422685,-0.4863659525233863,-0.09126308833971536,-0.09911468767398639,-1.099893107454399,-0.16225809347322606,-0.3228110559287953,-0.26797846060827923,-1.1565290586292738
0,1,-1.2749385299475742,1.4912835279196544,2.2362853745214095,-0.5320650429032658,-0.3340012256096574,-1.4195419477217255,0.0653207904610478,0.8009184010533169,0.6063573547239647,-0.37674748282774284,-0.3070263098121048,0.6099191649468892,-0.4373759512808374,-0.7271574745994205,0.7161460981540431,-0.4353307631792378,-0.3878847313381747,-1.180101257373966,0.3893701035525032,0.4335745365878642,1.0697346196090731,-1.0717440057467762,0.2267591804074042,-0.5007753818897629,0.07676206949210523,0.5084210054736099,0.6882933419213701,-0.6320756383382704,-0.3972482990944864,1.1998227290851615,0.6563457203261397,0.9844821339396213,0.2883375435974667,0.17540840762495916,-0.5791597329716884,0.8367819101887847,0.11521318812246659,0.4361573568551812,-0.049570967814387155,0.04909645234464519,-0.4458596537852728,-0.1774177790376591,-0.5459500192325918,-0.5424314127904772,-0.6012422187413319,-0.5703218412689416,0.3236022751835189,0.5288222406671502,-0.3383250055148898,-0.3493906329429141,-0.3872597529227698,-0.03186806294124754,-1.0465118266125055,-0.4536359392977823,-1.4123762063215828,1.236986187097209,0.5693967884493644,0.032239326857498425,-0.6772498586437068,-1.1602645292948253
0,1,-0.37409086650188456,0.44726094495934965,2.1445973617125347,-0.8535553013235908,0.9477717201193048,-0.065158008136225,0.08745525116940626,0.3709573111156253,0.151515648534779,0.7045117162693237,-0.2579784240119196,0.7862481356090268,1.5839216284864646,-1.1394822337313548,0.6762078776316343,0.4310662408148316,0.8045896562287551,-0.747003801008081,1.1566247588057432,-1.0409818034902627,-0.6594927527605536,-0.6378344077827618,0.06264936149967781,0.872015639691292,1.1067161033764181,-0.18021611229199513,-0.48427069767508946,-0.18252440004808562,-1.3532105247344637,-0.060680263354841356,0.4888924067927076,-1.1206106024051503,-0.6230484092458632,-0.31044556586742195,0.25204177262995875,-0.26155957732333257,-0.6077705727509369,1.7312222510190929,-0.40186199835328773,-0.37420543040640414,-0.7740172706202114,1.4137308522488017,1.2801969421050812,-0.03743642457296297,-1.0764807037660251,0.2597594528631158,-0.1693322411111626,0.5897580675952123,-0.3395172213748062,-1.3798362037969045,-0.01944371356961373,1.7097469186637766,-1.0574575149707497,1.003336177146475,0.13429819306894164,0.5781719727138158,0.3452733660418804,0.630486750707653,0.37727952733450015,0.22384712076539637
1,1,-0.05739513512220299,-0.24125189042615858,-1.026317328451318,0.8434069646623197,0.8289362664443988,-0.25765111749483255,-2.0533087047654077,-0.998541406825295,-0.8101811308738466,1.1862432945099624,-1.5238609051417982,0.5663015063635543,-0.7603610722572359,-0.9684483586494209,0.7824239785066154,0.23065347417000912,-0.3709896278912953,0.7739786862234552,1.3040315128763298,-2.355248168580786,0.16923584388897914,0.08241896835757011,-0.5756495216631904,-0.4893898209579861,-0.2837402045847017,-0.3953493777127826,2.37903373023326,-1.3383909114270514,-0.119128794860986,1.06587834927498,-1.4740368548368457,2.2398702552690226,-0.8225388123906184,0.21996989166190126,0.559738352757113,-0.17783142369957597,-0.7632556881007362,0.483122803755446,0.5276995098387951,0.17268338783533355,1.0561243120262371,0.411138069030473,0.9717316213227193,-0.4005914985019468,0.10928955843069638,0.6295120567995924,1.180007792494953,-2.524668030487589,0.18245464930658087,0.06589944981898523,0.4559409015808643,0.3347873941636265,0.27731864387451594,0.07358535483786639,0.8952179011296918,-0.6960411405526391,0.5161733606536393,-1.9003832597384902,-0.3047979266223468,-0.38954141655204616
1,1,0.3934597339128005,-1.8600559576122888,0.2809816207688896,0.4280946883310369,-0.4505800245551917,0.22028795730941145,0.4838244456710076,-0.723409703169027,0.564304304998131,-0.577392923124609,-1.2689913072941372,0.17276087188508382,1.112957907410789,0.7855213488373243,-0.4514969366136436,-1.0201425971783074,-1.5598449998214436,-0.5868314933183789,-0.6268170747191509,-1.316447536350509,-0.6078497779896904,0.6658464180784003,0.6766667498678134,0.15097002184471206,-1.2175657865088745,0.6455934854218878,0.4334469888586162,0.8475061770146752,0.7521352967529524,-0.629176536381579,0.7769839420168083,0.00773748230428016,0.5882186285838539,-0.6075943979920722,-0.8261318420036688,-0.8203222922294827,0.30532001918211416,-0.45574949984393087,-0.426758808375981,-0.30900432644107534,-0.4518341128134039,0.6326463338588207,1.0745545324512824,0.002008925572508683,0.3028548637663582,1.1231853190892844,-0.08239258869313797,0.6057645760617463,0.7118202267575153,-1.506526607067644,0.07996431037715922,0.09965817743736467,0.1108231600760848,0.3715789669699496,-0.11547423948806834,0.15333244229059242,-0.25946948283270643,0.34392730899489976,0.48724774821100025,0.14805503679662307
0,1,-1.9161850555522266,1.0618536046302605,-1.7951330662938982,-1.2498744340522023,-0.9934216397076318,0.6968016200117073,0.04221892589820734,-0.7907213262273596,1.4387569912629612,-0.4025535346905823,0.25742178392947473,1.48073453915046,0.2849969274853242,-0.08615459052045563,-0.7825454629330983,0.05067296086220837,1.2789762592195943,-0.9437233142968612,-1.2205404232296408,1.350004167464636,-1.5656536171391933,-0.4029823781515627,-0.4751607506544451,-0.24080025350865494,0.2317041044389271,-0.009670365760323468,0.20259540289316819,-0.7468055749413129,0.4799104777251731,-0.5394272232612801,-0.8018662883415875,0.8242950485019764,0.07732673203352389,0.6289901282425971,0.9029354116441083,2.059279099986375,-0.8107467793290422,-1.152334722034557,-1.4918199713431217,-1.9775491217733276,0.029601965574764726,-1.8844075970362697,0.17238024445447725,-0.9143574361494293,0.9470471648402796,-0.656656492516037,-0.37925581739151204,-1.1520865886601286,-0.16630083725487627,-1.2536342350426621,-0.060583953365944083,1.098980045953904,-5.797659687774296e-4,0.32243251923592825,0.7755369085605476,-0.2673755277298482,-0.4973757534536259,1.4117038926660248,-0.008269289880427426,-1.1665486199029194
1,1,-0.6358285721095172,-1.499784587951025,0.34728068935413264,0.31238330508391626,-1.478761378141789,0.8295474515041339,0.4463480035483033,1.5460625522907263,-0.4239832697886879,0.5839048252092962,-0.6726479669057436,-1.4402584881519511,-0.4392078655423591,0.7329177553692521,-0.09417684159684332,1.9498554710706963,1.393752983756249,0.7636247387041346,0.6320176502243634,-0.24219279028669968,0.8227924258631867,3.3168659426092,-0.32982238817988374,1.249347360877001,0.7664661852695477,-1.0919013639021953,-0.7558358879879379,0.5886171582500491,0.7066803999893586,-0.09251453241601613,0.5806588055404771,-0.15532143150124433,0.335278478634194,3.7713919255711743,0.47048197870697656,0.013157602019624083,1.314429978785071,0.6544496627226047,-1.1061159639144011,-1.0282354196956782,0.010802677733819375,-1.5751273300357416,0.31496626232201863,-0.4878897854361068,1.210670612273411,-2.5633564187925644,-0.9756956069824466,0.8437395451029363,0.7552623506166962,-1.8852550489207205,1.1689995947726537,2.4643539189757666,-2.286876170062074,-0.7698028086833133,-1.3244011585825215,0.4996324111112299,0.40388857572469683,-0.7306141820147395,-0.6452828009263346,2.311854947945128
0,1,1.229666555994127,1.845494587672753,-0.4837425884389892,1.033594223915059,-0.5160201674939828,-1.1581017403389768,0.1392207643765739,-1.719174953962689,0.09286495385711219,0.7303593377550394,0.25892727586811864,1.4476714065402412,-0.9328725060873584,-0.1983138122794188,-0.3613276074969205,0.9794964560710623,-1.8442338772279343,-0.41005018332438087,-1.111071662666867,0.22668585696785412,1.0922705075659052,0.23338568128071593,-0.24437156986322295,0.5914829261759776,-0.6664368504517415,-0.49784462960247017,0.197189697731159,0.879676826555447,-0.5843093289780157,0.15275053224404206,0.7565685951788227,0.3300649713241962,0.5144383242053315,1.216940121216084,-0.014062783461825325,-0.029171506773176904,-0.3434810592389052,-0.05381360634856977,-0.1444934809429929,-0.4557965120270884,0.3222855373572688,0.5761582140325434,0.9253858570699155,-0.43100986222421755,1.244680921598535,-1.255488798609648,-0.5908519691344636,-0.4610715213655188,0.3849740425092813,0.9172297144849728,0.15529525950797984,1.7222372615236774,0.2963115853194868,-0.03405465968309777,-0.9268933268487026,-1.018383538089798,0.3776746009405646,0.6701144144055804,0.04814303215122103,0.04470669810222074
1,1,-0.5045920705520502,-1.252946253373628,-1.3363910918387065,-0.3556656417732616,0.22902472163599769,-1.3969504972719256,-3.205402433477353,0.14708329663371159,-0.8668400132524096,0.22522703027845856,-1.1875442325602121,-0.5662722065386074,-0.3704745308997261,0.3713495642272368,-0.43676824477611326,0.08774101446792512,0.9415877877653706,-1.6593294324191543,-0.285628318163468,-1.5131817019472387,1.3740767944484962,-1.190434934027763,-1.8955167199591942,-0.8042267830671599,1.271591331150046,0.607726154301845,-0.20947634887084993,-1.5656460225544866,-0.4072261983100648,-0.32678372828146757,-0.263914802286727,-0.9686552016399229,-0.2786842977308032,-0.012716444637171068,2.467669464084379,-0.4700824047954835,-0.4870919316649473,0.09653153731140646,-0.020593863847385013,1.7651375796807158,-1.5991759636549252,-0.07600112865047111,1.1891529348593575,3.4191681534506104,-0.7916043375069395,1.7619258512272404,0.5101999474535366,1.1328735152650546,-0.3930714853567371,0.3073686003302791,-0.24707217076172533,1.0952705907939955,-1.0767708782337455,-0.40908165751196485,-0.6175978027416708,-0.10432615722511329,0.19727582553763742,-1.4222010747479132,-0.2467287125217803,1.021895881105808
1,1,0.11094612748135123,0.4856022154017654,-0.3622433958501893,1.4516092571136263,1.010670807629559,0.12353431571338337,-0.009753986542859807,-1.542243807887946,0.31779778293112504,1.3476785878244284,-0.7969600777908228,0.5415253489795071,-0.3256676212666431,0.28834294820700285,0.1479294549193658,-0.3090387342180528,0.6673728827595174,1.4578116387120266,0.39948001811350076,0.5019629051050178,-0.01990024278964304,-0.610278976888898,0.6360445260912642,-0.5011634039522612,0.8727356477064037,0.9286561949028297,0.3858574672695281,0.7791842589691067,0.23983935948312038,0.4344466279076729,0.011522244059793615,-0.24948724477196133,0.4221479361047413,-0.35366110893894187,-0.8720432156224225,0.31285400896629084,-0.25288904906943016,-0.12198465808803288,0.36968499287089257,-0.19640573564874345,0.18834385973454482,0.8814014883304097,1.5401537809946904,0.6135767407065735,-1.033159006571158,0.13394010923093033,-0.31653549311641394,1.7519357988259168,-0.37478034936078175,0.4383601311421781,-0.33175903096820375,-1.06601431175642,-0.4552827609703316,-0.39366452594109624,0.8648203852456896,0.32246424753576747,-1.142315090071645,-0.8380437937215319,0.17811964273097347,-0.9218705672211137
0,1,-0.4053205800168124,0.24657163954894523,-1.1811210324978596,-1.1500642415197198,0.9545947124056879,0.727610837480666,0.46617959154591265,-2.296068656823307,0.41997044263092037,0.15989626078543234,0.35957119513664537,-0.7558865357761331,-0.6128484873334241,-0.5365264133685246,-0.972881204330912,-0.5987494895419565,0.9513684433220104,-0.738544390528093,-0.2552331318929499,0.4899578204218713,0.03558778418266618,0.41059705798038826,0.6304949418286468,-0.09287494858754324,-0.2882724508765984,0.40228943267611805,-1.1687762174182716,0.07269169694238299,-0.6099864527100846,0.11245249498370245,-0.6561300608482512,1.5215039345209866,-0.21286174393368404,-0.03778614853216923,0.8585716031559172,-0.8007123585864069,-0.5851001177552623,-1.3777103912424844,-0.45649734856888075,-0.3810997188048109,0.08301099401576616,-0.38779557240798757,-0.5128172680094509,-0.3813063310312219,0.23178791262684775,-0.5763449842083698,-1.4091130399380714,1.4123224507862975,-0.1664368798571179,0.8458161135652117,0.9683339791767515,-1.4691551340704683,0.4300596833876114,0.4812187917265886,-0.7153518661127564,-1.1327339735830348,0.17220016561533902,-0.9882656371518339,0.8487643214792345,0.6617883160465344
1,1,0.00905431694165891,-0.8849781559323258,0.7587444617392394,0.43461663817400714,-0.6929142268668959,0.572506134943715,0.4703989485202128,0.45638372466716953,-0.006728543503203458,0.9347197557006657,0.7124100379910325,-1.7356575105158536,0.43032071068896466,0.013874180980277902,-0.14579721989844954,-0.16550159806710052,0.9820692078822537,-1.8506764768719048,-0.30475596505010105,0.1350596982803622,2.473240595399451,-0.3278017506120657,0.6227144844015778,0.3647310356130931,-1.0529042847985106,-0.231381722979557,2.103357240385112,-0.19334282763730917,1.1215948097644184,1.4507847942429655,0.9665566939071913,-1.25148541074149,-1.4949707343837695,-1.0502730864849237,-1.5101552830059286,0.45183332511141794,-0.9844209074225865,-0.30860930172924966,-0.6750177923441891,0.19269293087815648,0.19623120742709899,-0.16768466979670882,0.11049826259189796,-0.5005891648306108,-0.7767499702445594,-0.7179067937382274,-1.2816662808624215,0.7208034460661498,0.21483304684578863,-1.0485550869128353,-1.6291539315544976,1.2703437743676602,-0.24954766250214727,-1.877444746136858,-0.9571189998924312,-1.244184203938371,-0.9562339100726194,-0.8602470621273048,-0.2466007809193597,0.460521191294132
0,1,0.08158374062442356,0.6234289919482588,1.4281024638260444,0.10853311389542795,1.2041939288311607,0.9008231260506868,-0.7873920209326417,-0.12030581601542882,1.0748593692382702,0.01220066706884319,-0.5626615548681968,-0.10076804192184402,0.7475140897573488,0.4173325512181195,0.1827100558529642,0.7655151615069992,0.5400029511709222,-0.7272582699131132,0.6783453095478613,-0.16376933222825762,-1.0640601632827644,-0.6150885104699206,-0.16330374680351106,0.5258643928986312,0.7142457937163144,-0.5589434663489949,-0.10445712530709898,0.10996880185777234,-1.1975774089844229,0.3106357639443829,0.747001302551567,-0.686845090227227,0.8206442495800446,0.08959512345495792,1.1393807628608408,0.6097176966068373,0.5370260741864609,0.3861949318994972,0.26585247295195324,-1.0519987412502751,0.1765120432844771,1.3388864323061596,1.262987935751412,-0.9169521030229469,-0.959072733172396,0.8503322003409232,-0.3678630546401655,0.9354947105968184,0.39070185581397177,-0.09580623782270356,-0.18705033919935601,-0.3300886497338203,0.2859654807497134,0.024714873349522323,0.4363936653249117,-0.3036459489031395,-0.42211840468941425,-0.3632889622990117,-1.074830220492025,1.4860600946537952
1,1,-0.7581885824967707,0.22309217233365997,0.3711169177634649,1.5585946977025376,-0.9520626503044266,1.3473719923329264,-0.3966298986396618,0.44649401240926123,0.202540487661088,0.4503587155542693,1.4480475293286978,-0.5126176278372856,-0.23585053925029248,0.5429907236710853,1.3102869351465225,0.8298668673112646,-0.11822327501366764,-0.06399208587905578,2.133149376705686,1.225514053965925,-0.6197384878114331,1.260522933371787,-0.8377962078195814,-0.7675899959945742,1.3689758631085098,0.5703398678325783,0.6219671167684644,0.007898411749321254,-1.4996425013766181,-0.5752709572121889,-0.7576348295184641,0.3120338394822776,0.1351369807984508,0.15199302052064345,1.0897935124147833,0.9859793385364982,-0.47023249507452936,-0.9421547472879769,-0.4631632966321072,-0.6107253407126251,-0.36972395262574154,0.1232799167865298,0.26870804241997126,0.79569342533772,-0.8717190243705504,0.7422044007469829,-1.7054626396184922,-2.076267445500584,-0.7318795649696292,0.9318008329925247,0.2378767195120718,-1.3689872977350492,1.3430014903487912,-0.9214959488057882,-2.7244341843182673,0.9285200824506581,-1.3480631310421787,-0.06822544246407992,-1.2324813312751943,-0.25073902574930507
1,1,-0.34164938301976594,-1.3997671102016565,-1.4759169317197736,-0.19842442517472025,0.6670942817010134,-1.0241847078608377,-2.7163491655459784,0.07898706262993903,-1.8363246277002119,0.9104345239421725,-2.89504574169548,0.5309246535926752,1.164707832552384,-1.2231047134857402,-0.14925769650344253,0.2582723574134624,-0.6367691522761826,-0.5144284313536456,-0.5686766626690739,-0.3268083103091544,-0.14603126204179648,0.2164532009519361,-0.4908085265490121,0.9770201092947515,0.7666305440550947,1.3705354276613522,0.3149295095595421,-0.38242013648564277,-0.09363981893429606,-0.5157274513343699,0.8975212014030995,0.41867635000852554,-2.004028047619583,-0.7288836358827001,-0.44941551247637745,-2.140158438599427,1.3356247737583318,-2.1860270414725025,0.2782629607761667,0.4346582564648384,1.9496462820668128,0.9828101873631794,-1.3293332880455102,-0.05349954105323251,1.587866114469782,-0.8193072658362814,1.2242433854642218,0.18936590197735328,-0.9158537487767696,1.0424352445317486,-0.22888725510682464,0.48558736343221576,0.8998408857625957,0.8783214310804673,-1.1085985946615482,0.7543055437564169,1.2365950227548483,1.1946154912755085,-1.9221204371095226,1.646365580473647
0,1,0.9003862705979101,2.2564837264563424,-0.4186951123938088,0.23277853467915208,-1.658301564388958,-0.06460725209679455,-0.23616044437316247,2.159272769867557,0.43052326237772814,0.43553646590658157,0.7348861280387413,2.3696395298331234,2.3920207862824805,-0.5201462177719687,-0.9332364517036554,-0.4327035231605738,-1.1427557479723216,-1.2986515604240514,0.6112201689986634,0.7067284759080612,1.0376598337166236,0.5987610650013947,0.216643157699247,-0.9116220213940052,0.25082888751777754,3.4847483208318297,-1.9534768081183949,-0.48279788548548824,-0.5051283685336561,-0.2622376266195149,1.76259868345151,-1.0204485326329003,1.2916819148571506,-0.6929696686209026,1.4586079714976357,-0.0851677502618402,0.22690793634142462,-0.5111385756157313,1.1706638664156033,1.6530196717636472,-0.45882620582729566,-0.5557234969271868,-0.09667838477066525,-1.1136889519198199,0.8897878338938989,0.7258974596692621,-0.5796339377546949,-0.5833757459180332,0.03925535688921563,-0.9668917359035174,-0.02117930776146596,1.1189805443331229,1.7679809325945206,-0.9798840297797877,-1.294579842874268,-0.8415246146456201,0.2242008105268007,-0.07317025027641688,-0.8262367971822405,-0.5269683424740678
0,1,-0.8814434727795124,0.916590874979037,2.218171873893776,-0.4690911333635367,0.6430514180740947,1.0509506455026074,-0.649673977317823,1.4752304923605195,0.6831050058778446,0.5676502559885126,-0.14854171826949494,1.5489766484178995,-0.495491218793736,-0.061040937249524654,0.512020498260689,0.44346430923604796,0.4709492551405064,0.32475531879330904,-0.3629716675794149,-0.5026640702353193,-0.13925838351103523,0.3317697357804478,0.5970788501133125,0.4788653058672663,-0.37884787181296187,0.1935022768267746,0.11742536407719635,0.8196669448813436,-1.0574369022001116,-0.3575901917448235,-0.223048692054541,0.26523441192240654,-1.0949832334536953,-0.2219086053534605,-1.2873942978661066,0.2220157364554446,-0.46372130917722226,0.87812776573272,-1.881549253350759,1.6330536795177333,-0.23875510128330224,-0.18638849337381672,1.2169353419482374,0.28324050234849646,1.5070472970700939,0.31296697410169627,-0.39236618444710136,0.6110639519817707,-1.4234501190847915,0.7040077868555988,1.2055693830306504,2.100094528650732,1.3781530924560736,-0.24607277201962569,0.6095017523120265,-1.2278699483203317,-1.3232569274135915,-0.12300905276140219,-0.15470842863548295,-0.2648998463286671
0,1,-0.4277846125599724,-0.31928792084932717,-1.1836315229383445,-0.8529802716634445,0.5403742393140647,-1.3617718260610259,0.369344841314169,0.34055253011406766,0.03957333127608744,-0.15866328405088995,1.683482127037723,-0.15128504023481779,0.7004888544521558,-0.3437875247464063,-0.5303354978236735,-0.22002291257711518,1.400084402915084,-0.7626608682797064,0.3552386655246841,1.3424729957181938,-1.3223744450333037,1.2481270906185353,0.2701025422997425,-1.3706791943424448,0.622658175606912,1.3948986757122224,-0.5212331078944977,-1.0931621231866238,2.159088668015377,2.042511640622235,-1.738259897403789,-0.11429562877721992,-0.13285656011817257,0.5798914654530162,-0.4891276578473889,1.9907372922510722,1.4149413931613937,-1.0907177094398914,1.4969824896143629,0.7365108233779085,-0.7844355193217925,0.059190451932736275,0.15241079097156116,-0.03857948615369704,0.1039193059699498,-0.3783005630599686,1.0526623721730946,-0.3505011936878792,0.8498553146239022,1.2534163386688024,-4.575824655760726,0.5322993764665398,4.433645312676455,0.5926676891561806,-1.336350209576807,-2.7538819010269524,-2.479115301054931,1.5246978073002853,-0.02694511057331588,2.208696646598065
1,1,0.38006004226145035,-1.0201628576019526,-9.488634053137624e-4,0.9871700247457158,-0.42298604970832454,-0.43331999318996833,0.35367433440331847,-0.2900475740017695,1.3353594413465604,1.063233004089381,-0.19541598453504402,-0.812977737539232,1.1668555408222734,-1.0650606696008433,-0.9709479497806348,2.157493476566306,-0.09260239315651184,-0.40250011770323896,1.0130279141255132,0.48299671544089323,-0.162645923333125,1.2456754821216005,-1.1190180485981285,0.4343347587372805,0.2982079924503474,0.7720143925144576,-1.1279174710852993,-1.497573356977167,1.0271586047517194,-0.13099492597988469,-0.93948940255935,1.4827621830703277,-0.14023669558549004,-0.47221242210394354,0.4382046132635423,2.184345138803406,-0.09629110239914541,0.27280960010183575,0.8389554127527235,0.03422749274919452,0.9986080966334515,-0.10465450727853308,0.9674491664476643,-0.6739432256699862,1.1853745028575988,0.24555151891644403,-0.005660142787206151,1.6480424676042367,0.24575050043336807,1.3217516473585744,-0.5739845763585385,-0.9586739829739271,0.2139465666786988,-0.04708813516034353,0.31861065519991294,0.7414659659599873,0.32653583732733577,0.7080287109191422,-1.2125687391549602,-0.6627209263348224
1,1,-0.07200127476274117,-1.5372150774409146,0.11202647520391588,0.3918326069139447,-0.6042072356565925,-0.7066462697136521,0.7016187846755745,-0.1305572728774853,-0.06205288834668029,-0.1232914703300944,1.05129638211355,0.06812946338609345,0.35864396867978315,-0.2890851742360899,-0.13808523342975157,1.6460569839008918,0.023695714833986543,0.3900424324869479,1.6453455164556785,0.9956877969086253,-0.7636187892712821,1.1467269774029356,-0.4398115733617081,-0.7832056320427704,-0.8594896112624453,-0.9772258755855082,-1.596484046691415,-1.2452502734605795,-1.969251948346172,-1.5211804478475242,1.1153307961245762,2.1397647814824636,-0.2134334485443616,0.6924591193798515,-0.031819105934943734,-0.6328131134746641,1.452977899852238,0.8011303755287722,0.8528737032898351,-0.5155719918608768,0.32781292442868454,-0.30079417461694374,0.38391323915808023,0.6968546842897939,-1.4827675921459473,-0.49420525101746265,0.19394029325795362,-0.6894433176852628,0.5962175710269166,-2.0122464061527854,-0.557978802930429,-1.239344958034042,1.4022008126213292,0.9378086278088028,0.535263661328035,-0.9932379060299819,0.8436711305998186,-0.7564003127167904,0.5149337333868329,0.8816654365774338
0,1,1.4060965429987637,0.5355084632556835,-0.26212717275405023,-0.8326940175583125,-0.5681353968360953,-0.5183537010906482,1.4091783435377352,0.7762278719159428,-1.3278242592827276,0.6720805171436522,0.7755913068006804,0.6718760571181474,4.347700980991805,-1.3733433196581757,-0.4511941603849824,-0.33791345605910483,-0.874649157424752,1.2282867473875638,-1.2556093740646808,-0.9046149001009332,0.6199344769140778,-2.183299665933583,-0.04058379925575882,-1.160229909494099,-1.0387010233093574,2.9816998600886175,-0.828254359626563,3.449180794083064,-0.38169168841267803,2.529665171662928,2.054129021167848,0.7497313850054744,-0.6980105718754575,1.140021877696278,0.5822894387321326,-0.656126704958121,-1.8588703107839581,-0.21448941215508605,0.15187279640702794,-0.22478532217109107,0.5714839000869832,-2.0838199747522346,-0.7673869609073715,-0.9847683791076728,1.3771412516476795,0.13043603162704429,-0.2763966462716756,0.9334906264856588,0.3574275868104387,0.9643790916091245,-0.3287843904498825,-0.4803721253047668,-0.08340646276969552,-0.42885257012523575,0.41595730961185756,0.06043438507763635,-0.3438632189610122,-0.7885356290878996,1.4265370873623002,1.2354661376937264
1,1,-0.4996341510251248,-0.3291979646651633,-1.2359874346320094,0.5886598068556934,0.42646472431411814,-1.2261613793651684,-2.6860943684412932,-0.6369302998486467,-0.5739669126020808,0.760943494656175,-2.1910573501742188,-0.5308673108489214,0.7553578141709786,-0.39987222994905486,-0.5459197410431138,0.07454985472026131,-0.5831914264925225,-1.157743387677269,0.1746132117911044,-0.2390858727910214,0.3261732220275041,0.4270489435516166,-0.013640220202176381,0.2689818199475709,-0.7584408643434383,0.5888963682123969,1.2064951361706813,-0.9645784818860055,0.0420803245016128,0.2575503210978606,0.2938509813676852,-0.7332737961640234,-1.4463292471153641,-2.0174164270697243,0.30312369810837825,-0.6251600223545741,-0.19844689777350957,0.3393113189328047,-0.03503191159924693,0.22248543129437987,-0.0891511552409981,2.842531074385078,0.1606323420008183,1.168450029970417,-0.18754738434921614,0.6459721983094834,1.1315230344786107,-0.39609399389912087,-0.8537835353497706,-0.8484965157062008,-2.238754918223849,-0.3304733109220506,-0.853883641557196,-0.3683480639431001,0.052124645340102395,0.5060604310459883,0.43955328101172975,-0.004159643627824561,0.6002921038443879,-1.5923413110810651
1,1,-0.16731215214793685,-1.0827783910757443,0.377551758640522,1.1170369520395722,-0.8840538022439676,0.09390022119192278,1.1882543544848214,-0.2718673022780451,-0.09798126219600686,0.23560364134885298,-1.2087336102891388,0.5992005245089487,0.9495858233571681,0.32067418049832025,-0.23139180252026012,-1.493974285682878,-0.08652081235250898,-0.894285841493353,-0.49195211453159277,-1.119723803656928,-1.670209747635742,1.2099737533891541,1.0507161251964336,-0.35042513247478235,-1.0411060550770843,-0.5576341557921471,1.5547983334213031,-0.3020615961371416,1.2719622286761745,0.21007367097253685,0.4714297075505952,0.12741033258204204,0.5603781428865489,-0.6823651548270759,1.559822269084748,-0.9300135542407164,-1.2341863848619534,-0.2818878037559224,-0.47591448441709955,-0.16974860650029863,0.8945336316022031,1.2282829508619608,-0.5969038135376563,-0.004218258934020259,-0.23140064065628896,0.7484842775118948,0.4978949858159956,0.014042130485866756,-0.6551721076917768,0.13575746426810908,-0.6817410613210653,-0.8575166169599484,-0.16028755032148057,1.1248832410617282,1.3236998421334076,0.8508910889683121,0.9481347787465625,0.6923604405834813,0.3284120925986696,0.8031951035860504
1,1,0.3412626105641714,-0.6760231723550559,0.5261697449307361,0.5262174631358466,0.10441576767120371,0.5798354950061116,-0.461402866694543,-0.7259341039132406,2.1258748193730597,-1.1831465672899724,-0.9406390004044103,-0.12736252159492706,-0.6989004116500697,-0.4455807941320338,0.5638244344000626,-0.44959920611092874,0.0743562426862609,1.8078004334067261,0.48224630970092536,0.019228338470671378,0.8413582914743708,1.6885994195739664,0.087871558247426,-0.6827242965963264,0.7929457249023002,-0.6055211868020204,-0.11895434889979413,0.509899619979216,0.40397162103967765,-1.3176672952355024,-1.3602866955228536,-0.3594086874334637,-1.262661194843315,1.4326641447691197,-0.3914710961673592,0.48460933485033203,-0.9740063629875063,0.22600968229454507,1.8155177500880557,0.05350206077505773,-0.16404191778700708,-0.44510394311876933,0.2727058494521989,-0.9071277642448903,-2.1466163569889756,0.061692896732599686,-1.4350456548602066,0.7850909084991827,1.718461434479247,-0.28791602610390965,-0.7129324898138282,0.6380057676038018,0.16454492460514883,-0.16960601689018504,0.2329996365167065,0.0675429099858774,-0.7727612455872221,0.12280968851224913,-1.7571473731670058,0.14562178145924445
1,1,0.9595020736635405,-1.4087255009853137,0.6206635615166638,0.27184959206346504,0.7974229967785277,0.4844501226718667,-0.41424330095164186,-1.680054501069592,0.674596199397539,-1.180628002723785,0.6238540068893649,-0.39571516516944244,0.8082222465380255,-0.4280172910257335,-0.16637125214284834,0.3847109520258965,0.5166769255774588,0.22439896784157518,0.6231927735312449,0.015324230991764875,0.8225235190101364,0.36875861006333277,0.09942368328962027,0.3452585368357743,1.1169992201209074,1.1250072145212722,-0.21309664182207255,0.2979326504242703,-0.22694900579265256,0.5231225192703316,0.02499841062497756,0.6569725320705015,-0.5905656740959809,-0.7162994781784927,-0.7472239751321915,0.9954889458304542,0.04344549393147471,-0.5481541784293928,1.032105413471088,0.29390949027586477,1.0937288242933367,-0.923526111002232,-0.2908363196839395,-0.7748477102306097,-0.3908435076031428,0.5256537724380687,0.6164472447896484,-0.6835222653111707,0.14712117741143732,-1.2653317328778084,0.4701190477839744,0.3954919667782168,0.17170829768315643,0.19570566640574996,0.8439730030215156,-0.35963835880235406,-1.0435414845146525,-0.2118083469834011,-0.4405890187905856,-0.8349932388537835
1,1,-2.474838571351053,1.8151021672921879,0.31435578100946443,2.485492279965151,-3.105694481326207,0.9671706671772935,0.30003954256077775,2.375478567735929,-0.775059155934925,0.19448176502615008,-0.9230730703371127,-0.16359482242191048,-2.2830989098159344,-0.3691551722367241,-0.0012961845721341319,3.6103029039259384,-1.569478157326918,-0.8673231727716995,-1.257220469103306,-0.6911356482589743,-0.7188404534782336,-0.49643811522143205,-1.655372109081291,0.9146044977416115,-0.28024849755395836,-2.7498923336973298,-3.5181064434247684,2.136025581712608,0.482665466711203,1.5845827899014941,0.4403868296767455,2.2351478219308785,2.8828976202157404,3.2128404023444426,-2.244133849560951,-1.9451059141899862,0.8094513298243574,2.1675051248832067,1.1547757611879557,-1.9818050815488768,-1.9296710034589295,-1.062470438100345,1.319528908717705,0.6132175184239405,0.7039379405432676,1.2716121077083389,-2.2998630734284173,0.9893250868138346,-0.04878353970716834,0.9508957313728116,0.8761831418916912,-0.4957496485376677,2.458246589914433,1.0130385281057666,0.3993358891899744,-2.664271172362899,2.6806729895028605,-1.2421456609075414,-0.19620586676331717,0.346862103144012
0,1,-0.9605751483348733,0.08065187429566655,-1.6446972139340752,-1.7372823473071755,0.5470991347194262,1.2625615827715162,0.6638624674838773,-1.414868202612394,0.13614319114725912,1.1216669076774723,-0.4576066457304069,0.3816824824725759,-0.4311532053891617,0.03618957842436072,-0.7945000197756839,-0.4615330823972739,1.810806688608072,-0.526376929386491,-0.6812814901989906,-0.05750740260070302,-0.5092020205995775,0.05184338436523502,0.33543202066447547,-0.01876335692247199,0.03952404434536284,0.007308236002253653,-0.3278027732915574,0.8472324827463749,-0.9954755052270787,-0.8777858567824504,-0.33210521155320916,0.8869956218568751,-0.6804104893246387,0.0949846554861154,0.5231706087517043,-0.25254930954511634,-0.2904036312336644,-0.4841337796858428,-0.5470000330727761,-0.7715650827778682,-1.3244057738039268,-0.6033076821190173,0.17061333379439048,-0.6054296514296784,0.6354880995785115,-1.2084377683465155,-0.2638997270620013,0.04777280731510978,0.140436889572603,-0.5661196624782248,0.43876141458298606,0.3241376845411773,-0.35798001031061794,0.17567308901047632,0.07058878928900289,-0.2069458714686904,0.8522848162163841,0.38307850557135326,1.1289647302988814,-0.2608889706302393
0,1,0.5452886464900569,0.7799991989570465,0.037869512965379444,0.6280451515848134,2.3889964394783805,1.3718874529759908,1.3243144143745125,0.31572545858796364,-0.022493916862401427,0.011424984929364205,-0.357853624362749,-2.0362089104438135,0.37912054043699106,-1.1310511572708049,-1.1552345638372425,0.401990274225672,-0.9259928168618143,-0.21358951468088083,-0.5352800424701452,0.6916078352506265,1.510304730171058,-0.7493744907452211,1.1566205054452567,-0.7364879644589989,-0.10750069150642318,-0.4338352569559893,-0.0023793728209838497,0.14902854727350842,0.34317419033417595,0.6038401774510391,0.0778776309466389,-0.3756119911626322,-0.07471712793765213,-0.6266648516841378,-0.8154024271482957,0.13404709876095824,-0.8136896835323052,-0.6213255719883367,0.6080577382228474,0.5768212570934669,-0.44218193855085824,0.3747394387879234,0.4118363125076232,-0.37333876226873963,-0.6028437384358178,0.032169439072700576,-0.17269774034568844,-0.5563605582154905,-1.9545457558191859,-0.7614541302399157,-0.3881098329252267,-0.539267832509366,0.5230022805354235,0.10030072840428733,-0.9383944733701092,-0.0947248081926563,0.302267347885954,-0.10417334065770184,-0.709589701528276,-0.783774106842969
0,1,-0.11397312806976494,0.4601020919631666,-0.3624575052476961,0.5488809702138985,1.8041356189636526,1.181230334702759,0.9189137317418499,1.7753561431244873,0.05205671075357009,-1.077146934548647,-0.63057046568773,0.1118681505910308,-0.3538814706282601,-0.5954952321538933,-0.37791426760222213,-0.48297941316508286,0.6915019497177094,0.47380582478465677,1.5439399922924908,0.4935087908208591,-0.5975658829255859,-0.3028042044323041,0.13656331367135355,1.632789946224692,0.6805401083423781,1.1692232522615804,0.8677983274568325,1.1773741041839514,1.3545144379465293,-0.03447362603344663,0.034493398574561976,-0.6256430031645187,0.8576499715142424,0.8786273317698432,0.727307989859666,0.7324123400586888,0.9143751028168954,-0.4397928230750454,0.05535820356672274,-1.5843529121225346,-1.1536572048409885,0.2572244402404213,0.5996320210717722,1.0683084471574211,-0.21961558761883135,0.4203728653653788,-1.0967457126682858,0.5172312627651374,-0.6104853321125544,0.9881557247944993,-0.8744669311608017,0.14493066205951763,1.0494796278021923,-0.8642233152456164,0.6216487960103858,1.9199384772888721,0.4035234030430908,-0.06760127800980249,0.6004950643063007,-0.8366790225563498
1,1,-0.6231454245602109,1.0183532832520472,-0.8999725429615881,1.647518256596536,0.3877158066991166,-0.5310670780935592,-2.1466152331302015,-0.6969581548024619,0.031084847228356662,-0.05425844146657456,-1.6332632972819587,1.0196750923713287,-0.4093812046674744,-1.9143412439035226,-0.1491140703085995,1.8153979418803061,-0.17616840257334732,0.8862183655668174,1.454009157804377,1.1058555667922045,1.3977497514293744,-0.7041025385578935,0.2778645192023324,0.8201731775570271,-0.9737811798406742,-2.871251813481199,-0.17903801821958049,0.6742434846782129,0.7060679618794283,2.690503502953245,1.3305304453986044,-1.042952046288222,-0.10989942282709614,-0.21367809384196973,0.24662316962312633,-0.31918641635885575,0.09466848482085043,0.8257000096720178,1.4133905636373871,0.9772792212952404,-1.748995975512814,-1.03875463317901,-2.1857586680128174,0.2812033156011424,0.47656823010151295,0.024399403563924556,-0.7784395255065418,0.43850635427554857,-0.40055490441544805,-0.40819209485914126,-0.262718077168787,-0.35093400904700106,-0.896782107459495,-1.3258450173863674,0.2124733594625143,0.018889835281066317,-1.773901386127762,0.9711106832781049,-1.226980382957455,-2.440751634389516
1,1,-0.1491106252204262,-1.5889468083041325,-0.06515990873019617,0.47669607082366255,-0.493324296332953,0.7695062395766085,-0.1025691140109468,0.09088245969769104,-0.03349791093605415,0.6363415594875743,1.127690602550288,-0.3420716891924483,-0.01187515727476592,0.2894138945139195,0.9363261037093291,0.6750102625794425,0.2993796298865391,-0.9894398794540458,1.7044937916692626,-0.6190730463350562,0.225675438348989,-0.3639873651020758,-0.1678478044933269,-0.3637718368418987,1.1472412261625038,-0.2589604380263122,-1.33977106938473,0.17284350883553778,1.064717071039527,0.24186735794449635,-1.0274222936392008,1.4783227155354877,-0.47087027827357214,-1.2311816040833599,0.29612552312784324,-0.44860645750012235,-0.3635090499202077,0.16584273446043307,1.377236739023933,0.28264443155593233,-0.9451527489228557,0.6961104148807971,0.4665836086005477,0.15862306966901787,0.8524458280742773,2.75897714384156,-0.41945474711856534,0.1003209886594631,1.0244616811912228,0.1751864709677622,0.27246260985288223,0.8057383281223243,1.430641081027993,-1.0177057564158063,0.40024579481365824,1.8610348254449038,-0.29650939451406244,-0.3789794402041186,1.4565295839262773,-0.11625494360769736
1,1,-0.8571652439310855,-1.3812459432435469,-1.266143498270905,-0.24659499531924356,-0.1809381104635246,-0.7300692201832232,-3.1951862860332287,0.2720193268944557,-1.8690144966455533,-0.37875798559751406,-1.7322739232614588,0.6183935027748093,0.7613961664013277,0.2331327324751993,-1.2990574768448495,-0.18427891038741254,-1.2670646196400097,0.39537827333004333,0.7142847471617811,-0.22944082450460077,-0.9500741014111913,0.8663861841269441,-1.082019486860417,-0.7254815914558385,-0.3870955645500175,1.1945489718040947,1.1520807279375134,-1.1735878307302716,-0.35962080898607585,0.3340618206946908,-0.5863147876398214,1.1174110111083295,0.48297260515418766,-0.8963315105812286,-0.1663209950735288,-0.9767256692820403,-1.3701366377777109,1.4572752396424513,0.6278673755360578,0.5025865301361381,-0.6942674389139849,1.0184401747448388,-0.9345101575924373,-0.7293566204869232,-0.7828076230969906,-1.2827569663603635,-0.7125648307828099,-3.076350759617281,-0.26656473067266884,0.8014565094148421,-1.5833403755199587,-0.7553022514035913,2.5604661432497884,1.8845238252006966,-1.2677137392361992,-0.40260896322522005,1.88468768161227,-0.45572160884139884,0.8362355651136028,-0.9645915560135337
0,1,-0.14021977385348477,0.6061870733174942,2.058084392721234,-0.5641252634700792,1.0388129814800804,0.2144973068345224,-0.36927839460371603,-0.40503955304700184,0.5889871306575616,-0.4513980845123047,0.15770134564565544,-0.007451050248772864,1.2936163186956724,-0.29282137400555425,-0.21126626519176245,0.3655288887394068,0.6146902755720959,-0.760543292342452,0.519404348291476,-0.8887866952639168,-1.44489527283743,-0.5884988298700884,-0.10082382941478296,1.0326088418096493,0.848070426034502,0.5536326057304267,-0.918441347662938,-0.5437699173100952,-0.3613402734940011,-0.27658786457318607,-0.17437329272762334,-1.0859054498606369,-0.6831196554817599,0.16361516068160023,0.3645345116364258,-0.784684368671409,-0.39021570273939676,0.8683946846786569,0.006787467977721032,-0.3477979923658317,-0.607461790545696,0.6954742461677741,0.48578264287429207,-0.5774369050589598,-0.47318696816743766,0.7140789295872156,-0.6145825226212209,-0.16443092490482508,0.18656804775368,-0.11270534117939236,0.08284460563801359,0.4526714505038302,-0.5309593905586725,0.6188160604407343,-0.4962190481935989,0.5693732288319919,0.031237040827819543,-0.24813197773203854,0.3195474775649611,0.9809702561714058
1,1,-0.7200223121076886,-1.0278423520933362,-0.3901003484306854,-0.19048462545525566,0.44313775164756336,0.6845295282300808,-4.020246773460483,0.26826968322184674,-1.4338930280996753,-1.3184660214726707,-0.3503899872301642,-1.0857247359695377,2.2680108473466847,0.9181541941113077,0.035836041999390965,-1.9347519716011716,-0.7997104330191713,-2.033808717976701,-0.2537799784774508,-0.25339180562116637,0.35079421531405697,1.6144111769604006,-1.0113281633084343,0.2566305925346628,0.9165325551843313,2.4565487521666447,2.0491520239612404,-0.05580371818280822,-2.448263190358901,0.7058431474738937,-1.3648045623140717,-1.6321904527666544,1.981872099099443,-0.8578066248662287,-0.705996845629251,-0.1051186773289907,-1.0619029807183598,-1.6639707064112421,1.3905437388493365,0.9668643534787233,-1.4593144145277013,-1.319525701763092,0.07035253562308663,-0.8072994259265329,-0.942712199710144,1.123567295583144,-1.0044709746528395,-1.815070589482411,0.29639461139698425,-0.38650795109040953,2.4222702106725102,-1.2728109482436503,2.6681124504567055,1.5142573844806448,0.16166053306145978,-0.27143060644436123,0.406889555846006,0.11787967467294728,1.178320505901059,-2.0623185594647695
1,1,-0.3656917884918203,-1.2102815770894464,-0.13624777587100967,0.15524794360905492,-0.6508534942034461,-0.43768525446982165,0.6543423250458487,-0.4089773758508019,-1.426072299687604,1.8563588187111142,2.7109516282529627,-1.946260439174531,-0.6503690903732227,-0.03547597891744423,-1.7230347151918832,1.6809719810575552,0.7414458127683364,-0.17729495505882423,0.9118357317866064,1.713023267007702,-0.9046749784429823,-0.2781044650618943,1.4768540998963473,-0.3751622772260769,1.0127498200574547,-0.8834514055607031,0.9456757311637218,1.9343245592367813,-0.09191798887441856,0.2143642128213401,0.5800649613423422,0.5475563429005661,-0.31806121046777547,0.12538997627163667,-0.7423547643200803,-0.8733711796931235,-0.3623271264041371,1.33747276810909,-0.06432053794477356,-0.6079035538684529,-0.6683817786467569,-1.9711295446005082,-1.0606104354610282,-0.012412695200178623,0.4788290969909403,-1.5792112472613506,0.7286965496866659,-0.5657469920903861,1.4580443718956144,-0.1211909560650961,-0.6786394266694001,0.23140755454265077,-0.41710259357467466,-0.020725480662477203,1.4046983431847935,1.1913621361847013,-0.731903169751659,0.6778675120571619,-1.123459221033634,-0.6336847981580888
0,1,1.9173078539437067,0.4242849744617164,-0.09303846290673384,-0.8906075669249675,-1.2504487294132658,0.3246128017664778,-0.45269439372781756,0.20930034839498884,-0.5736404671998223,-1.137700384615175,-0.03297422973191049,-1.288166759116644,-1.693358180597994,0.3422223345143208,1.2150783192762462,0.003286748629254423,1.2932614503738522,0.26906807552430956,0.6411700119159822,-0.1343148079613526,-0.9396716547485781,0.1373997363239752,-0.7370754495451641,-0.5890365548572285,-0.019918310393986595,-0.1719303811605799,0.43159010397986475,-1.6501632398070762,0.22625321780484187,-0.09542786523820825,-0.9971129184048629,0.21127342059874485,-0.643077893816811,-0.5886189545721282,0.252913699730016,-0.5947621171999452,0.05508037488502033,-0.5652250785002767,-0.08100323904080069,0.0964062962530018,-0.005110392955193971,-0.2722283767743651,-0.27820303692805504,-0.023408941287859197,-0.1482662541077622,0.36196353018966265,0.8368350225948988,0.20867423977937244,-0.21519122797491183,-0.7205873613588295,0.33073830022945466,-0.033809629089996074,0.34243780210850583,0.3337469620141948,0.4137395432248472,0.23528724850473903,-0.0666046269451358,-0.006082792085294696,-0.1892028641690579,0.18668599840553352
0,1,-0.37889805528865994,1.13298084345205,-0.07564836769307172,0.65987375501162,0.6570069394931488,-0.7104934810962902,1.4032737417023744,1.418274575880665,-0.25736026688825653,-3.098192797604949,-0.10698875566088312,-0.8267695806736621,-0.9084349302919745,-1.5127096239145197,-1.6785066522037033,0.12692963113513658,-0.19913519212979292,0.19562482145138946,1.6800622724509602,2.630118447682368,-1.2561462798658032,0.9309521529363559,-0.6001350791940293,1.1652631529364719,-1.9129298320625534,-0.061490085125986416,1.0157338489016134,0.8333422111431124,2.1324385776525703,0.9885940646882825,-0.10168025716591401,0.8053573753994158,0.14964693058098577,0.8762256502460806,0.6845465896843687,-0.29751105332116234,-2.9059502498101577,0.7146846023923268,-0.33221338503908615,0.1950072978214462,0.7978564290847137,1.2474239445106339,-0.6839960071859462,0.24484086293434468,-0.5701977539047146,0.06391855712093976,1.5389006616218281,0.8492169094780884,0.2732264307302981,-1.170180147309769,0.541677751636158,1.3293237341850954,1.582037766778585,-0.10451226557128378,-1.5038915315351433,0.07153849476222503,0.7681769782610095,-0.09535307169832971,0.29003498162792263,-0.052687170671295226
0,1,0.43551426647174035,-0.6565355500093233,-0.47380168009409757,0.13575889860893,2.055066174239117,-0.2585138500343615,-0.05271361567467105,1.4006428835595115,0.4126970504087289,-1.1571132969408406,0.6430552499203643,-0.02811128993732856,1.330102806493351,0.5776571086822104,1.435834697162745,0.955188560131014,0.4949488890924977,0.7919103453740918,-0.5510846877193101,1.1214552859840694,1.1764976617695146,0.4909408879510775,-0.5213764688799815,0.9779574780349726,0.021159600501916124,0.3401193830071721,-1.589470577079657,1.2299985495131822,0.74047904393934,-0.8588429182884784,-0.08530824573354748,0.5326379032051731,0.36643455557079757,1.1383099896367925,0.1837680240805607,2.511259159919427,-0.36350679181766,-0.2604122848638332,-2.0168654928106484,0.010827840748891319,-0.3325444200017136,1.3701286480940662,0.4633922961189572,0.4913370028101206,0.8378508731924871,-0.23796095018939808,2.289417219268925,-1.7090430299031587,1.5921325137334577,-0.5765453846177352,-1.246260188676648,0.669482027574573,-1.8620230286754753,-1.6096089832379092,0.14178899267069722,0.4015514012352768,-1.4001744123731963,0.42691454201019957,-0.38184112924445274,1.4110367930218035
0,1,1.9177783917011668,0.7538861419795961,-0.06306845202157389,-0.5270717636730484,-0.9932909951680932,0.21925230382416588,-0.3568756050501071,0.5572365845417785,0.6657084410900507,-0.70044954616215,-0.42839108316560476,-0.7333452070249276,-1.0822627970700258,0.6480411574532957,0.5877130664627552,0.21298302535519228,1.2240297572513916,0.6248545364459771,0.5258956725192283,-0.010679078023064883,-0.1870170756008039,-0.301803148535689,0.3223992207138118,0.05029358541602879,0.5170682555310199,-0.6208786319486366,-0.42715914170401426,-0.04195372297294317,-0.31261205709733825,-0.5853930425089876,0.03220745794051274,-0.20515243627189586,-0.19917443672887794,-0.6310470477766775,-0.6888720918355965,-0.3939298392501478,0.9677500447973794,0.5757679939955445,0.33977130736802824,-0.5344559055260824,-0.9920780896819565,0.30913522155219436,-0.11122703940222531,0.42332199223802286,0.46004366488846593,-0.2575544836390341,0.25507938259392,-0.6304702908325877,-0.7206249128376815,-0.08121157438512312,-0.7535086154263109,-0.4145337964080543,-0.1919438631729855,-0.501095565435927,-0.5425492706891372,0.6538994548771683,-0.5023660104442701,-0.11435386657950271,-0.11355523889318962,-0.09085774133256287
0,1,2.039663581489907,0.2872226375277111,-0.36914893937587745,-1.3344947764415296,-1.1343357030041323,-0.2640568653735198,0.6779998541871427,0.3447354950429373,-1.4932106613551628,-0.354314311624661,-0.6932495647466544,0.3251408429345368,-0.4057734554251995,-1.2490822702843305,1.7466842583559044,0.1335998712268384,1.388921506783957,0.6541988489993324,0.7660967709319433,-1.0526723057782594,-0.20414989282968152,0.5208585667033322,0.7399909851534465,-1.1473430129767008,-0.6081521754362877,1.272422454524554,-0.3741057467073178,-2.3042275142110147,0.674119400910183,1.5017365757611292,0.5840247375926042,0.08908276398722961,0.9504670599559325,0.1458653639828905,0.24988620791514965,-0.13695433179674033,-0.3848814090316267,0.6426233943135484,-0.9968688643716123,0.48530407322117425,0.553809722315206,-1.7709568860626208,-1.0245158828361731,0.9956756666497312,-0.44442568383330194,-1.0437620630319435,0.01834195154703713,-0.9247817002623637,0.18680925528133316,-0.9909813485706533,0.8551419857681589,-0.7089738502808018,-0.9247388841844273,1.4791624792000895,-0.606350587554406,-1.6100297634420093,0.1145583084350289,0.2942554232358477,1.0582658225709949,0.32593585474253256
0,1,-0.04373518128064463,0.45952513694672226,-0.94169169293252,0.8868513110806102,1.535301771132164,-0.29636940157566705,0.02528566723726413,0.4080546804649742,-0.2541693548797685,1.2923532373809505,-1.1028352150923577,-0.0744807547023341,-0.40417624994186824,0.7690439742004399,-0.296717969787321,0.4070850153893898,-1.0345947258350037,0.12244413242030627,-1.2098510454574765,-0.0851220738781305,-0.05228317898390248,-0.09560509335062048,-0.5596279780967841,0.26648644352939826,0.3587002184026184,-1.4136969932977574,0.053183137510548165,-0.18571121738092194,0.5696090156662472,-1.0740049976881894,-0.020485067749565634,-0.7201715918046369,-0.7084909709196234,-0.6595474432671118,1.4656223628829583,0.6186841891694101,0.1326155132243636,0.5006265828455503,-0.9674366578318094,-1.299632011088955,0.2012263051304458,0.40728633120522073,-0.8427314052217288,-0.6031802281484411,-0.37870225977229577,-0.3797947408009069,0.4757976052924737,-0.15539475931942043,1.2700827924727196,-0.5144621566707924,0.13264243608311516,0.14212601329993002,-0.841549829704144,0.09166650616529401,0.5967298956504464,-0.2763827995667856,0.4840793057308931,0.1364163878233341,0.07694172399263789,-0.44210141257178703
0,1,0.7015397052880479,1.8960949164571017,-0.26795506516492673,0.6385424718320046,-1.2729522981952623,-7.56167696246456e-4,-0.9936302861261849,0.12399143701152028,-0.1952446060481574,-0.8226699188574951,1.5605136219674478,1.507623246647742,0.565998620886968,1.3300793759799796,-0.4218588805765313,-1.092116265528233,-2.460113591595442,-2.610937767630228,0.1854020967704857,1.4535993317727092,-0.18590789067970223,0.2225507447128398,-1.0119480148951636,-1.1769010513149012,0.21611668129324843,0.26601097268064067,0.5481767434200931,2.9425134672899045,-0.43537503878196027,-0.044047766189507426,1.0711610988035776,0.04888066941659003,-1.4492727800474299,0.32361957503473465,0.782545792628751,-1.9402188090689314,1.1775982923256298,-1.1456016330133052,-0.4241861652439985,0.4543722156962921,-0.13776063336659852,-1.4539453414500816,0.8080255863610011,0.9403453586325007,0.3192633422505247,1.9660293337076318,-0.6003464241699684,-0.029095624420893286,1.4089230840305909,0.28866860712613085,1.0565176112528725,0.6774639411553044,0.7433182249936306,0.3303008497714591,-1.4060645905662186,-1.0557519420086825,-0.5809257539139993,-0.02012437114232217,-0.08386834555209698,1.7267560684997973
0,1,-1.6922577537282433,0.445444398926544,-1.4569513402933023,-2.484642001418492,-0.8414907527583135,1.0364907033206747,0.5519690413406945,-0.6202059635646184,0.4381053507483705,-0.21348310832344686,-0.05758723769511944,-0.25579151919188614,-0.06410629556988519,-0.13172663640185178,0.9676580442749915,0.20283804943519063,-0.8615842519746273,0.19880135824366651,0.051280709554595634,0.14559259816419776,0.9207890626297904,0.6211043495612744,-0.916549518969918,-0.15448503221148405,0.650342726503296,0.654553311170592,0.46331225372167445,-0.6981821304482312,0.6137619813630609,0.8267491809331766,0.37652039802096443,0.05091161880518587,-0.3926762413991655,0.8803531804924701,-0.4695027574180694,-0.3960906527327996,1.0751647331862961,0.6476201412105029,3.495467841488759e-4,0.21447999933313036,0.6042403936607421,0.07861636738697776,0.09694848450555758,0.7958581029540334,0.5719838852982986,0.45791654589724057,-0.10610609797223171,0.1723956923960166,-0.3256296828694681,0.3154038769378471,3.3266674974651933e-4,0.1300051568464296,0.5371485597850745,1.487038079555926,-1.514124755512712,-0.03582175941185244,0.0796836084862076,-1.1112783143153049,-0.23898804597415346,-0.009138121929432192
1,1,0.2709144349019138,-0.42997807965324897,0.8296991026301808,0.9457347680721752,0.3159426237120523,1.4125674899957266,0.006021190926882818,-1.6111820261573575,-0.025521332683627388,-1.4599184643648977,-0.30355030913408065,-0.6705558718124242,0.5396261261223458,0.9327520305744315,-0.4063516491823227,-0.5332973957053592,0.20896458455447328,0.9320234462220859,0.303820505988804,0.2977444262089634,0.48598020726427954,1.04914146906676,-0.036453346829418955,-0.03908848611368211,0.6951827715555925,1.2949119112154854,-0.8772975510197683,0.6678608551732897,-0.5414361272994415,1.0609862831887276,1.0190952337649337,0.22229195681556851,0.2173187643345463,-0.5066739834218563,-0.07800099897197463,0.13363112286824136,0.709365104458949,0.4020193993573804,0.16982968853261238,0.12173342014284068,-0.18673087319752502,-0.7161443783739055,-0.07687940826980197,-0.32442546557290936,-0.12647005828769545,0.5713512463485028,0.885915668134858,-0.02102062046103976,-0.8016479118922339,-0.8648802579688759,-0.3054360275113507,1.3832955461767025,-0.25949423376117814,0.04938671137719703,-0.2987946375961578,-0.0297300415358176,-0.82663558596057,-0.6676441596653031,-0.5807153437319141,-1.2010636775663601
0,1,-1.863824388733706,0.9279352272968397,-1.4502544367804295,-1.4539313097728248,-0.7714027731286036,1.106036019977909,-0.18917787849554843,0.1269941275767641,-0.16559351020716886,-0.45658342787462874,-0.4750875457150617,0.5905810404674897,-0.2822372604743734,0.0969055148745184,1.2207122461104136,-0.415405821855368,0.5171182345903623,-1.4745897796556235,0.2777042244522096,0.45486521797238955,-0.3280811264048132,1.4469388306156112,-1.699366166161443,0.622182492416319,-0.16168177167513878,0.0911176776903747,-0.48992864382957924,1.1711022829834026,-1.4962230335480975,1.5558101729361355,-0.09641018968323008,0.18667389515600724,1.402808661995495,-0.7794003448925927,0.24756376583331163,-0.5354775426631704,-2.327394743149801,-1.9253493174470462,-0.26120110706126154,1.0554485800945261,1.4691728423405812,-1.2093446829705716,-1.8410099680562804,-1.7747238112016572,-2.3356292725558534,2.406635831738715,0.874155823760319,-1.47796998212646,-0.5473821200961558,-0.3903515700918691,-0.5058866102546445,-0.6729351731877419,1.5748933426948548,-1.3309569513013941,-0.2967016262068611,1.8349765073026152,0.7038632635685709,2.2637163791986197,-1.327473451150166,1.9078499047720137
0,1,2.442402373373335,-0.018765071506098692,0.21390890800149512,-0.8381483832945702,-0.2779182241087869,1.157023612475015,-0.7252779310963823,0.15536213491056042,0.18785068178311956,-1.199735227038812,0.11123062979865851,-1.1984126168721303,-1.0136683913293485,0.5029138965723217,0.7814727543678068,0.3475877798873381,1.3600314965626052,0.5623489893707401,0.24895396288757357,-0.34237305154523834,-0.3514364411744352,-0.5888555701142191,0.17759636576529386,0.20426880073974882,0.2731308999215879,-0.6284397449043605,0.0749073234508395,-0.5552041568585957,-0.0023515961790723547,-1.113008926968036,-0.40393838005345956,0.32522771722833926,-0.19268791067536148,0.28029136211152783,-0.9842236531948763,0.12638181087211464,0.10902157449378698,0.1489168742869032,-0.1916326054264218,-0.5014607640972513,0.08377689727282375,0.6006857896708753,0.11279718160148412,-0.18214176285692069,0.06496617157050795,-0.4575536983652413,0.24661505041009674,-0.31139131076533405,-0.17394968096251956,1.071905289988688,-0.5972156933839342,-0.3396202458872203,0.6066539169201163,0.3414603056807394,-0.09889765036395348,0.23311496023222036,0.18468569364952436,-0.05250168969833903,-0.4691686218769393,0.1255024283479835
1,1,-0.019414655759421404,-1.8110542204600943,0.6602717836403739,0.18135683589813592,-1.385542842642894,0.5506691834514686,1.1409458262389787,0.5000865320112401,-0.20580752450609138,-0.7457288772609838,-0.03124754089575325,0.2447120737013099,0.9133222574238102,0.0250878401150892,-0.10772596995256109,0.6547651614796097,0.6390445888273977,0.8045943357861893,-1.4127042993810777,0.6734107350922516,-0.8986059336189357,-0.935920049711643,-0.8369862956532014,2.17418949299765,-0.8378824375942588,0.6046581982402468,0.16497271829142632,-0.9465914740394012,-1.33751402809186,0.07326795284141015,1.6945214621209874,-0.379118963199348,0.40275691511631706,0.3483435878217525,-0.12880939607858627,-0.013266963330099184,0.3176418522544375,-0.37097024309942916,-1.2908853164972183,0.15353815085399716,-0.49975180719350576,0.14654728373729536,1.8186657561469375,0.31411784286727207,-0.7247549649577575,-1.9412009547713254,-1.8603465465069593,-1.3362079279303778,0.5695489851328815,-0.06848507819511122,-0.13593542699775313,0.016436523737157982,1.0622770606463754,-0.3520693922265215,-0.8110983857731742,1.6791028941140362,1.306976252949114,0.31836505247651253,-0.9535027117895114,-0.24395153706871012
1,1,0.10417559250955907,-1.5473599345703895,0.24600367794234393,0.6506105627411854,-0.7570094889916396,-0.08055948107821684,0.7691557849111827,0.07482762630573177,0.2896120143688801,-0.41941990111693944,1.0374847771173985,0.6013415825899893,0.24114813742625302,0.31183653426841124,0.05643391142777623,0.6978279726005476,-0.2661121567685563,1.2154723782699801,0.6012608944595366,-0.8732653407594538,-2.402679172042673,-1.9229323983564293,-0.03512912814203905,0.913682760795094,-1.1934501618004543,-0.35858445134104006,-1.0203008802505409,-0.4925798903097478,0.31553183522940975,0.08944499176316162,-1.1024446583684722,1.1384909011404922,0.8425691710481027,-0.8593302553257225,-1.398686181053071,0.8826888669832744,1.903285963163664,0.29281299646815645,2.1800235952047777,0.17562509842082524,-0.1712777707946169,-0.22919769814065608,2.3797744348191543,0.6409232886282344,-0.23704384234416725,0.23815021563211,0.6309250559213283,-0.7613954343258323,-0.10288388037167347,-1.6032832581468661,0.8616427539118833,0.11720854214894336,-0.9554691195001039,0.7415279247947039,0.07973693195673241,-0.32017149735109285,-0.9593369147582524,0.1221662600656979,-0.33315254742060435,-0.5750233595769283
0,1,-0.18072227623820547,0.4108828344247354,1.6423436770680309,-0.4264020153549312,0.87155500070742,-0.3147330247262895,-0.3175726870296234,-0.2533235416811483,1.127501190127999,0.15634145552007017,-0.05317585185421828,-0.6147577682764491,0.6670873393205944,0.5521182454699772,0.12710531124730276,-0.909292779254799,0.5771307293712515,-1.0372819163694944,0.8144501807975074,1.0070712487757134,-0.44517815499638796,-1.3443923092189618,0.5817904449319334,-0.8435854109322964,-0.11562043518683746,-0.304445048957626,0.2577983865146206,-0.6302195123482254,-0.014717128694638202,0.021319520004781888,-0.1306152432340948,0.6117062053649387,0.5921531127397661,0.7270717828955613,0.6444387373272655,0.05169638755521806,0.7093115816524833,0.04066315120327717,1.3668907366879819,-0.3003583128017747,-0.04325614377315831,0.8318560115799647,-0.1942345938493473,-0.8344122065041536,-0.0599362394067316,0.10306817891928431,-0.3087400788190647,0.14930494586826948,0.9206395034890775,-0.18163226637428345,0.172972446113616,-0.9224319487716982,-0.5763271757487451,-0.957679335556716,-0.08026291174001164,0.6023138077856854,-0.12604783501141914,-0.49163759506994104,-0.15193533601379097,0.4893513668765121
0,1,-0.04994002035353788,-0.46603294532303685,1.7747475321757533,-1.240339679869147,1.1761993623730242,0.055877006103071586,0.2385664564998059,-0.2869074232875911,-0.21922289937327313,0.33344832761748944,-0.2694796637641315,0.505544027027331,-0.006085818579369187,0.062366681149493036,0.38600778887881076,0.10924935854877116,0.7537883639392956,-0.18398995159322507,0.7400709436750758,0.32646835921862444,-0.5918934930569493,0.30336556926055835,-0.2500776943925905,-0.4183873521194621,0.0837403654169418,-0.3103772961244726,-1.1760924626201399,0.005794809169301533,-0.22623031022157344,0.32804837329444114,-0.20733289274973626,0.003588895187977918,-0.4310130796455924,0.30985421818951564,-0.790931619591826,-0.9929717159709067,0.1474833987591515,0.6485775367265608,-0.2949239237596394,-0.0946160090048804,-0.7040625578252377,0.8149508443540128,0.41423502556749114,1.730063562329519,0.7089542376129094,0.159300216499563,0.013299945105999474,1.0706544713991872,-0.0648816290378509,-0.05436370310855511,0.8236529841377216,-0.19513465108213485,-0.2484195048978763,1.2098516493572427,-0.30023346463477846,0.671205087976056,0.4942120771252817,0.5744290830196971,-0.12657737729400323,0.9122521476335766
0,1,-1.2300489595903077,0.21386542688831506,1.8042908813069625,-1.498655435349768,0.004643378035776046,-0.7319714198896357,-0.31556259247561896,0.8075508835594037,-0.7526586442061922,0.231607074233867,-0.9098893709804728,1.145629504677997,-1.6548875390995823,0.3151260111666361,-0.06458691764682056,-1.3716000758121345,0.11181115361465112,0.0602769677760937,0.40139669026435676,0.045810753814738675,0.44717490581844804,-0.5297844259334523,-1.1771877427437045,-0.49880276078459324,0.6476288988817103,0.8334004947193708,1.7047753593186834,-1.3818735815215066,-0.9077896478462628,0.7657809312366635,0.370878839871534,0.5734917296293611,0.21493594005666128,-1.2221760981118015,-0.11403354306547422,-0.5845618920083018,0.5283580967345781,0.8740738869725752,-1.1496674326665772,1.5482938955557959,1.051385204947722,-2.2539966282402744,0.9387616416067314,-0.48338367402520294,0.9334365257760979,-0.6237097988278026,0.32351288258801286,-0.15125023573750956,-0.4464149977547635,1.5255746309692921,1.409399073634799,0.05531176285943557,-0.6892060434041876,-0.7564137481848692,1.5478880104815018,-0.0855898827575958,-0.244990619690733,0.7800185559952778,-0.5301979621642233,-0.10756100894081862
0,1,0.25194508757775275,0.6139351268709522,-0.6549999116702309,1.1720121239840184,2.055148622908371,0.26791764868218376,0.12785377686374177,-0.2808612945293048,-0.1764742301221239,-0.5695764615926879,1.1682841851725734,0.713931232548494,-0.290278179148271,1.9552345242220401,0.37972719226493207,0.4648431940931325,0.08344868808107754,0.23432533903996366,-0.6857160751883249,-0.5803698784495518,0.4417670799356807,-0.7660737187195866,0.011984221892179247,0.6988050293357353,0.596693978732142,0.1562299676552368,-0.22114658513737087,0.999286365697432,0.35335380870147304,-0.36532476997506974,0.5105738681489503,-0.4827922206746784,-0.5015432856233336,-1.556365968875354,0.2819517280497505,0.9676934168386468,1.3909009919513986,0.8090779144685207,-0.5112992177217546,-0.7356929807244312,-0.9784500848609949,-0.8125202478219752,-0.7067324456109959,-0.6171997158776705,-1.0691751689606699,0.4611009642057392,-0.7172363491834298,0.29382517092040067,-0.2564707381629991,0.23545172852921817,-0.008429421285191906,-1.4376673344039577,0.6659364705503436,0.6480539675213074,-1.2380120371007586,-0.6649652982610472,-0.6324367950463753,0.8258507830935772,0.8613271218592427,0.1263453957880857
0,1,-0.7499533755169948,0.8522821874931945,2.1896720769753615,-0.7244054157070628,0.4057591958501258,-0.39722802390602324,-0.26554133234676247,0.7653143826943334,0.20913512106376492,0.8179212389293606,-0.16449228447827144,0.7085765036921177,-0.5164570896383629,-0.3017953700970501,0.14633466887166532,0.5198143821069432,0.7076586769520707,0.2272748561394226,-0.1889419067613233,-0.9731546262399959,-0.22616528359190163,0.3370864797261947,-0.5533232410058269,-0.0982393583778698,-0.9898464845626654,1.3317565483893907,-0.5017412143976067,-0.4488559667433895,0.2840097885756266,-0.7189331866916029,-1.4650785536834596,-0.975489948963508,-0.8907785229378331,-0.6943401015770551,-0.7178555670774821,-1.9721875064448289,-0.21978905593049275,0.2013149819345676,-2.0798309687407786,1.9937610628693776,0.5260839638219084,-1.6098112302034704,0.41163717517375586,1.5718862020298354,0.3310643520150321,-0.27168825190517076,0.7720860216141547,-1.5446678137290044,-1.4401457764989622,0.6529238634972246,1.141257544607483,1.3866567980335356,0.7214463528010179,-0.6063018575415772,1.5683762874405847,-0.30511910147691457,-0.7784726383735812,0.9238503777734419,1.9529306176906092,-2.032171059368735
0,1,-0.38962994790775757,-0.6624670393025341,1.999687864792156,-1.9973015003007712,0.30594674678678696,-1.1718214992285299,-0.0667652144588481,0.4201065380371426,-0.13683608437702882,-0.1885929293874585,-0.48378140250226714,0.06363388607497071,-0.08081607839917593,-0.07390751819131013,-0.13304030334913375,-0.8985906250400769,-0.14024112639946498,-0.8382428857139596,0.01655721414247656,0.33094617492234535,0.21177708820605587,-0.18786865031834898,0.1329162316056192,0.2593747570389696,0.8334247406914909,-0.18559698496481092,0.13413165189526385,0.18518564200757287,0.2587560429093265,1.0554131497720114,0.4903189269969065,1.0370455502514477,0.447916836666645,0.05044536318704888,-0.42582628412526907,0.6811362201291218,0.31728965399352443,-0.4996441106382007,0.4805667634457606,-1.1332779666568904,-0.34363736534406264,-0.03672720573907373,-0.3064966035867196,-0.42486686209529867,0.6561587598488458,-0.5130516424877517,-0.5631591335078445,0.5221999931612145,0.12590021587190275,-0.10788319387279079,-0.23684654954641543,0.1870967466303002,-0.5463562876368288,0.1770390477954412,-1.1265599397505481,0.7306399547596963,-0.16810493972986806,0.5783312169072011,-0.08772720902581779,-0.6559241495211572
0,1,-1.6443113415522828,0.04362517588834741,-1.6741144501429606,-2.5821712555997682,-1.5119607992242008,-0.5937119277898976,0.21690868410491518,-0.010551104506992521,2.1201855706640798,-0.4858633850337967,0.40747568061898987,-0.9844724565070891,0.26361421154838127,0.5961515875512451,-0.14207640647424824,-0.06391395461036509,-0.6757627562075555,-0.07771472328623498,1.3922722031102923,0.02424867982875754,-0.7061871568590555,0.1131236905859996,0.7853381666365064,-0.04720272664693391,1.6538697103142201,-0.0985541775012823,0.6636056485247462,-1.4703675511252123,1.55851798056689,0.6670867073835888,-0.13404849614113828,0.7144082245012267,0.4201079432308722,0.24823503622963206,-0.5383358856305936,-0.3040726883462872,-0.4242403835088304,-1.1108252525920328,-1.6525383240098763,1.3013783643569579,-0.656375622531135,0.17807855325276797,-0.8527415841515247,1.7067337940608878,-1.089537667411525,0.8243414483083064,-0.6182941000880501,0.21000341994088065,-1.6076769389849805,0.3912888655361014,-0.9003683563740373,0.23706745534718746,-0.5538887223424663,1.0447501971984579,0.1763071822512306,-1.0290272220697778,0.04677416230411872,-1.4101834355982428,1.0113753391299758,-0.9188274942851439
1,1,-0.549806108518142,-1.4165485122110482,0.7190451455664374,-0.48267525135731015,-1.6868903280784064,0.20178328711476445,1.2244125254671447,1.5362267876163045,-1.9909225486171829,-0.39588871609338067,1.5867564571711168,-0.7650569473871189,-0.6039149545514237,-0.3219876099837677,0.13377385700694688,1.7108904743602311,1.3502342597098294,-2.6510764611690365,1.8113588890976438,-1.3988588263522737,2.687931992928784,-0.4754565780505661,-0.2016393102541372,0.9471692403526886,0.7099347224198078,-0.26809039215496344,1.359828664054669,2.0712557547479715,0.8783676245198909,0.70292122755024,-1.6829685573492237,-0.24353495316913285,-0.2163098691265235,-0.8820829082417241,-1.0594423688216654,0.12529858238819835,-0.3987863490257763,-1.5445498986217574,0.8216600993623788,0.8763203963737428,2.7902804477538217,0.7318998182026165,-1.1136402244364711,-0.017011869820962342,0.11450093857389347,0.34851336067895733,0.6388726676860584,0.7963668650500019,-0.5699215928668895,-0.15603257827696246,1.300354948801291,1.7316863493465944,-2.7148487496024174,-0.04158774352104619,2.212838896323089,0.7000284410123261,0.09092565405092655,-1.5188309093214252,0.5789030834874277,0.4211168680487751
1,1,0.577057624849276,-1.5454470036196253,0.2500855147263578,0.3022666016381829,0.015433571724054209,-0.5157727943326862,0.47560421466251074,-1.565770652284001,1.1228622572182285,-0.24355979151755744,-1.6972055439879914,-0.11097685825084828,0.041349719767143286,-1.3261534399978216,-0.289939325982054,-1.2393986250331492,-0.5140131326010958,0.7016768589648885,-0.6031165747149345,0.21024135040753875,0.6017477553117909,2.1224945320092767,0.006800773849742922,-0.39676843169660003,1.2737680550643609,-0.33461127149976044,-0.6276109666370924,0.39344964812705757,0.581024499154263,-0.8813364532257747,0.2962918225964744,0.41277923429065644,-0.1142499761416476,0.25206997963090866,-0.49648623752571674,0.5734251208725338,-1.058228913204028,0.5188375648246316,0.4860925381501188,-0.14845344835394614,0.11340133240157937,0.2100534564747312,-0.5825840481118767,0.5613510313254211,0.12181148206717114,0.5889503108492636,-0.4251724920783076,-0.25180150962083286,1.03582156831188,0.18322778593687783,-1.3229611780355002,0.31041100010746286,-0.1904130224957187,0.6521133940959463,-0.20143854333745115,-0.4373197995351284,0.6227640741097821,0.18930738485896623,-1.0751297899824368,-0.3016056723225861
0,1,-1.1171278699993024,0.49612729655667764,-1.2972207217998242,-1.7189325044607329,0.12152295575476617,1.429228149980065,0.21138601743936913,-1.7050737261747753,-0.023817356777326066,0.6163325187301603,0.2624788231657119,-0.1718518933064105,1.0869585345577109,0.8326193855339347,0.33375437055383816,0.3876859379948148,-2.0258404929736744,0.6675843402421167,-0.049697605823877375,-0.16357802619619377,0.74134714356627,0.9997888648472587,-0.29922614928310387,0.004732496296358883,-0.7475758828333522,0.47650927967992546,0.600303071162176,-1.6792983164111017,1.0159436290251993,-1.1695332647260446,0.14330638420589176,0.03543460106177547,-0.8349961234045029,-0.23333844805675413,-0.39714724080595765,-0.34330517515292125,0.9444420860521796,0.22720718723561686,-0.6473973236711722,-1.1576217801317967,-0.5773230618128035,1.2366015587242767,-0.11995805655816942,-0.18565624474659742,1.0660549927947849,0.4979684295988221,0.5338816103392225,1.0466363695297982,0.5228601783287019,-0.00811283883204433,0.6504296542722441,0.25031496165862377,0.14694453275250874,-0.8244069923316366,-0.15182098914836628,0.46539775028124947,0.1066568597292045,-0.2024040539015382,-0.39499475902439285,0.750644724593772
0,1,-0.6488847089067331,0.32066782192838156,-0.5162030266205918,0.08896588048227276,1.0612705738741761,1.2057269377116258,-1.1650025274861218,1.1004639303742216,-0.7410270025482856,2.444961153449183,3.3878686676343968,-2.9057652897732913,0.5351103688764869,-1.6595533978370363,1.7383027074113744,-1.7187282200869827,0.12401291580980071,-1.8088121849886138,-1.6730771828595026,-1.2114099796614612,2.1778059666676852,0.4043033653256614,0.45487671013612574,-0.6868044860751509,-2.5346698312683644,-0.23230314303971072,-0.19661646634278093,0.7256216029399286,2.1963332036128325,1.4577948117071904,2.7724883165001963,-2.163292629201358,-0.7119441280389128,-1.2871815479281836,-1.7166795047833998,0.8289915731244828,0.7251173508268945,0.45233760136130574,1.408306191836272,2.030000168476775,-0.49810306449931896,0.06325118605785418,3.0737260737428604,1.5389887756310312,-0.24636721837041856,1.033137972379414,0.6965324692600646,-1.953615874673045,-1.5536151099585376,1.0878469187270723,-0.5939014713894702,0.3444977924502328,1.1407650852679443,-2.0918389869816854,-4.5272125366574505,-1.7469221051376658,2.0184084870016386,-1.1106308249451302,-2.0480144752978022,1.0144573903032221
0,1,1.6029714782995523,0.6533397184295004,-0.7257018466012733,0.27931948217332025,0.2350540147459698,-0.28965466418179225,-0.44662990386441825,-0.12966546792651212,0.302092887262772,1.9558961744479828,0.4234477821523386,1.2237958224553602,-0.5384028208626171,-0.46271237091731193,-1.4557362362846904,-0.12563034898486214,-1.1300664738899162,-0.6302323956048028,0.36657559356788516,-0.5519574625653344,0.5162230903393176,-0.7954485517308302,-0.18047798413181546,0.4863170493484472,-0.11054218808770264,0.39703552825445604,-0.2497438781659291,0.1816176270426923,0.20574690770228843,1.824307819904375,-0.2631206922725834,0.2847644961451322,-0.27099002632912533,0.5445076377096245,-0.32464751532882796,-0.1645246109270179,-0.48024968196727136,0.42658563209512335,-0.20904718724444207,0.4091386603136818,0.2724142231055743,0.7794036628993904,1.3336543351950187,-0.18539518626200194,-1.4565379703601022,-1.4145472875511536,0.4293101608190787,-0.3539169633270841,-0.4147846083407821,-0.004687396689388737,-0.5710855589586722,0.131606531719507,-0.1414381003117446,-0.19809044645711066,0.058743492667938164,1.3125010490487081,0.6008899074420211,0.890303680959105,-0.6148091347759066,-0.2309049138557791
1,1,0.10528177642754423,-1.1979007952874734,0.16747060595722965,0.7465191904702344,-0.2771228129184173,0.11133365704655915,0.527729509045107,-0.879794333601144,-0.03708278027632698,0.4941364726634447,0.41914676940444723,-0.02404199062190156,-0.39208548315549235,0.3374384441745923,-0.40093495903679804,-0.19579637850842035,0.7914610307973167,0.5701233457496458,-0.4710873157486435,-0.02552285562880352,1.4831545160040753,-0.22382661784579894,0.5563727492495166,0.5287597616041854,0.2370628936634224,1.9875107108910546,-1.4369737001553846,1.0396109727760674,1.9949546992952814,-0.6261112598453832,-0.48167816200955954,-1.3109653186868457,0.1711260064902354,0.6776711964734724,1.5661120610978492,-1.3981181201532547,0.3626038478829856,-1.0526184664747755,-0.82488394813669,0.4250736156960665,0.7923380914079862,-0.2453309581141011,-0.3880291935921124,0.40509808532024044,0.12673643092214346,-0.31242478419806297,1.7600865975464852,-0.5952918815352275,0.3834084468018653,0.43956522518190005,0.598491976219628,-0.45176250757393477,-1.1066010374103716,0.33893284296637466,1.312062945194724,0.30273537047343013,1.1141638711627866,-0.48249529237342886,0.9789457716584767,-1.8975489452432723
0,1,1.4837439189384432,1.1162456903744802,-0.6778734255529203,0.01634093698125404,-0.6897701229121525,-1.6891645353534512,0.5396587347462516,-1.0232484355626044,-0.6464486991318739,0.4501592793262704,0.4105981064861867,-0.21899698954668237,0.23619783178303796,1.0671673724729167,-0.6484377104284152,-0.6253325198082992,-0.8199523109024878,0.11317951060149029,0.03610542630090578,0.9350962252271691,0.23590284296650738,0.7625901788411744,0.11722144237475814,0.9759005683558161,0.1732076472751668,-0.2176888466955948,-1.2315994007309263,1.0367283453576999,-1.9576070805467836,-0.02031867291603481,0.2905828238386123,0.2688110119885024,-0.46593950462637895,0.9707437726081324,-0.2652188989032836,0.6543725647227119,-1.6194361959679784,0.7924680274231597,0.17374423340705172,0.21384792516949486,0.8051301568815702,0.4639739129196857,0.006777515751732856,-0.6644835713612642,-0.9229424782554336,-0.6719896893441134,-0.4643860372647871,0.45602578906078955,-0.5183233928821224,0.8682400444225373,0.025004888707459153,-0.4877544172750369,-0.18547108194677792,-1.0961699635907505,1.0752983280853274,0.5193564505900354,-0.1823373065335066,0.41796569432513964,0.2039924057628767,0.08542482619088257
0,1,-1.3814237564387863,0.3893716145758163,-1.1127958677214682,-2.028515462780389,-0.4319195867765792,1.2008352295110312,0.268565124174864,-0.25227352094870775,1.8627103192858734,-0.7976819661191202,-0.687741842887373,-0.44030941784054994,0.5579046151890101,-0.372683308801162,-0.49565928883159516,-0.1539128636527049,0.21447270247217987,0.28879680116270096,-0.1742242442968993,1.1836801622383535,-0.155211930310441,-0.020807908828729155,1.0956377692359678,1.4671197017311586,-0.08282957779584893,-0.5345485944937759,-0.2777530404095036,1.5954665086706068,-0.1621634086125242,0.02627615976577506,0.5365706360143341,1.3542769736231806,0.1516179378072956,0.7428911435403708,0.7233270132609507,-0.47321607117017955,0.7810725763439613,-0.1562301078063388,-0.8942094533216816,-0.6449899304791823,0.7127293483778704,0.6815299159043419,-0.0868262459743214,-0.8926961546752809,-0.7707333155058991,-1.1496134392801942,0.11332055216694789,-0.30386801600024155,-0.20065218896915707,-0.4405882866073267,0.19057754178034683,-1.213736746930706,-0.29768118381867925,0.508317371125765,-0.024660776909513002,-0.8844157169649155,-0.5250279064369597,-1.5201580985966552,1.4425731339437025,0.38557192207585134
1,1,0.4733484865539456,-0.8598257395982595,0.4516391511010282,0.8983633428210974,0.06507487461478878,0.5348762545813316,0.4176772098107682,-0.8265849198658294,0.9310917332636872,0.5274835269861735,-0.6510395283134667,-1.1772860473597757,0.16513397993086873,-0.630259492439574,-0.008824981765248848,0.6114523619736847,0.28543207141447763,0.25767061796179563,0.8831043773990174,0.3091156153878818,0.4327893093182784,1.1085235065636936,0.17572046744457118,0.3289704646987222,1.0469049095470644,0.9141397362020127,-0.8199182129884337,0.12079427520291769,0.24648588669297944,0.2917658800206465,1.154464523181992,0.5663023596051812,-0.011896401369502214,-0.37446988990303304,-0.21640796547561503,0.48782712939875633,0.6771153729165468,-0.08557439754058502,0.38342304149967776,0.20418378941395354,0.19132326553132584,-0.5034126187302849,-0.21196424175570006,-0.1379395613021496,0.02594982832298274,0.04349077918506151,1.2815883025257824,0.0874097150483922,0.5696523362620153,0.0729072007991912,-0.16059531889752032,0.5584550996168877,-1.055213387499175,0.21385372299128735,-0.6823899816638723,1.3530869358116793,-0.804777511969111,1.5537970396830032,-0.07946393083198486,-0.16337881362516185
1,1,0.20615532331964556,-1.4417802073645265,0.3903268859871689,1.0103364940260444,-1.1549692496707404,-0.25850196747479837,0.15656353605090786,0.46978567369520474,2.9305512747367617,-0.9855215681122139,-0.03373635960245942,0.8852552186503682,-0.13331647303983207,-0.4861740505759621,-0.3966135503002974,-0.23902610544276215,-0.6206901259297768,-0.8041258590906434,-0.8262753941697973,-1.2493933658929752,-1.4953394223388081,0.0023653911100222315,0.5421102636193327,-0.5057274848533244,-0.9843684426771729,-0.1370722387869639,1.6916646530002024,0.12763319087928546,1.0929727913945664,1.1409875463448673,-0.6590784285579137,-0.1197769594417636,0.17397065323024058,-0.40167478458900546,-0.05550387493730801,0.6939503569378649,0.5410301599509766,-1.9333096997047976,-1.4674938387630372,-0.44622131675235926,0.1369541394461268,-0.8567625662198418,-0.13438636732392215,-2.0305705455206042,2.171570118691994,-0.5225633304603888,-0.680418904011097,0.4616826323446456,-1.3145787382950567,0.03494139151952769,1.0613635365146827,-0.7671018672642687,1.1875162034389344,-0.09183079826001164,-0.28169735928971845,1.1099742846875562,1.0207844124424534,1.2841720599630606,0.6477030123112104,1.3812427125154654
1,1,-0.25725720045500905,0.3492666319154366,0.18408905407144624,1.476994296711372,-0.6804830421448247,-0.023556623286100552,0.2924737029627557,-0.6767243373367965,1.2088220959305984,-0.27649437908959024,1.4976163448027926,0.17703951327896097,-0.23622752491113194,-1.0071851142630643,0.610155417260649,2.1322640613560706,-0.21746467911115955,-0.9332645244402566,2.090067845727932,0.7001892628758764,2.674833167038015,0.580394734712998,-1.6462417759225123,-0.6385145648505249,-0.10920394217617602,0.9377551764705833,0.9582471144281791,-0.9505469692494394,-1.0729923656690843,0.5889614591557131,1.3319518503518706,1.5069866104996539,-0.37907646980194715,-0.9307056041699502,-0.3672627864950359,0.3412138817568538,-1.5084303716346807,-0.13627318385860385,0.7006437752277198,-0.45881837677246734,-1.130238417000744,0.41600856447162315,-0.7287207359535232,0.86227329302311,2.0020671001365398,1.550972132301487,-1.0782806276274608,-0.48606335073747303,0.2699825016282138,1.255667455462966,-1.3108021647988977,-0.4664751236740434,-0.009902998874679634,-0.4166178873228767,-0.6436680987882448,-0.35567115947343697,-2.7647976054354135,1.7490106911289856,0.4214182811463709,-1.8905271175668308
0,1,0.10855733130721631,-1.0077213327765229,1.7792564407318439,-1.6888661140517962,0.9931372074811173,-0.8373915893300249,-0.3148855346312182,0.17644903479919347,0.687280193012063,0.5718735400976127,0.005313477340969948,0.4599959044581999,0.18230318820115932,-0.2710350721024031,0.14432602229598548,-0.24289023765295686,0.010057212789800768,-0.7212488186868611,0.5149979913311921,0.014365218772612463,0.14928116552619655,-0.4224402465540358,0.6633702985855955,0.7672317287538102,0.385527381577479,-0.26407070569059027,0.22323631306488662,0.41899857257944295,0.24863103284732851,0.262727509946621,0.3888135987543602,0.5625372947220326,0.015286549893127043,-0.11986509027459982,0.4567499297144222,-0.0573503899032616,0.22367671366666034,0.9605512821623361,0.9215830698172668,-0.758984628948366,-0.4146741869154816,0.6359901525832878,-0.7364171604775943,0.58327540705199,-0.08268602299865979,-0.5536828510142934,-0.2367247884561314,0.6421260319057557,0.0696361712413379,-0.5934714429994601,-0.7070228312001202,0.4341004670206306,-0.4653264615282765,0.5122907433967454,-0.23524282766841068,0.6263135809564683,0.1383725142536998,-0.17177118977041436,-0.15214670742910513,0.4670725116001999
0,1,0.2927499794295984,0.4815149935290009,-0.24728158737198552,0.6237249397218432,2.1877012618277476,1.040773875885224,1.279742639050445,0.490498478030154,0.08503439209193607,-0.7675100754693274,-0.36529006787417834,-0.8072670926429084,0.2059021323973686,-0.9033583643934129,-0.8018524559626765,-0.3138601648546564,0.888682741079533,-0.620971982858747,0.39569563235532407,1.978150994885899,-0.09861397228154162,-1.1871630439725107,0.7178303345934631,-2.039297242712914,-0.6997547963479522,0.5572881602525491,1.0181824132982678,0.7279639427731954,0.0503475300321428,-0.7754591143506218,-1.8349845279692134,0.26804634595472976,0.7469650351151688,2.3812020108039236,-0.9069216477734329,-0.12267483584900242,-0.8274711316435647,0.7737601302628356,-0.9003790652214237,0.1439373849346088,-0.9288412065317032,0.5916751005904667,-0.2789836845495744,0.388831252105678,0.3116219606884871,0.24074575010967064,0.37718548531274027,-2.173459889110023,-0.9575069620037236,0.07419186727690137,-0.10672749013405895,0.6819749153587353,-0.17192023659837902,-0.93898785648147165,-1.6103095245265575,1.1079745758477388,0.1915061380009394,-2.1244854659880525,-0.30555091519036087,-0.4854942234004059
0,1,1.8735756890592195,0.180049569728534,-0.631127027449475,0.2973745345236793,0.6869253699538563,-0.560913659473885,-0.2768299631587563,-1.2310021935478004,0.7582405093447433,1.3100617711299503,0.19774323264974702,0.5484942372966238,-0.9887791042064111,0.001839122945111147,-1.2263554844738527,0.40701285845296725,-0.8149452943062762,-0.2134483782079806,-0.35495651356656943,0.45852104253920434,0.6562534643944874,-0.28411625056998474,-0.3024503857164852,0.7527537416435172,-0.08092007910757468,-0.5534971442705131,0.133126263323132,0.2040688243776848,-0.2079816731742112,0.043642318612303915,0.6577314676703441,0.7149369577116903,-0.3588191237702687,1.1155964057052787,-0.21404957128166052,0.017794033952720317,-0.30243468122501016,0.04502256708117948,-0.9314472620170473,0.49021824600480474,0.5463301599342519,0.3526297021632804,0.8917395750977906,-0.2322442346004682,-0.6518430953809166,-0.508413716030235,-0.5130917518970808,0.33725027437491645,0.2464066604450467,1.4768534830066693,-0.2108020538619915,0.08835435995442514,0.2883141134798046,-0.517118601841538,-0.07348601178598341,1.1574064994500444,0.038920583005351166,0.38171803527968257,0.4476508886341208,0.9379783285728789
1,1,0.1074207850011292,-1.4926487515347588,0.6236459136320901,0.6386768167427744,-0.5329772691679958,1.1876789133467762,0.6707776988843634,-0.04841087192750823,0.4911900537804019,-0.16469630607065133,-0.5312004768505537,-0.20741428760538508,0.7223148952149754,0.4552653585378376,0.18447233969327295,0.08720273977294868,0.05288812379121664,0.6468177369587005,-0.7043849432759594,1.257394202025244,-1.3240530914827895,0.04634091512899224,-0.5268207155830875,1.1765449648999142,-1.0879125928070748,0.6193763261915646,-0.2930946032954929,0.7040028992756041,-1.6587465183096106,0.2744838902055269,2.019221006050256,-0.5542877958945812,0.5401666330789164,-0.679697627693069,-0.21161854424923904,-0.32556726555650456,0.7370672080768892,0.4111708086804188,1.3223203686820773,-0.2272134589702466,0.24014391921227815,-0.17568452527593384,0.615779861583546,1.5986406765329313,0.18614266008018868,0.008044050382627331,-0.4472257044057507,-1.0776151273187302,0.18127952030547767,-0.5637356920372676,0.1853293693868353,-0.6603479106477528,1.6668249807312978,1.2742593729352476,-0.709022637991023,1.4359360387400943,1.1893371556347951,1.0201991244070279,0.28438858639823666,-0.5342914813982113
0,1,0.12114537481153913,-1.0596636932399681,0.6465858918249375,-0.9703857520304002,1.1363156403622374,0.25527169968585556,-1.508489526030082,0.6225974578711122,0.3589245904522313,2.50904639869099,-0.899249954121924,-0.6233439621520348,-1.5466200701002155,1.3399790168930126,0.36827584518393347,0.5664604962532652,-1.1530096647824208,1.457167038484474,-1.9020906334338739,0.547773895152729,0.4863673371271584,1.5453912959352893,-1.3730772668957374,-0.770655361242986,-2.144660113963788,-1.1060158983064619,-1.4625196538497207,0.5100422415452626,0.07737443510639976,-0.03138171635956948,0.9184623256736492,0.2859924324841314,1.0106647025756579,-0.663994329520076,-0.870179036974294,0.8709468013410224,-0.23635620900237034,0.03706575358667994,0.06731965188188163,0.25319866930440227,1.2846670946541352,-0.7160764067651656,0.20786004162075683,1.918324333153122,-0.8479192202677204,0.6918856250183666,0.40654597897064537,0.44558017876583855,0.5139014381412178,-0.7578243726382085,-0.8376206353007895,0.7539069920008313,1.6574012458939016,0.664550269728825,1.0965412972257433,-0.6141003382851308,0.6708081517252615,1.6924666876093732,-0.3732383593798601,2.3700671851705604
0,1,0.582694315340448,1.4954982691197904,-0.8871969312924174,0.4492910231759161,-0.6098395327269288,-0.5196871335099289,-0.3356567920282549,0.8081530187896755,-0.7060359144206537,1.7803756033826728,0.9846280852532184,2.593315145086775,1.524651015984187,2.263273053932877,-2.025473256455671,-1.8037210498750906,0.38435334910329194,-1.2597919165465457,0.013275816450340533,0.3058600378622287,1.2548049488795536,1.4394495828223384,1.6775734823749764,0.4695258429766388,2.7271971582871766,0.23208346578787678,-0.45222124211965936,-2.4162336181646813,-1.4001188090127592,0.3267425000531005,0.3432295783478621,-1.0041216651580178,-1.311100739754641,2.3352401576978634,1.0126927854184384,-0.3498511104492251,-0.378632916654573,-0.04067198134273916,1.9847133255235647,1.9674668921847096,1.085248887697912,-0.594215133010152,1.0271120500132156,-0.2789473689560613,-0.44901579967032845,0.44677800167055814,1.7500659886270995,-2.1220110761033126,-3.1363717957779373,-0.4519738622007847,0.4940032210129341,-1.8434463380405735,-2.040794086655144,1.6085189451579176,0.43528246120256353,0.6014676359323562,-0.22262085805348808,-1.0623773881897165,-0.0014333886065815808,0.4753854462882245
0,1,-0.5536722689380049,0.24585016817568092,1.6729390131747721,-0.7868456248961748,0.7235921307205107,0.3500691028072513,-0.7423550855697709,0.5425438722623545,-0.09740321454881283,0.7515835208828374,0.8755844885446141,1.0569053892595353,0.46470689438252927,1.2283696053262028,-0.19669360990683935,0.4571570818840882,0.1872306773418721,1.730496146759437,-0.7083852823504189,0.09903987479736333,-0.5186616386187516,1.4531491191171821,0.27763199534295974,-0.45621593287751677,-1.1488798030547072,0.9342725252910364,-1.3515857908061402,0.3590900390032338,1.0485354519183676,-1.365227895388006,-1.082404333227755,-1.0648421981195546,-2.124211801741309,-0.040130977979172415,-1.011594360891183,0.06064220497735906,0.006100937080656612,-0.3506679711850012,-0.7921804990670704,0.9927053181307759,1.6497467932825398,0.28886057342846977,-0.9073741326387862,1.1262269205232944,-0.10861341725743874,-0.26632515402825346,0.389464210224255,-0.7509210117085168,0.6512147582726816,0.3405022150342829,2.0676581319833063,-1.2227562502724556,2.0006249750778293,-0.7931142980498175,1.6037970826743495,-1.3866753608950733,-2.2348247817302385,0.33790165865419425,0.018954123812597784,-0.5039666750955063
1,1,0.1150795831222067,-0.7682344505664543,0.5921640159016403,1.0857558051703267,-0.7591541084879797,0.409258626380612,0.9981520225704678,-1.0589928135348947,0.47730555025724136,0.032260089163933796,-0.057066370087679626,-1.2556981143541783,0.7445409711647548,0.22239988828269516,-0.024482902233441284,-0.030966213413949385,0.9913587645864784,-0.25531762742620123,-0.5902327812254926,1.0960658760537927,-0.08400275471195157,2.1134186817234033,-0.8029944546835031,0.8654552596012068,0.08125355053672198,1.1216299992685543,0.8963780038561594,-0.18803162845791427,0.16923296578765637,1.3311911202387987,0.4065062235180528,-0.015860671432742494,0.8001313206575411,0.2261495327045417,0.38211649178319584,1.16769386743822,0.1495443603041772,-0.3542527258232127,0.11385277498687241,0.62907243965351,-0.5679370727410813,-0.04761665717501935,0.2778025155897277,0.9498666818650742,1.3630329908595908,0.22059498268743782,-1.1936640201610802,0.09713011542703046,-0.6192957982546755,0.9381034354586522,-0.7793550147537788,0.7101549799309963,0.3859168519406268,-0.09854941234710715,-0.014802267950820189,0.51806999747262,0.7413397365126094,-0.2940537900718531,-1.1188159815547394,-0.8193191098078976
0,1,-0.1298938076422668,0.8133423776238357,-1.4419977267085284,1.1670523447125645,0.08969638716178359,-5.056298129182478,-0.30512998684200526,0.9414813590683827,4.297533374271681,0.768289341457669,0.7447943154586161,-2.726441650402424,0.2413882664229114,3.322485383189293,0.7823085558117646,-1.458728651428079,1.8957123312013733,1.5083419918195013,0.9122436923928314,-2.5952630128968917,0.641762291174157,0.2910193315530335,1.109532556281088,1.689847602138618,-0.4600386912818046,-0.23288247030328882,-0.03354248176484782,0.8365956578513835,-0.7045767149282519,-0.7657357554066524,1.705708367401689,-0.623501409438394,-0.13423905710832318,1.5882639807412502,-2.4630487938085683,-2.11077826042152,-0.1410110850471513,0.1549356113608311,0.4780140515034041,0.06652609947544198,0.41790031083536744,0.013680766339705136,-0.3369173456004997,-0.46355631119144297,0.23195586975018342,0.8966990219575112,0.3625645611358753,-0.381294743877854,0.47152020296326247,0.711281836731728,0.07576224957448272,0.5714704122438236,-0.986003741911186,-1.172543297923118,-0.8357907175617999,-0.3565940587137851,0.36638691185151784,0.4896224472663792,-0.0897301775399688,-0.24160279896322828
0,1,1.3954916936752304,1.4412748578298566,-0.34981719589462207,0.33976152901449747,-0.9262535393046741,-0.6352885893966517,-0.32427631207766294,-0.8766880220229467,-0.4198981768358975,-0.4705165403302284,0.7269048501881198,1.0155802575436947,-1.1834881581763945,-0.018066613316358785,-0.3976291249891141,-0.5383436386844739,-0.569569238791617,-0.5223494734443128,-0.2375360448519162,0.7224986263233498,0.329801796956801,-0.16401544210639957,-0.15765798727921762,-1.0210102304202795,-0.28552850269640717,-0.4699816586540216,0.48400825171655804,-0.38413615083191316,-0.28882668684614177,1.5737267236474473,0.077357178948136,0.3155615705555282,-0.28812016376315497,0.6605246730238437,0.4767852538739682,-0.7344638492982472,-0.0626628699676593,-0.6156195704957088,-1.2511801342778062,-0.6434894293777101,0.4390167121493343,0.446621668893833,0.61436886992259,0.6416845039177166,0.4503445285859959,-1.2264772415531682,-0.5851383519368875,-0.632137215011965,0.2737597942180383,0.9853086684807667,1.0912089842172512,1.3026973121286458,-0.7871657568788174,0.6311789798265003,-0.22322335305003496,-0.7280914458255838,-0.4746604901292529,0.4950025402058579,0.6558261474506997,0.6315928098256507
0,1,-0.5163248610828247,0.5959894021813993,1.7447763972056218,-0.8241433108468912,0.3731204174036697,-1.4977244015271525,0.48354125610500553,-0.7753966564007736,-0.31119109486564417,0.5754863764806668,-0.44619820835021423,-0.6286087329623661,0.7842178656441213,-0.39459324104496674,0.4459363319063689,-0.18014595297227531,-0.2540937182640881,-1.4784238575925552,0.8047865413160156,0.4509209044265525,-0.6628867095131715,-0.026353689305300118,0.4138149156942908,0.5678322433768064,0.8211339218743005,-0.7972892463787898,0.17492267365247324,0.4633554475139949,-0.6352380880352616,1.0027484168876692,0.6090139610303146,-0.7465470590826875,0.1536105234993701,-0.9691996761934262,0.09411591692413492,0.696111966081048,-0.17825142377286843,0.9889710448313652,0.632069962631353,-0.7489410225216848,-0.5377874940370274,0.37286407694357204,0.28551007855608856,-0.5313348101080405,-0.47934893502699,0.038743064106293836,-0.5034272696907467,1.0364602547711546,-0.5809103956911363,-0.4768744241147103,-0.13409089169712027,0.6127782063035132,0.03453718253612616,0.8665092850998292,-0.33466682450718266,0.7424148610949042,-0.05270181637274669,-0.30748159938429587,0.09467150941217471,0.5603755064895527
0,1,0.5380297854902623,0.7829091793241062,-0.12051568238274887,0.694414364284806,2.0968494690282147,1.1805032507071427,0.7890097681544497,0.0445384350182636,0.9585002867976886,0.43202727251658746,-0.9676710208727997,0.29048614572253334,0.7191023610131562,-0.24022010718473735,-0.7258059411620891,-0.15682159743206153,-0.4885239123192252,-0.009393033145700523,-0.08646508568656863,-0.405726279965356,0.7062441058898977,-0.5927029824769868,0.2598165140075389,-0.25280255607266844,-0.5747638800254194,0.05356394730140075,1.0889858861812087,-0.10183710276403242,-0.6200612158282096,0.14112853331101397,-1.3222595583455339,-0.28159358723805733,-1.1512649123793146,0.3699052376448693,-0.8442152089203866,1.1068146759296278,0.010657590366621662,-1.1720174547179316,2.223129429871371,1.9956497953442767,-0.12500107156303822,-0.6603582870445854,-0.12073622124858174,-1.245352736726204,-1.8872889796706958,-0.2083664351809036,1.4309003180652744,0.12196913252217194,0.4528401931518194,0.06836596056304631,-0.5611899983687649,-0.13848482991020514,0.9587607362678315,-0.19786991020983266,-0.15435460077174343,-0.6456145514879815,1.7144238712849549,0.07654886214689652,1.4302685388268468,-0.3594402550548552
0,1,-0.02247835502065521,0.22765579726253393,1.5861681647430517,-0.5582098143286137,1.1925181150625717,-0.2146918547458759,0.39180943368340815,-1.2620749976862662,-1.1006337737950476,0.8539391355195559,-0.2107988131217183,0.020903679547885013,0.5797395008822046,-0.3277216428253282,0.270251471011351,0.18225355314080993,-0.006596666254613114,-0.4907648975164516,0.20962167193669248,0.22267101463929878,-0.8320349514015267,0.32302797215548024,0.36146472516315753,0.7189189953026959,-0.22084549604687484,-0.5410565363839123,-0.1874924907695835,0.39662973669208457,-0.4846594981965658,-0.04652285537869827,-0.29189001288371136,-0.5789639986324882,-0.555676918722812,-0.16168801922413034,0.11750150222514383,-0.5411651514918328,-0.4348129640245874,1.0619803492747852,-0.6500743679157321,-0.1281435207052819,-0.23333382246893294,0.3838709547280737,-0.004311774849000197,0.03437982441561109,0.8545189696121143,0.5148951756778162,-0.40493619523768715,0.8484629544385897,0.0038294639975553417,0.7298439033790939,0.12621975050329248,0.16146002918184912,0.32741130916848643,0.5317101908697286,-0.34339433239269707,0.3570900853063342,-0.37850818818385046,-0.18325774882015322,-0.885510376491399,0.9962185801425949
0,1,-0.1381142734445709,0.6077775509625621,1.4588975711740952,-0.23096159050848483,0.6635526585236947,-0.9184463787836871,-0.28775909555591267,-1.5178988523215176,0.1140351830449891,0.4650139102607821,0.5193566366031375,-0.5967486658574107,-0.7505264652370249,0.46788102972981477,-0.22337411841321814,0.4408260478365226,-0.4890619333903005,0.12843837022649,0.2087266479735081,-0.10623218715344729,-0.168478165430497,-0.14035130543947946,0.06708118775550577,0.7618206283441974,-0.9380203570309905,0.38462914518649044,0.2538387739300684,-0.1894395311239852,1.9076515829853866,-0.058130184943830925,-1.0362651913680363,0.07372186424861098,-0.2749088894405809,0.8113959789360004,1.7568358264871267,-1.0701108736853995,0.6579086646695403,-2.3214662405062128,1.3689058312734572,-0.40318969011909656,0.4800421755429577,-0.06252148581327774,-0.510158761396001,-0.5505773494777855,0.11758608537813657,-0.3893650965178392,-0.062381076123519154,-0.7804307553348555,0.5621785260325762,0.2934584287520644,-1.0462493347461292,-1.4002190523661522,-0.781317085435275,-1.318500933172546,0.09779915963306579,-0.8158071185320988,0.04534947542190713,-0.17796820883317183,0.7889913625503839,-0.29881102783757685
1,1,-2.088085314324139,1.54943410251788,-0.6146309427416763,0.9126722798399604,-1.7687519811292054,-1.4604480355921245,-2.447175851921898,-0.0013420152324678362,-2.2551659292976503,-1.9140740866433477,-2.005413112549444,-0.919829666377518,1.1531856814937125,1.2064801046330556,-2.2878097298258724,0.7306425811380085,1.097061069656346,0.2097057270422533,0.6417785229434249,0.24473075579478562,1.4281907951149453,-0.6789619182996631,0.7436423696870823,-4.30224811778143,-0.907339783077066,-0.8251678438979952,-1.3959606168009113,-0.3651822010605736,1.8518112371417264,-3.9984850239237075,1.7891019591656376,2.7105599444400665,0.15976942652428094,-2.085700249956271,0.1416391039632522,-0.15329624591438618,1.3414849337627228,0.9268138337646875,-0.34886444375155,-1.346472797442432,0.5765447155220708,0.07024606153133726,2.4155344612469962,-1.5227710560104435,-1.7125342122745875,1.218214619984438,-1.2102339403980462,-1.9319079143766624,-0.1756795530293389,-0.15078153598473837,-0.19914071780259546,-0.2893720542726739,1.0392913536027322,0.3476413689604641,1.0797796798801675,-0.28012114047878467,1.3111197952883744,-4.166839673441356,0.6686731416346133,1.9384240443312009
0,1,1.953722897380279,1.2156352667746169,0.018194044493928745,0.23981771879239067,-0.34467469576459353,1.4153434589309069,-1.5975974668284039,1.5529707561802455,2.1945724042292247,0.08993879165140649,0.17230367673386346,0.7237631830952189,-0.887513030366081,-0.668449965631478,-0.03483545572270733,0.0418694724592558,1.2347866475744205,0.7667264495580829,-0.14544644392994527,0.0016865076712448037,-0.04958138821108672,-0.34348942641114283,-0.6562269525693156,0.4253334784902337,-0.22164529564412402,-0.9295605046311077,0.4209667746246966,-0.6788280493893669,0.2797848476944913,-0.7907179204425121,-1.6060788985963663,-0.0644688704409236,0.581371401557562,-2.2951899253372594,0.09981361075722009,-1.3870460562725155,1.3086131112761366,0.34973212204387005,-0.4672964587472863,0.7314435483136261,0.4830659793164667,-0.6863828996534314,-1.7965807281678927,-0.014071297335994966,1.0346969046529255,-1.666599926373925,0.9934538172490069,1.5545386872196183,0.09179142746379308,-1.96844555376068,-2.129530187594917,-0.9657165303559445,0.7672678146931655,0.449048303365206,-0.17782073271466414,0.8495920338962782,1.3699540920595326,-0.9918142678136107,0.3662163773427894,0.6476857764694212
0,1,-0.4496971890670587,0.744273358583411,2.013559376660048,-0.7570376197607227,0.528410860843479,-0.4537127583776256,-0.47837953873164923,-0.27418334478976475,0.5773158106696581,-0.8067222842757401,1.2824707487180562,0.13413327574419853,-0.8854842702500122,-0.1193610157157102,-0.3789063657763137,-0.8748716741378335,0.12071470113084225,-0.03408074367758427,1.233201414209699,0.1102380824279581,1.4583739555694093,-0.49618255627732855,-0.1969702289427363,-0.4389547880043667,-0.08016598142589967,-0.02033402864861866,0.8615531624954432,-1.0706855037672052,0.15987501299340243,0.5528148938652704,-0.10302368961790294,0.9982898191781744,0.15446683988831816,0.3588418639102426,0.9688047621449102,0.21274907589729092,0.800807224750373,-1.2752717612463644,0.8629510851792274,-0.4862270135592761,-0.4233067676622484,-0.0998794637881934,-0.5858933996750395,-0.35396565308407524,-0.6815716166289997,-0.5907109718543061,-0.6509438970067967,0.5277365978620919,-0.1192535681264127,0.4718395793808713,-0.7558011712734809,-0.8314977090278943,-0.5004475787781686,-1.692791868181291,-0.512743910001618,0.7156555568728534,0.8532629738177727,-0.36476533913499515,0.7665055469020425,-0.6077462709042717
0,1,0.040597823797349296,0.852839632648131,-0.7451965773315719,1.0732870769079625,1.2142874183903751,-2.019109456337271,1.6803925878203878,0.23981563036223813,0.1511575818482393,-0.6926630554752382,-0.11280380202370557,-0.3479274899170599,0.9262563122792623,1.363117563843081,1.7138297021522573,0.14772346340870574,-0.4368018720698897,0.42500167874802186,-0.06731004329193538,1.1178301938287003,0.9316047077260834,0.830727699627593,-0.23982841041136901,0.3692260150116416,0.3710946690143957,-0.7646733759172892,0.9679241956005916,-0.872826590554888,-0.4628515875787894,-0.3190427160046327,0.08318816824454778,0.10204080198644841,0.6614594178038473,-1.948702224471278,0.16648906674781433,-0.07466110954691811,-1.1512292611561858,0.6745817331164305,-0.036188748629518416,-0.5796982573747147,2.2650257698097693,-1.585764557059104,-1.0536021490149106,-0.2490790944758289,0.030000214470677546,-2.0303057486205023,-0.003129135496292464,-0.9165300633179967,0.06860287029384722,1.3887292124713606,1.7422950764862613,0.31851977063047043,1.4553092079766237,1.5653759527492759,0.7737195084159904,0.01908919569282755,0.9883153309414386,-0.09057057812076522,-0.12591692457636178,0.290136881421192
0,1,-1.1792243927098258,0.2427231123346108,-1.4514546272997675,-1.508933373948373,-0.3116128005932826,0.6445323517672951,1.1866809973390418,-0.6262147453898121,0.4195168940278669,-0.1163004160931523,0.2664064741865207,1.762552877869956,-0.382144415827805,-0.5601334810653437,-1.2878336133610253,0.03663688502890879,1.1951095599962303,-0.25706280404203385,-0.20129784059769695,-0.5879689826759251,-1.713734958643134,-0.677690653724804,1.3309741050656976,-1.1191207322808607,-0.09410330430599102,-0.6871592982206879,-0.1478818118758802,0.717360981020198,-1.2291757435607875,0.0560479652936219,-1.14289535886229,0.798171190926182,0.9753659625138673,-0.5277726250144607,1.5778985405420856,0.4040984221805646,-1.148860586958621,-2.369613657014609,0.8193402690998333,1.6840915476586942,-0.787216686103582,-1.6232567116095145,0.17659802550749448,-2.0136853860364794,-1.167226085087067,0.47724440643095445,0.49288502106716575,-0.12732616729103496,1.8295636289455433,0.16228396468422093,-0.9474530640787272,1.7001934922933715,-0.5783406848857658,0.6827703546937607,0.3546066709353893,-0.11899838531541516,0.24926703828439364,1.0234148669832044,-1.0373728708610774,-0.4556141903555074
0,1,-0.7288959310265385,0.490706565362972,-1.086449246451481,-1.328184239919869,0.19415920170108952,0.39354682749136727,1.1601565451832068,-1.9706983322101226,0.5757812209394768,-0.893358788700848,-0.14372922716472486,0.3083672842943781,-0.026625897503179077,-0.08203316773087722,0.03510384986577557,0.1155587411359774,1.1430588086174298,-0.701008780517857,0.5403732162849095,0.3620504421587429,0.004570188509725954,0.6693251517734309,0.7252505967198924,0.4868137022532153,-0.748383821432766,-1.922094421932661,-1.0989037238234172,2.550191704512027,-1.4615356182199468,-0.08917314800094912,-0.2920750056159576,-0.3456627892369729,0.32734878812467894,-0.42436744197009385,0.5718538364998317,0.7390625698368412,0.7327594697748325,-1.1175464438035203,-0.44307717632168314,0.21784422065856657,0.5461991115126686,-0.7807686107541411,0.09009966585911436,-0.29884537814181866,0.10725606309974899,0.16460549424000487,0.22032320023829094,-0.6431023965016479,-0.3244770764262528,0.44182544099017235,0.2031190818522472,-1.493904638787695,0.09686134062116308,0.13726131313368092,-0.6638191812095862,0.2985918496520477,0.13703029333019115,0.5049906070688065,-0.08408791817047129,0.6043095942251859
1,1,0.2917017408869466,-3.122199272447755,-0.007137210119106575,-0.6999622084231567,-0.7312044151124598,-0.5727641844885292,-0.9882342252968422,0.97822520299861,2.395535251805923,-0.18087096230897248,0.6971847578229045,-0.2780471743290921,-1.5553355930463992,-1.3100287175300454,-0.5072202082513755,1.0643656676424122,-1.558624143691974,-0.5282330969746549,-1.6927936348402777,0.9042694845019841,0.9147257001966844,-0.8911045302177155,-0.038487552635637697,-2.5474103210445778,1.1102014345196256,0.938778876960275,-2.0821369079022,1.762810449078397,-2.0164605573975254,-0.27025628475823604,-0.9932552923271435,0.45226053355080037,0.09663616127988384,-1.6089939886200897,-1.3787779540189913,1.2170031124353835,-1.7065661052950014,1.7021920640464625,0.5360782014011611,-2.3204419100473515,-1.5492764469820959,0.227569244850583,0.8603655632650858,1.2216814073946167,0.04237511704727467,-0.31233728003823413,1.190855953422688,-0.37677285752595113,-2.1106312651053316,0.9664938534837372,-0.3726675427293937,0.633015586679394,-0.9032180496899428,-0.5785170362629486,-0.8068207298139831,0.8198058231964496,1.1461850861679195,-0.8244125506213843,0.2673963336298733,-0.9977116775504772
1,1,0.040624571456359886,-0.5223740834669488,0.42746996646518404,1.198220994958746,-0.23931370410226224,0.950566915522859,0.8657617272411101,-1.2838054163756545,-0.5414821991788942,-0.16278232058208159,-0.7173675052553414,-0.26448862522536776,-0.06133543483605049,0.7999941248420213,0.7455694756245542,-1.0224564735220916,-0.15078259330142618,0.7324714825450219,0.3526164149028342,-0.7728700369765868,0.952656687682243,0.10481171892201914,0.17373627912503406,0.5899514670850888,-0.4820544939728791,0.0024132624134718507,0.28247470594408974,0.11622287895353409,0.42054023239155913,0.7372411511630542,0.8601745607362288,-0.3550240012093682,0.6583813015027737,0.9600137759524678,0.34534199272302546,0.4041184966260156,-0.4434447274662995,1.2591611129083118,0.07408393056256089,0.41851936551066055,0.46271032081727725,-0.678901781006488,-0.052704288093273766,-0.5281882484276661,-0.2561025859284943,-0.699511936057097,0.5287979787704562,-0.06785292225586693,-0.7648176683669783,-0.798715878326872,-0.4885720487877318,1.0879069959858358,-0.5397510820676226,0.6711601105781209,0.02393121518329401,-0.16277399394081768,-0.22369790848347015,-0.2675239197130866,-0.6766177363334258,-0.13097289664938153
1,1,-0.20669424000571665,-1.266705434440661,0.09743352219371551,0.9366551568568032,-0.5750795109774391,0.8205556272051143,0.49510537414149736,-0.5835270099315996,-0.6269309758364119,-0.6673935928435548,0.24258077422540317,1.1164745817933315,0.3030936136619671,1.0870505468632279,0.3729101880770696,-1.1613692221475331,1.003643361629948,-0.829877748346228,-0.9337785473901328,0.0712591220384522,-0.723627023755017,-0.7720733155562377,-0.46503838864622493,0.8208444215236512,-0.9615433587581493,0.44189409344835445,0.1239663478908855,-0.45158970689178474,0.012591986705355222,0.1830641942723084,0.2707807122868751,-0.7867559964779312,0.0303596747323275,-0.3364413749326171,1.408759789792877,-0.5739138835520096,0.4982436802893761,0.571455950655347,-1.2891819218389222,0.2437394604865639,-0.6306818868950865,1.6256488634459942,-0.044525245560734776,1.1553287794883913,1.1371430129975109,0.9677388181051695,-0.20652200457165226,-0.15923583223685198,-1.0264911137520414,0.06398393902898732,-0.5644444040877346,-0.397418984576548,-1.0500537054260382,-0.6485142743557479,0.40800726226990147,-1.131280473647181,1.2474596802019413,-0.4709586668664376,-0.15661304796147837,-0.2200600440843613
0,1,-0.08363254201101049,-0.4740030273498702,-0.5291042997897334,-0.6788003079568417,0.9119993132839083,-0.7359597139680086,2.2812303103217633,1.582175329045736,-1.3298084420636165,-2.5032892371913813,-0.8143259457541525,-1.2819174802663003,-1.3069811720844493,-0.4137018490359979,-1.1184012612173049,0.37659417192172795,-1.6988087587110239,0.19698304701239897,2.014531950891804,-0.6202142797700857,-1.232965167680754,0.11641037250286565,-1.0992523094561442,0.6719733359203737,1.337304913494902,0.2874189636996695,1.0431632030111162,1.1491253257495433,-0.08611240682128424,-1.0839337201452814,-0.9474201001397172,0.07505074546012139,0.9922060108659609,-1.0104516127905936,1.6323128993225327,-0.483904959343859,0.5972179412520834,2.0709211060925483,0.9977198488773183,0.48943767767192486,-0.4987095527978981,0.5882307362824803,0.6908595268070914,1.5464377003956018,-1.0069737704087898,-1.2854511194521916,0.3336187903526859,-1.0253310121992543,-1.232691771587157,0.18083720014042778,-1.036577262730999,-0.2780079397473146,0.17626890114542304,-2.041892723516343,1.043320795276929,-0.39822554618949674,-0.5551663849428038,2.3290843111463873,-0.7167550763838554,0.3632638160799254
0,1,1.9378962270967715,0.37909052885250055,-0.40372448280974327,0.1434810054463704,0.38505311695726524,0.25591124467966797,-0.4282927291094982,-0.9069415103073433,0.03871224013466763,0.3528019311780857,0.23764102551974658,0.45927563533025817,-1.4279950018961765,1.1743392387213893,-1.0229031404071043,0.3183710074753834,0.41614273171878596,-0.178566777011799,-0.38732229997355994,-0.05569579972065174,-0.35055259012274503,-0.6833416154828093,0.3523893991310788,0.2957660310464078,0.44001605221810947,-0.8469138126343388,0.732296441134182,-0.7774086832801312,-0.4467124689667436,0.3602042654149707,1.2541927433611366,-0.13881469679932346,-0.17550488997108712,0.5989962487146145,-0.6572563074701615,-0.12549945335858184,-0.16895273743680533,-0.15671616567483287,-0.5850638273318373,0.8151910652887121,1.3927990237096723,0.9316034931660618,0.6583097928423246,-0.2956910705166716,-0.5455048316834631,-0.2497295450037361,-0.12328017286210782,-0.13682022277688854,0.301347038123733,1.3927618183491672,0.2426528408637916,0.20142769009065647,0.07882462846944643,-0.39780064467611376,0.3406605674651772,1.896190602723454,-0.08507872724541315,-0.024222203263206392,0.9470161558063461,0.7407359037977147
0,1,1.314997132737157,1.5545278307587103,-0.037890083531715,0.7611834341484139,-0.17209072117842958,1.3105271554183224,-1.3567336753661567,-0.14937487692703513,1.08486061476153,-1.175113503377959,1.6546722249148884,1.2809718814863873,-1.6795578208958182,0.03174977079096816,-0.6319898841045647,-0.15798796865946477,0.2029463369806492,0.3024497486281172,0.2358182213395249,0.17766553505012272,0.743214258115497,-0.4308513170195495,-0.3114945791123868,0.4760712021235649,-0.3469992436801316,-1.2074166709912328,0.3553610873062513,-0.046875481826665885,0.13240544309875543,1.6167408409858373,-0.6142525009726569,1.0330956560168547,-0.8910310165823472,1.1591104873942586,-0.0821554117923463,-0.5398531808050206,-0.7576661613323125,0.2466748949284924,-0.8385461713153549,0.2363651009720179,1.3866495915829773,1.848649503792476,0.7779550323377761,-0.30058649191043524,0.15937093468962796,-1.0624036729593864,-0.27884065279128795,-0.630007155243789,-0.05242641708429094,1.064781129996723,0.3433792355340084,1.1017762839973464,0.5456184357104279,1.3444991919543563,-0.8519804827429986,0.6757507909479882,0.8170315660914068,-0.401261978832725,0.4684162272654025,0.6072740297709636
0,1,1.8396373197209952,0.6721894121787086,-0.006371541724344313,0.008164163760363437,0.2345529864175703,1.7897617663484962,-1.0900003271390482,0.3492578100360359,0.2232830039944731,-0.12742051904344567,1.4066375607140928,0.5377650828347337,-0.6967505757537508,1.5044945784133292,-1.5309696558129877,-0.6393466585462958,0.8905135613601398,-0.1887523660603036,-0.062417161993785344,0.0790767732232763,-0.7134004850496268,0.5829879312148817,1.589618315303449,0.4329157167455439,2.093809744999235,-2.2026357718887994,-0.4238111275975612,0.09261877001379396,0.06035370988552158,0.8870227343126316,-1.2109753750367322,-0.39056514903025463,-0.22451947883323858,0.32012264006042496,-1.0126719407968596,-0.4575208748661189,1.308524568274313,-0.0655729408455137,0.10520546075511393,1.1686906140584963,0.4274010579279443,1.1943287277053547,-0.8670844112805837,2.2154818638546887,-0.9845916049967364,-0.3010450790623711,0.7509871004686445,-1.4553501065186853,-0.8780478113803835,0.9418557800545603,-1.9931350094055131,0.4133022646051026,-0.7205459416178358,1.1283488820700742,0.12412140599989116,1.729313067923988,1.161017722768458,1.8067769136887615,0.9781018177020513,1.1771837070793325
1,1,-0.558845172398836,-0.4259794631310822,0.3702564363949817,1.365221536980932,-1.511435876265034,-0.6706003280028513,1.5497465373508692,-0.6844291922244031,0.08516070678285419,-0.6092866261327267,0.018648042017096075,0.5555185406622402,0.5042007365608592,-0.17226439334427718,0.363443423014336,-0.8810723235601682,-1.5313934814541528,-1.5432835737881998,-1.5969357265000044,-0.863234170753448,-1.6485787503477096,-0.6775343714976838,-0.14884209743639515,-1.5358506888701793,-2.1838397475164824,-0.7317321778136141,1.109609351412521,0.46688052439409866,-0.4029091440885138,1.4628630364477813,-1.0028631731947486,-0.7665576542983925,0.0968858569380722,-0.4282036985067346,-1.0141360038421672,0.5897218360225576,0.2470685028104575,-0.7427072799489386,-1.1439038869015068,0.7387694994859616,-0.32588112718268436,0.15823257766218132,0.645212654812171,-1.508464738852099,2.1495980031235784,-0.11748475347387385,-0.5649759257453119,1.394189204130995,-0.9301803850900265,-0.896597961915424,-0.3469145174116592,-0.18570415398386853,-0.633480146982887,0.26504375465349805,-0.85392486593076,1.004263013603876,0.3876398705414639,0.025778350776657556,1.4592033060020433,-1.4584900365075188
0,1,0.015288950612925435,-0.0709972699074109,-0.8620419830030104,0.574236284753386,1.90190035900163,0.8819679804293281,-0.31606424561930807,1.0211358464716458,-0.8292183194339409,2.0512584185768525,0.3691062111777148,0.6279919992273894,0.7940919549554831,-2.330207124903171,1.6062345780257625,-0.9302814730282405,-0.41377029228234424,-0.7439503613898674,-0.8399063212180414,-1.7168339795596845,-1.1455073059175753,0.611368759529242,0.3083009334661466,0.34192439861837903,1.652717681891945,-0.6323342181753515,-1.5944973663124575,-0.070800258013254,-0.5249009891534585,0.7881761849353336,1.37284442310252,-0.9405209145537381,0.7966195212694832,1.7490071288993307,0.9483741957059191,0.06525555599412697,0.017666622881942002,-2.115885785281853,0.23784635218412734,3.021403177366798,-0.4386097194294467,1.477921057945811,0.13211516377116891,-0.5440074622193326,2.0151921102107044,-1.7304061513951081,1.9784328700775902,0.35175743198752235,0.5678692161002508,1.7233840563994955,-0.7212423001117606,0.9061390203360792,3.8017779981133946,0.04623470809506399,0.5891995693961508,0.9711399377195591,-0.0031801378429736613,-1.8240078148956496,0.41984154036646565,0.573607209201743
0,1,2.214315994218283,0.26231510066076485,-0.09226223967781537,-0.9206535617366385,-0.808184800951884,0.6157622893284986,-0.582412239285272,1.0374007069179674,0.028996418611407938,-0.16916339968587576,-0.43438779335746375,-0.8962456247794529,0.5368010826362103,0.24202834660263023,0.3684799813403846,-0.5176573199964688,0.5055149470596391,-0.1474337355891667,-0.396226557894025,0.5444467429315216,-1.5784987116704965,0.08811879621632865,0.7596427487334159,0.775933916016079,0.7236751985764495,-0.4952542166413109,-0.771804435229286,1.0202048298615822,0.2830546457635822,-0.9317486893943614,-0.27846049554061614,-0.34559809355451376,-0.18371625546941223,-0.5291950207848639,0.3312620600479868,0.6608049889830527,-0.23733808837774154,-0.27810770549263664,0.02210552187158536,0.47999777009617706,-0.9455445136059292,0.22296698517472288,-0.7868632104902853,-0.287035645667581,0.5485078504264913,1.5517239963056173,0.6848095261771663,-0.3985522094066204,-0.10896780362592715,0.6550975713831099,-0.9405869811780949,-0.3118528410416672,-0.29635149459870436,-1.0016698514686058,0.6882775894883786,0.8646918161866116,1.0708497452318162,-0.5391440110255787,-0.20020807984460715,0.026858887052282253
0,1,-0.2667985926802758,-0.01467565818296436,1.861533958013468,-0.8130276376326097,0.8185889260943516,-0.04744189139436321,-0.28437921374245356,-0.253905493970797,-0.22302118576032817,0.3836475708157576,-0.07507386918151517,0.41024726343861606,-0.9579366265002937,1.0665868398132956,0.7599433759594273,0.21736865997908303,-0.38737832756212975,-0.2574511601301418,-0.06906644182244767,0.12224584007644365,0.8386751801732125,-0.31846042976528083,0.38780802943706943,-0.6356939123091799,-1.078283107364446,-0.062277733797104,-0.5776982475194063,0.15807505379904802,-0.09521118682073694,0.3476366356888505,0.08383509964444304,0.38052929349343856,1.1717099119466303,1.200775462487608,0.9021390987211867,-0.4780005807928512,0.5566012611878407,-0.2979690420920393,1.4419943887116273,-0.2681376215227668,0.5023663331856978,1.30504120201562,-0.7382384603891965,-0.2536479866811059,-1.0930472101091036,-0.03258958490618613,0.4948093802324094,-0.31457706285560844,-1.0242283310569875,-1.0929916934571757,-0.4482242932153267,-0.9001206716992612,-0.5101351491175592,-0.1670250105912807,-0.7970391997950761,-0.6147447354213145,0.19931110852742137,-0.15083075561630185,-0.1245749491989681,-0.917774420671524
1,1,0.16384698587345414,-1.32158983568348,0.45284272978694645,0.3872383101479282,-0.11247330201052294,0.791623886892463,0.5309326868027774,-0.4188703659006013,1.0192959809133737,0.08251883977335714,-0.5605252342033342,-0.184693105071753,-0.28629673827986535,-1.2347955051116968,0.5928530609519224,-0.8537404263168359,-0.2647712281022343,2.016916670148461,0.1491304148759884,-1.4078062927120938,0.1295518612680231,1.964824218358763,-0.778730160792216,-1.8926385732293538,1.4157040912271832,-1.1992799393112206,-0.868096350697734,0.7244775577783439,-0.10980458436565259,-1.2916436467597854,-0.44685667616354063,0.12386973758623043,-2.3500980868581727,1.7545123174474466,-0.822571532003901,0.16371491381236555,0.36709307063822105,0.7821860875150862,1.8650695264099346,0.32449452025919134,-0.6471077358822266,-2.267851336492395,0.04104060761353017,-0.47328210122364023,0.2888791737286339,-0.04108448130667066,-2.395842367840811,0.13473376211714397,0.5702975011348727,-0.8659894861223804,0.2923275745461376,0.46836961181622033,1.1200590840829365,0.13156468439979102,-0.22595322335334414,0.8671833149923224,0.35473373723446994,0.37917883327650787,-0.7695841506951008,-0.0253085789086091
0,1,-0.10754050731619365,0.5479851843867377,-0.5233091370439793,1.1689328211561614,1.5136827080116095,0.849906916455499,-0.2212972988370613,0.7449173674320472,0.263295568197319,-0.5069106044624212,0.7285408052140246,0.6321311675198342,-0.12087716065060759,1.2051276092356396,2.2948287398230485,0.2399994911399676,-1.466117510581132,-0.23506058361268128,-1.1971325611356247,-0.9792473642979951,0.8068458100965933,-0.9051657422401503,0.6599793668501529,-0.9083050967687523,0.49028814860170883,-1.516962166883031,-0.986104526873857,0.3628065916422606,0.21093271963645308,0.7046876396919792,0.29574216102653783,-0.7659774510211567,-0.3446106593942207,0.17749304185371584,1.2169627415488473,1.1560076982174794,2.3017340529081936,0.4392934203949592,-0.12289576155780854,-1.868101464318996,-1.6477201760455475,-0.4066758310112463,0.9791137471822445,1.545303183971591,0.23565918449404172,0.11210534257767835,-0.9947335585072582,-1.1445417600839896,-0.2830658147481885,-0.3530110607822448,-0.023280275450018425,0.084250610247915,-0.33495186787450537,0.8248147167186075,1.0270436316793619,0.8458999068136613,-0.21853877088712217,-0.2168001222069252,-0.5392826748418126,-0.3288531706887212
0,1,-1.218849753665698,2.270561302438128,2.5164396989372295,0.0943310008177198,-0.0793227906504946,1.1683885047973197,-0.33328395581317094,0.6980608259804445,-0.64726145054322,-0.5465413385473317,-0.8943730042356519,1.8930709378264896,-1.3829922579797511,-0.5171870627452302,-0.4629815975507582,1.351126368991221,-1.7004097191264813,-1.4273305285079185,-2.7321450771966456,0.6473356196916967,-0.053436289164194406,0.33518936245959885,-0.30972159787402487,1.210006421825988,-0.38547625529971596,0.6561102907889826,0.012853971028092482,3.1094496991815976,1.5142453767497273,0.5609230387483698,0.48261288781290934,0.46593577480119613,-0.52192019379265,-0.940521201747134,-3.4379645120153888,-0.37857767465414105,-0.4359956052500432,1.0324470623631707,-0.9432592301883154,-0.7295670407297227,-1.1033392163464868,-0.562353914666219,-2.2051944662099823,1.2287068134478778,1.6482778288447584,0.25877442164717157,0.49262299438936247,-1.4970086967672718,-1.094932762497449,1.4350110166721919,1.2379206913947902,2.989318073567316,1.6877975964420842,0.5652429119583599,-2.0199202424683538,-0.5318333073220737,0.570958093596552,0.07019169589841055,-1.6492279053490766,-1.9856622189989674
1,1,0.571497171020006,-1.4100502783963462,0.24738438414902986,0.738015834873624,0.10966731381047731,0.8758760325679075,0.4510593076687232,-0.9776681184470215,0.25778048497365996,-0.19114063603919784,-0.8538422646825808,0.14653106023691345,0.1291084064432535,0.4078357516291329,-0.8057520137254093,-1.032962860504752,0.5359198113056598,0.8421224907059351,-0.5962829359260465,-0.0661794202341971,-0.3306980290353038,0.002966853023108154,0.7506559039059377,0.6789545921912166,-0.3418735916506093,0.7674361900990243,-1.1779177062225206,-0.14256675075021977,0.5275390998818993,-0.06886992142027429,0.696627582078161,0.4414575562336594,0.6399057763479152,0.16020536931162255,0.37434960820198043,-0.6169810309101265,0.0827725039459155,-0.3767702418174304,0.4030918141640023,0.02749531888119676,-0.2205358651131443,0.27708079835235566,-0.5681697316795454,0.5263191766035888,0.9450696103255455,0.3973880447387558,0.15672073151908006,0.3412510466131735,-0.7809159595495904,0.7177413634327721,0.8085060534430701,0.21621493183787868,0.03169311079676372,-0.3251003234086503,0.375211703884707,0.6421507976020127,0.6326948753997883,0.13669151812896657,-0.10646636864451291,0.09686929811686164
0,1,-1.108859003913521,0.3287009001387081,1.723659769549667,-1.0483044300675217,-0.05147474513205114,0.5097997225637773,-1.1963645383745947,1.4459095904557882,-0.4152482524598161,0.5056902600341938,0.18538806933036306,0.3276241685509163,-0.885758672437384,1.8057246954666444,-0.15601137916790195,-1.7059631659081222,0.3814735966576486,0.3965719311682751,0.06871917966107516,1.4104522558894754,1.6973320553114464,-1.1169051457395556,0.06743965229880641,-0.9388957543616968,0.24470355567897759,-0.9864774135052611,1.6984640974082312,-0.875853051162433,1.6350348869235802,0.7222288390268836,0.661206068630798,2.099621359806154,0.7978410537720619,1.3161439415548326,1.3833339651416272,1.668176110924028,0.45708365552882113,-0.9800491167364498,1.3379366423124324,-1.2980561867718705,-0.005607005938977226,-0.9607269280378985,0.5958319669060804,-1.4944804932479312,1.6270315044633292,-0.3569745604415646,-1.2817006387010577,0.9651615344215791,0.14682422356490574,0.09032400743061436,0.08367015800467975,-1.0653533720124446,0.28030127773304514,0.4344212946432124,-0.6177819861313238,-1.689061462421266,-0.3574862278411294,-0.06347416102261476,0.3051574888277142,-2.8198256882063966
1,1,-0.9322107891750101,-0.9189470410181355,-0.27148123464288065,0.6313868964735497,-1.5336021088667793,0.05244368415620912,-0.5189172935449397,0.8516218049060784,-1.0308302880679265,0.7373965721893505,-0.1552292623234831,-0.605938468032937,-0.5662248167551278,0.6647340122874366,0.4792676443480009,0.24164349408984287,0.1458715295461113,-1.378335509719543,-1.6569457282659004,0.874596306296176,-0.4440462301316995,-0.23823100312311757,0.04323145176256869,0.9388707813598495,1.1871004861904448,0.6088259083887126,-1.3599471793009312,-0.6836930773502746,-1.052431224919674,1.7401045094071128,-0.6296514309102967,-0.6460353751484337,-0.041427461098281236,-0.4595229546410861,0.9533514907807135,-1.8065901607614074,0.6227645206234288,1.035033499598823,0.3565672923137062,0.12729588137577122,2.4023147466823587,1.7906588430361725,-0.5247063776068581,0.17627097932635183,1.3153961950088795,1.891593137721572,3.062973432751598,-2.0263768716503834,0.8849456269752459,-0.6295001117737855,1.492086875044739,-1.9384698079609541,1.0436455174890926,-1.0500763060689577,-2.098410451118854,-1.6942974087688822,-0.660306137283541,0.8203728973400061,0.4889012240905704,-0.3375966796530582
0,1,1.2026812762685701,2.087881270149435,-0.037344072323253256,0.6500572450685551,-0.5624768591519806,0.7358894288899002,-0.25238329534487164,-0.2143677020619829,-0.5096573337891677,-0.3263522791372596,0.3979960332427416,1.1494736837055766,0.577344808225504,-0.14800901291571775,-0.3042985202699492,-0.34634143476736545,-0.7375403985308092,-0.03896716873563419,0.1151094737392653,0.45822080150957684,0.7069782500471318,-0.7553410050034818,0.02792472978258673,0.448945895445197,-0.5809283213350265,1.4459492198699642,-0.4023565385779021,1.0401442066895714,-0.5054900272582793,0.45335831878187893,0.8386333890051036,0.5233580866444252,0.0875933778772925,0.8965552978944059,1.0475892151721211,-0.4916621654985009,-1.3511955416874186,-0.059991217815174316,-0.199036987469907,-0.5190035018178449,-0.24878638436698589,-0.6413923115534973,0.5242109384574755,0.031047657114305717,-0.3990733074860946,0.2792414995817829,-0.4688921177598504,-0.1835072192815658,0.46050045309882587,-0.42627646102740585,0.7210073993247907,0.8723782919369716,-0.11228972695147584,-0.8428062441415879,-0.7431419460529647,-1.2876141464622937,0.09199702882430498,0.24099336997094886,0.7202377948297988,0.7434414683087571
1,1,-0.5989995450683678,-0.469551936652426,-1.0246302445298596,0.6143844931874639,0.36172236438491434,-0.8777772525141841,-2.720651232587747,-0.7428434768743717,-1.6517593229139933,-0.15285683038729764,-2.2388247134374755,0.028269350503361525,1.4176625097018183,-0.2591721327839813,0.5016090927953366,-1.161163418827089,-1.0407785111944592,0.6058828331916581,-0.3791576381243151,-0.6598524611437862,0.2669661310466711,0.5528079038152871,-1.210610662365818,-0.4908536966525237,-0.08238749498602538,0.46600867983062216,0.4848474157188768,-0.354553515466086,-0.6830115579431694,-1.0177982593130026,-0.058300777110895104,0.6128595591390409,-0.657460095684412,-0.2698270936209415,0.8827873823414464,0.8047329359245289,-0.5407774189324817,-1.0854074838713519,-1.0445611230188745,-0.7958811953106554,-0.5506860011996195,0.8879458502436595,1.2142659278376768,0.3611518672144469,-0.116991541373783,-1.845547164060945,-0.35544714096924274,-1.5396222397098436,-1.4423278650948848,1.3669492144107138,-1.4561276620087424,0.09931237133181799,-1.2715159824899525,0.5597055575028415,-1.2185183425534791,0.6554348615168991,0.008495322218577246,-3.1035725134778405,-0.49236717452164636,2.009540371558036
0,1,0.33586700124765034,0.03376750145616063,-0.43030538794356005,-0.3829377646159314,0.9179347443442962,0.6442154484416526,-0.29908996811671107,-2.031154971861462,1.8478409167778382,-0.43261949120972776,1.1984555735969349,-0.7824449584803577,0.06434156367542618,0.23124726851721003,-0.36629256381546854,1.405783306331959,-0.29582048521214543,0.5716480603783922,0.7451281572711876,-0.9152545520085339,0.25992220872178573,0.025880021694387637,0.1386131078535915,0.08725954927833929,-0.9567545841890466,-0.037094663855303904,-0.18224930186457583,-0.5967780556632628,1.529072081652662,-0.42712599950660796,-0.5120415732548362,0.10032595762117957,0.035107121391589356,1.3395515820150685,1.2240718468649832,0.6428859732917198,0.018712148074197094,0.18316668866006644,1.0769509272482067,-0.4379802609866948,0.13705671258291297,-0.10534137031950513,0.40569029185154454,-0.4220442588163835,1.0332647582978134,-0.40304842445280975,0.3767821923734498,-0.17369655092154665,0.5893117242996928,0.37343725471453626,-0.31330016070680505,-0.29576072434874295,-0.1764629250850416,0.2294142975658559,-0.2324999330439782,0.709236042016725,-0.9009593907940947,0.42184902700353033,-1.070490797561796,1.9489012038368878
0,1,-0.32785148367688804,0.02903532714468174,1.8808142238871255,-0.8899581586248105,0.9252263119619936,0.023814549874412047,-0.49010926477328626,0.14119290259676373,0.5085246430890606,0.5967348577122399,-0.13059896964994214,0.2892642709154232,0.4520563749903194,0.2957605007917508,0.22427690429844646,-0.6634978453264916,0.23201157588240226,-0.34746422811115857,0.5750785495642118,0.22553713479853282,-0.49175369315398476,-0.8497069477438902,0.45461073181991435,0.2668609951558515,0.48205795055972267,-0.09986828594503767,0.3886127463408882,-0.34637536237672323,-0.34770766296575106,0.5295876204479907,0.3971445751704834,0.3066066852506335,0.45411014576007547,0.12443898704148892,1.0682731992823973,0.023151157602646816,-0.36053359856280026,0.824605504875075,0.4063644133473037,-0.8692045999200334,-0.13730462581010763,0.8249430462602046,-0.07965325221561524,-0.418794253012477,-0.21354329528153482,-0.23922405643960698,-0.02585248540923291,-0.1264599827508233,0.7037294236161898,-0.09588004779210499,0.03958052133227509,-0.20017853901829732,-0.8476160559670214,-0.17031694407599507,0.1872104743927801,0.06352800392861088,0.060949968351558775,-0.18521600246774722,-0.5602018524464821,0.260578448695301
0,1,-0.0558554671463793,0.6473193042733092,1.579840106174873,-0.3117838406644315,1.2815516652665633,1.0678503368216268,-0.5599691922388177,-0.2399949606228265,1.09491678250288,-0.4046575198910383,-0.2467563112801497,-0.08010095429489107,0.8901036463036998,-0.354886485525383,0.2773529200112567,0.6191306167482555,1.1701319086391018,-0.49621412317946645,0.5500944347416489,-0.6418968321888195,-1.021945474137613,-0.3374498381309664,-0.31055442836207414,0.5303628193214636,1.2212001815262417,-0.1282402845566922,-1.0987804864953221,-0.6955719884287829,-1.5365769993098184,-0.33125107555794264,-0.07269684133713342,-0.8093490186283173,0.7408752208650663,0.05635618885635824,0.37936674575831664,-0.34966524552630324,-0.47098394644506314,0.5479149392973547,0.2953870823174566,-0.9490812314354218,0.4516242821918409,0.7320355708336561,1.1242724374346236,-0.9519738284860778,-0.7401615904100355,0.4313267338829142,-0.6860469518150439,0.3324595570115126,0.2504265318083556,0.03812932661820152,0.2793316951639017,0.054798796138435794,-0.2225538757205369,0.30123162020346883,0.1511508851181626,-0.9263012764152191,-0.09941124435866718,0.08335337041477008,-0.5141401648180843,1.6577991217560406
0,1,2.2652865763031556,0.004918725050068724,0.016974243101857207,-0.8639139060373436,-0.35905159648154916,0.7202709750280161,-0.3819874377739792,-0.5675553776255564,-0.5434309744039564,-1.1737504806413253,0.034382448741049086,-0.9371772225258571,-1.215697622926145,0.5476055117863733,0.23847697464875656,0.3118917157109527,0.5536840919643774,0.3340872904026977,0.06300471104471017,0.0492658285885144,-0.08837727565257077,-0.07414311052554655,-0.30978379001908984,0.0683443578729532,0.26323104250594576,-0.6825877828106812,0.4516746034624186,-0.6961037192973104,-0.46779955353854114,-0.59375313562578,-0.04129194870800291,0.3652815470097999,0.003955143556305426,0.7610145238462569,-0.8789814883824184,0.0062409557232555755,-0.13484365302874987,-0.3691224226345956,-0.9372936255842323,-0.05081870020915581,0.8685779627551914,0.7467527135004931,0.06723509974115902,0.07172894685026786,-0.29888451337829886,-0.10990158766961251,-0.07948722224604443,-0.5830882191156141,0.8757130465560364,1.2049449799432983,-0.03865408533546446,1.0739659636862575,0.3332398752646738,0.28126567673642394,-0.06600173199881078,-0.024037914639778973,-0.25555806145813414,0.37705027313427764,-0.6650827917381157,-0.14741838759878823
0,1,0.2168138112315728,0.2525471592472558,1.2349259136472557,-0.2431742017592356,1.6957880139033947,0.2528630595189922,-0.30061871654156563,-0.7130445264969218,0.682520335554564,2.0068578912017876,-0.7524620118963907,-0.053310434300081866,-0.13247454773691242,0.1061715254180816,0.3147723078900484,0.35708340498708285,-0.027309923834820223,-0.3262931935890165,0.37675313796984755,-0.5372005060588076,-0.040626452457232835,-0.2527164378808797,0.27658833195953136,0.5406596847109894,0.2691521253477741,-0.3668504209922018,-0.041195032607046655,0.08037991082121806,-0.6863634702278021,0.2809232668654826,0.8605597958233285,-0.7602320523328125,0.5959149200416638,-0.48957246192286097,0.3696642826952785,-0.25619385815962725,0.03564145292517929,-0.29142260094187755,0.9296220687432698,-0.6062325101979742,-0.02521499082253966,0.45452212377625434,-0.6149039656304649,-0.0913717033747108,-0.3633075435777422,-0.10708342299747724,-0.39545892900816626,0.8312280792555738,0.059685907905144185,0.45011246310421077,0.529189009686436,-0.11367078723460335,0.17008176660450103,-0.9744709524804639,0.9246686870353944,0.2034979735293056,0.0366491959740649,-0.22229272301523656,0.8897414012747431,0.7996926723299473
0,1,0.7476082949239796,2.264863781484928,-0.5267378025045452,1.1354070941284893,-0.13106171232435804,0.6827311896736782,-0.7859843095004438,0.12101023541643918,-0.584693971143244,1.365579708580603,0.2953904495212187,2.4068356029701508,-0.41277164258812826,0.1393941460410426,-2.5842268116889455,-0.09180246847135369,-1.1373382319050431,-0.8003073154887801,-0.7699251401817377,1.5809725816333535,0.3381335836644683,1.9292308253789283,-0.1449336444412964,1.470297570404082,0.5267235203126374,-0.6037518349660265,0.42466584857291967,-0.583383202236322,0.4495027658006232,0.5005938898452067,0.5183131306613674,-0.0010847575533403959,-0.9659050575050496,-0.6787493092910218,-0.15886483651037867,-1.1887804785388856,0.7271881581630246,0.17161405735042476,-0.2577702917434954,2.4659326903595553,0.7502134576370759,0.3786487524885481,0.5853195788021428,-1.2663682796575935,-0.20404246850057187,0.8270270709138133,1.601596044892748,0.7138700460313365,1.413747781258475,0.5457949956372445,-0.1707937427550323,-0.23832607279673926,-0.6268386020755242,-1.0111459446234028,0.5362921345640815,0.8782618911440693,2.8992148428460975,1.2720750700168497,-1.530078668651042,-0.08263050717506353
1,1,0.026385427566924777,-1.5195813052001554,-0.029286278571212014,0.4501159518516444,-0.7789834271482218,0.07445776540240986,1.0806383305379919,0.4247235903105671,-0.8658242548718705,1.0817300445337676,0.12275086422332124,0.8479338278616277,0.8182750905847178,1.3532577662178242,-1.1335973636660337,1.6636266507461184,-0.16232974429263608,-0.5690219645501945,0.6801924918116976,-0.7677995696578478,-0.22359901530570633,-0.5565835710301931,-0.4939418809269904,0.493834118073837,-1.457028428353072,-0.07744412087410381,-0.7081914734450759,-1.0698447907113366,0.21415632857727857,0.06496314711743047,-0.30587048706301867,1.8027287693236305,0.37675092712694147,-0.12137903865357645,-0.3644092887238833,-0.5563461026830044,-0.38222257563319917,-0.16592395963002696,0.4547647266526796,-0.6761951063646389,-1.1310824674761562,0.5442384461159729,0.9588416904225503,1.6426590329336384,-1.1317511356347,0.9461818094966439,0.8860476782117945,0.6552855423799364,-0.325929987632002,-1.5981012548659095,-0.663373915235619,-0.8822542093819649,1.287909663383381,0.47657237339818287,-0.2907973067292486,-1.0718532332489688,-0.08240856861475244,-0.6499124044603555,-1.3156424457075933,-0.015456439146691894
0,1,0.062456788457464336,0.44755282465533525,-0.44348803123412117,0.626974489534792,1.8422862679698062,1.2161066764973807,1.0683252279596396,1.9041516339602964,0.06454656292014326,-0.0029899178936635316,-2.151180233131778,0.5852535271386122,0.02445998737231422,1.1853272965396244,0.44911327349189145,0.6364152048418963,-1.7075200001370867,-0.7508127067606438,-0.3804082355062045,-0.5258527574202903,1.224032330501037,0.45663471586259957,-0.4891989357595797,-1.227187146130793,2.7313549384581615,-1.3270615166152617,-0.5498266245140991,0.8153437266591047,0.6042463054676096,-1.239912443477687,1.1577772928872858,-0.3135717449002671,1.613757975829166,-1.2960106477950357,1.742167573769172,-0.8656699863532362,-0.7485180663460598,-0.8112129983227955,-0.2859274064349648,-0.21737353225084965,-0.670847896342531,-0.33078359050624584,0.4756011679826236,-1.432497030973107,-0.8234145498943827,0.47127329290428543,-0.013456126439467754,-1.3400068254013957,-0.4829808266327992,-1.3235772894173106,0.8961734544284558,-0.9732369802063677,0.8337313752588797,-0.3469573147713344,-0.0044863154692962445,1.0184950437739058,-1.017382563940594,-0.7748346250511587,0.03469446576543281,-0.2347297071485886
0,1,0.10926478918320118,0.5174086814824134,-0.950717891066238,1.0217834046799277,1.6774507300923343,-0.7296569587846334,1.3494060544190796,-0.5734317885024628,-0.5360969644204487,0.5033022100962111,0.06844852945898826,-0.28192014128483045,-0.6882049823630279,0.3855240114312336,0.49290336919254735,0.1774552017712891,-0.7070380406267467,-1.7003045637682126,-0.462683938165666,0.5704737143052829,0.15495349606186143,-1.0282015526299229,0.4458933898514996,-1.314033953884765,-1.0185167530804065,-0.05726562211072233,0.8446740455728612,0.3727273374471219,-0.44627669158958966,-0.13927772014512005,-1.1388724751283703,0.3558105005378009,-0.34525942339655086,-0.46508461785873567,-0.6559413711540645,0.2402295393511508,1.347919906091028,1.1404579335154876,-0.6380358242389461,-0.16766955017325674,-0.571169763660245,-0.5972281115468994,-0.6639215536039018,0.15646324311709983,-0.05919456700209496,0.35158690582158314,-0.6271862290930166,-0.5180361025457836,0.22598728657478329,0.4392065577867974,-0.08279479289378004,0.2108606697913077,-0.408266134466285,-0.01774683062707707,-0.42300532858411133,0.33718297816162646,-0.34711335643454394,0.21244715913714468,0.2428249307156543,-1.130716561396787
1,1,-0.48321039240836505,-0.7208026297130007,-0.47739232669674736,0.599563941449231,0.3528675666348484,0.0028092501887711264,-0.11397021056206134,-0.16833878224206247,-1.158742010031886,1.059535730217886,0.2929630587923421,1.2919673071339526,-0.6626195289157465,-0.7718800654717545,2.063585042948184,-0.5218783372074918,-0.513006229675423,2.7683073024196614,1.317666442924575,0.8893150422431296,-1.4246139335218113,-1.9137835427492509,1.2831431822631147,-1.1034577181738834,2.1641081054617994,1.4589088207297116,2.1719641462262804,0.9870355062539511,1.1807250128953088,0.821041519592272,0.2798473916724036,-1.355980615982076,1.0005492464678771,-1.052574872507715,-1.714609518975132,-3.412859955175922,0.9309319641471633,-1.5918215989137947,0.743785923219041,0.34681709025509744,1.3735378280126325,0.7509911996099166,1.8488935417950103,1.2896494984465805,-1.2296564865416488,1.2805116867287918,-1.8395967813381748,1.3546995935693256,-0.6224868224309054,1.2360435605483377,-0.2790605724137366,1.0951400739516817,0.9358367498036487,1.4493286073309324,1.6533359196195456,1.1517459474141467,0.9966646889054109,0.7849478587559825,-0.18358621420016774,1.00663578381797
1,1,-0.9588351312690389,2.23288820074985,0.3408837444957426,2.0817801180974427,0.08947118514947448,1.2302072749314246,0.30017931119573626,-2.3597619336742808,-2.1272931732895755,0.2296347569619923,-0.732326691609586,-0.726554421715989,2.0154850312094483,-0.810837182229552,0.7074847429998835,1.4972451809841332,2.6377153512646307,-1.053196801453611,0.07206565251313128,1.0516302725586104,-1.000730959860232,0.4211442729771311,-0.9304508869640654,-1.9438150946158355,2.86214043739881,-0.25137122787898913,-0.5564667817072937,0.0648140542610043,-1.3711124296529444,-1.4748125025530006,0.7443078120649795,-1.1966497533199005,1.7696983037700176,-0.451234575729478,-2.9444675498227775,1.2891341957353635,-0.8978399537484126,-1.0555286127448538,-0.9190173326189457,-0.9004508624350216,1.2739183149660789,2.5787163788401237,1.8506296284478023,-1.027118937178667,2.3144332271298937,-1.4423430183676527,-0.9284493368213373,2.265895843718167,-4.3375756119567574,-3.8493990587529145,0.24950969109901638,-4.4733322560716955,0.685201227156126,-2.2594026269525647,2.433983916430664,-5.026354433511015,0.14489199067348005,0.10795429962600674,1.3365263439172979,-1.7895827212991715
0,1,1.7018248740932396,0.8603534215336043,-0.4796135613038853,-0.10533079275380941,-0.4281243934746484,-0.10293858324345437,-0.3112528406050296,-0.5670743650626656,0.12151978363312312,1.0863332792153595,0.39464322961771425,0.01714598591055088,-0.1275294483536583,0.11764969436372817,-0.2610583766633221,-0.35346830652874844,-1.1928228560416634,-0.7525688866073578,-0.08787334482709915,0.1882030069900776,0.0972594145910469,0.7660687189360218,-0.13680615687193504,-0.800566789746345,0.6809439950173115,-0.977965510185377,-0.1328429890458009,0.12104730978900971,-0.9014543581871035,-0.8633168763672371,-0.08250591108913037,0.1987024313053792,-1.2174737277211152,0.8412271786755134,0.6977904314669027,0.2843067375798834,0.14096858305471235,-0.28936279748137383,-0.7781400971336816,-0.2656046180917992,-0.7341187155000204,0.7449797786643129,0.2616140048304605,0.6650771717861707,-0.1937949455299533,0.3700819810895608,-0.7464212040609507,0.07357056442811061,0.6401742148713264,0.23941761502110706,0.5080304120355003,0.6544830918720508,0.05898827862157609,-0.8482259199587673,1.088463696129791,0.25442937529463017,0.3101751377160647,0.6537621631466233,0.32561748194022017,-0.5241839518403187
1,1,0.05588601697518948,-1.073636126775001,-0.05231817653403359,1.0083971895457184,-0.04700382059531982,1.1469940846202669,0.7072169119411102,0.1861563457033745,-0.4154003025138912,2.107632039639544,0.45932306034138665,0.28047232252699184,0.7729888056212628,-0.44059212891005045,0.9547930929694891,0.5642756674905371,-0.5253802585853511,0.4007989435410061,-0.22595123264959505,-0.1747002327828303,-0.8736919268777285,-0.9856462802140467,0.44107090842885466,-0.031400320599744305,0.018242739838906497,0.2304097171059222,0.12269702175055032,-0.6732452924188972,-0.30539182220263056,-0.35405211429677474,1.627561344062664,-0.5873822435999566,1.4733729647333604,-0.6373489282958974,0.0807512440223773,-0.9226249204446092,-0.08867928404322832,-0.3541681873896644,1.5138697296561516,-1.6046451337038024,-0.5340448253110665,1.8257700521028246,0.9788715550873849,1.7250976109722365,0.33394243174464006,-0.6323017066364836,-1.2333822550388482,-2.5746505470760277,0.1905582900311161,0.2331671457044115,0.23849486315719054,-0.3967526393404837,0.777329199562978,-0.035237736922055674,0.2452555887378381,0.7852799372758277,-0.43714926528959075,-0.7308143829786129,-1.0474031303957618,-0.21422654439507113
1,1,-0.8422675749361102,0.3813396069886154,0.345527172474563,1.786939931653248,-0.7242144262514244,1.139089876699846,0.8103892783495228,-0.6239445034269182,0.07794736837665801,-0.8441447354173447,-0.11108148413822407,0.3076400417258662,-0.26991179592334374,0.4947456304082561,0.02720812356812647,-1.8258614631727146,0.38833237435684226,-0.3722951754023902,0.3498951117579691,-0.8141737792431282,-0.9784167685826775,-1.7723253609710976,0.06373679236309054,-3.846588686202162,-0.7769754867102863,0.6389020416570241,-1.625982224839014,-0.5473046776311606,-1.1106649025730482,-0.4130989721703114,-1.1636279104740155,0.1064685879827653,0.5042033887735304,0.3105911964472302,-0.20535912363786057,-0.457288392718848,0.44590711817459056,-0.7812665378811776,-0.9793187786741316,1.5001784185908391,-0.5421193199722543,0.9933893472250683,-1.0385024483978134,1.0270280556261075,0.0565623449885745,-1.7898534324497906,-0.6116718376125568,0.8862963184541561,-1.8291178969893915,-0.5301846684816885,1.6515715356899363,-1.629370323669932,-0.6591010085397876,-0.8739596679076579,-0.7286323472556246,-0.04931544781830738,0.5771510092142023,0.5127996939614814,0.9376480448951877,0.014427089734896825
1,1,0.8846108216703542,-1.815234225217308,0.6448634769494718,-0.7228725914788979,0.378742039985239,-0.1042017504059025,-1.2445560867321792,-0.36907439570148837,1.9077808939418712,-2.2734581717059155,-1.4760357505563981,-0.8780445386741847,2.1482388405070187,-1.018597501506776,-1.9209747222442781,0.5256245423710586,0.41931991956949527,0.28379229605358647,0.009701545761314505,0.8437057533389302,-0.4871555533557954,1.5304625374507164,-0.33918755606849094,0.18081841858389847,2.92976926552498,0.2908016215448712,-0.6143760349474575,0.8426039470146212,0.24575950750179362,0.8630365064405381,0.6012711227808519,0.7977469118480166,-0.8869306237511606,-2.1568713654885787,-2.172289974462174,1.0378471625232562,0.07211286309514633,-0.4258206861297026,0.3582683567696019,0.19138525576058008,0.6498610425601028,-1.265004063475419,-0.1265501337522612,-0.8551478331683486,-0.03304875929342447,1.278698358315751,-0.3565303580747561,0.17550990008842876,0.32109775346797115,0.9246974469609632,-0.1382975506645195,-0.2140436484497975,0.6911272843690675,0.40092862267917057,-0.24559173717950228,-0.2665507728842936,-0.5652611048508918,-0.44421470527053813,-1.1196652483176432,-1.365472318470588
1,1,-1.108333139422404,0.009161459061928355,-0.47816240010783634,1.4179773480741535,-1.313633250488019,-0.8050084741124105,-0.755598385069672,0.40533363992087457,-0.2779314568680336,2.216616726148326,-1.1489455674272875,-1.367319525508744,-0.23037837256424384,-0.37499821010966367,1.0204502370493285,0.6199907493554445,-0.9094557472386066,-0.01892930793393291,-0.6753825147961552,0.9413318253846126,-2.451765179420428,-0.15154145518958181,1.1467379815836356,0.4790923040825677,0.7136356213243475,1.5756859795942173,0.0575045928025977,-0.8785233588086379,0.12356618733708592,0.50855578413263125,-1.0543287243418682,-0.8975765845835044,1.5335994025982107,0.10607402129294602,1.2352924239631773,1.2387090743167983,0.6647123613812836,-0.11154527364847541,-2.177415515442028,-1.015728593395303,2.545874478438309,-0.3226613238204848,1.3114792207799353,-2.3216526381451796,-0.1741759196672738,-0.7433205196669412,1.9860626519653601,-0.12160813669227116,0.6316094539933212,0.7035673235721657,1.3184928654046268,1.0123393298302883,0.15093658320782374,-1.6706342122401692,-1.307546682880225,0.9700117520691934,-0.3281479002279312,-0.14268511982246365,-0.07925304186781797,0.11670716155167196
0,1,1.744163461107791,1.089923751658994,-0.05068171286962257,-0.19769121902937353,-0.7416519291013414,1.3982270795568221,-1.01608988143051,1.1991631291452918,0.6716713931009349,-0.34641913457475537,-0.7868262543811669,0.448673517297971,-1.661069557800715,0.1103249543214726,0.5872779572269158,0.9920942480223716,1.5903084531343064,0.7193489384005449,0.12707206645015845,-0.576298803453984,-0.6863667023037648,-0.46422213633322434,-0.3778698989599837,-0.14658767775746212,-0.1071963133251823,-0.4882445820230026,0.9303558912239647,-1.4037536136550384,-0.15440254043101928,-0.15464590366416045,-0.27012382179679234,-0.43513854395383683,0.9920849964048787,-1.5021369695785236,0.2306680220900864,-1.1005210586879433,0.4911925446342793,0.9564169298570377,-0.7237030563359655,0.4130142463866663,-0.1773545572834361,-1.0419555014247885,-0.5778912137113869,-0.3656802309706207,0.41251927698160235,-1.1626656643192712,1.1456305824994129,0.012484360565348379,-0.21340928758644198,-0.5585537272169295,-0.2019158662453485,-0.8739439135953194,-0.3550690292259821,-0.5530840986142435,-0.7007008102666722,0.6931281072826797,0.19350462563324033,-0.5969946186351582,-1.3571361289133994,0.10184299638751294
0,1,1.2021329804027137,2.3447602096653837,-0.15775396822171991,1.3131453499581918,-0.2783310386258353,1.9945890345340713,-1.4281437526214245,0.0860803627551752,0.8929164126167405,-0.18475012648146533,1.1883911114966288,2.2060208534702195,-1.649456046842779,0.563411538712097,-1.0366407218809333,0.23710036732515458,-0.5085452278065196,-0.7899789476981366,-0.4724669378936634,-0.0834283969159993,0.8525730949129195,0.3390075082077575,-0.07024825094073693,-0.257468426772948,1.339796484326061,-0.75562219969208555,0.003318136755891317,1.236718481342117,-0.028595060496976046,0.6979621815123167,-0.46368198013187367,1.5066522783346805,-1.2063496841078272,1.6740765550249435,-1.6901024508538338,-0.5055910313855448,-0.05899884278375812,0.452899912972332,-1.5204113546493156,-0.5528241458246145,-0.2666206668879031,1.0593370414724015,1.3210832311970564,0.2240335572364738,1.1013979213864482,-0.41437634777287286,-0.05417094098671018,0.22969820210101105,-0.039450131728736314,0.2475876260840456,0.22654005892062665,-0.09051003081652652,-1.1278071698950765,-0.6476506171597238,-0.25584724567030626,0.35409237112969394,0.21855234406176674,1.4082686263507669,-1.1241674804309383,-0.29143735041634533
0,1,-0.051355873906172494,0.4751633985183799,1.8638036234049609,-0.3994690220555189,0.8797396397571418,0.44064781588715646,-0.9371370332372903,-0.5675633279834271,0.605745294311921,-0.4234546319297292,0.4264264383883034,-0.46760323254684155,0.9829077623900506,0.5860500584322126,-0.3338777880037339,0.18035590118902267,-0.14536409664434727,-0.4136046507059381,0.26772611298739485,-0.13798471345773017,-1.8051179933034351,-0.08827715266596349,-0.23023270215433925,0.5567510131223053,1.1606160291976835,-0.8321224133907228,-1.4732879665205714,0.6197350391778781,-0.6037559534525421,-0.4665795566115928,-0.05904624852894546,-1.37170705231782,1.3945733906593494,-0.26337696493332946,0.5317993497297784,0.39671734551949667,-0.24044296388840936,-0.5489588130272455,0.5751384786649966,-1.0408426294739606,-0.8643606112609524,0.7020574044914869,1.093673433930758,-0.8776665124967461,-0.3755651577215961,0.23180135955765746,-0.2249642995753638,-0.3549386610880668,0.25988788019573195,0.6638429001829402,0.27549275244410054,-0.17030812764373904,0.5865502467185953,1.1209773292982956,-0.022223240543312466,-0.933006826102073,0.28528302442432407,0.0058393804481317695,-0.5101194973897714,1.6924307367130271
0,1,-1.1866178884284226,0.11033446961079739,-1.3837452930603769,-1.8766785393900185,-0.2347327350305006,0.6277767521193509,0.24567485741109632,-1.5492979636709212,0.05660048168054028,-0.061347117422435184,1.4431713030795745,-0.5689196115756422,0.978263420335837,0.5748160369017606,1.071939951590886,1.0618344816069718,-2.607409175290094,-0.042301078460034745,0.2346418399383976,-0.05413971010374802,-1.4189796899088094,0.41679636348042226,0.009944087528019176,0.06249796491730188,0.4916552589782736,-0.5339241558521245,-0.2908387758317175,-2.0871479123354133,0.29044382986949285,1.7085371694078502,-0.25299659846650013,-0.5362429696575103,0.2534909703047487,0.31684203354475554,-0.6978166418066478,-0.18730996952968637,0.7294949940904266,1.2288640611974577,0.403094266700771,0.8915283483966872,-0.706101567924657,-0.9414409555128064,-1.7092732504116435,0.8420225329040435,0.6726822975217882,-0.21897301798518998,0.35756061165237835,0.3508202733689517,0.3891632927795358,-0.38267825873117134,-1.11997997205646,-0.333001930822037,0.5995059550854747,-0.8208958313576131,-0.39076388914515164,-0.7117274052714637,-0.9015338048367256,1.8202304466967276,-0.5777670283127576,1.183956877035737
0,1,2.026300567449248,0.3766543134949971,-0.06526076224565905,-1.02634730093119,-1.1763123214478814,0.10105901144664266,0.31561075653643567,-0.024565573126049695,-1.2574160735894866,-0.43346468612261907,-0.726662563155049,-1.062438404258911,-0.6140646258395049,-0.42108451055178137,1.794112732482832,0.8820993578326161,0.824791962844059,0.24676168209234706,0.2121363583981464,-0.34990661047223126,-1.1800011835881963,1.0587792876784263,0.29586682843269563,0.02278057399049753,-0.3635514556549212,-0.27360796678492694,0.36347517565230336,-0.09187863507094973,0.291522395082544,-0.0030731778889370445,-0.19091618519984754,-0.1312557672139686,-0.1728348537353245,-0.034841289836344214,0.3875126995562325,0.7767862847572244,-0.323407570449202,-0.2513298386349236,0.4077889486163448,-0.2133232330691421,-0.5001329208409526,-0.5227023604447764,-0.7897103605001131,0.07305461962076823,0.15089134292258743,0.7407686213949893,0.6200960931165698,0.13176803507076187,-0.37012068379033963,-0.5297735834500911,-0.18062338255352214,-0.1335477816156863,0.09375094246626087,0.2983498246370344,-0.41968419848386557,-0.24894068617670528,0.4112219393231977,0.03486089693833568,-0.5269805330313736,-0.4258026504436149
1,1,-0.8218771558100224,0.33035848321505507,-1.023275372779829,0.8901865287767506,0.170839973042947,0.07144449859629103,-2.2854973044254487,-0.22198468441965724,-1.5548504449587157,1.325288820859848,-1.6761844964045758,0.19588106670732752,1.0389678753984037,0.9893001075207993,-1.250040208577774,0.7974672736315942,0.4484475126059061,2.1689762319897143,1.0612033300783177,-0.18265518449513857,1.8874343721353126,-0.8561994322863528,0.16375087255153414,0.22269982932057977,-0.7116888850533979,-1.7414796440314233,-1.4538603182806094,-2.0473480923528498,1.2379639060845673,2.38837873222479,-1.062971094146953,-0.5207423269427561,0.6933419244510407,1.0711795275942892,0.6302710405569316,1.4087960838924996,-2.184167366549081,-0.6144961512150073,1.0917251274549697,1.409256629885422,-1.5888581825523111,1.0479079620577503,-1.81072975369579,-0.2960927016129725,0.8116890705890782,1.3903901478811724,-0.6270914876630457,-0.4941785347449101,-1.9989721884376181,0.16602323668088187,-0.314149706554743,-1.1630205028462277,-1.3990108721750425,1.2339405232316447,0.9693514444418152,-0.7438172570608249,0.34805017335608085,-0.25128845745073525,0.5334067924369931,-1.540831900309265
1,1,-0.5625411927970575,2.127812924351655,0.2616769889881109,2.721180192857339,-0.13753057131508054,0.34200254137559144,0.12477585146974127,-1.9457994297407115,0.6769641478110794,1.324230481523544,-2.116376930113472,-1.5184684363787955,-0.29524696184076504,-0.9154641240124027,0.23470974412624054,-0.29970557436647893,0.07673853195076268,-0.9337608169391763,-0.8225174661556514,0.2906649201987746,0.4282995117949608,0.8862303682322171,0.0471926045628362,-0.12862259260075343,0.8255229270586822,1.1122456939786771,0.6829489569444201,0.037514136343193484,0.06289730967936034,-0.06948438991607107,0.8811071739595917,0.58899294308159,0.6303302321039119,-0.417365273345437,0.04334541549607078,2.1531063277312494,0.26734588518707325,-0.15958251206165108,0.32238817242572027,-0.2778772032541425,0.9050080904612532,-0.4217208837878731,-0.8385910657472312,1.5668377585237965,-0.8802360817854852,0.4544926094232984,-0.662970779919573,0.5389656273951542,-0.05411039733431677,0.3691823887490883,-0.706483305181454,-0.25201318863560107,0.8501587422735993,0.07003956097768177,0.2514195949648089,-0.2459358688385559,-0.008575015532403281,0.06791771086815793,-0.4834978344581627,-0.2369297739093558
0,1,1.3135505383267885,0.9100587688912504,-0.7069326674326638,0.5186781289162902,0.5149444764800553,0.92325910990808,-0.9253126032723668,0.8514249005074908,0.8771226159449461,2.34246554597735,0.1710608480181146,1.3767930479848778,0.33033618544949733,0.4821816010037273,-2.1884603550064727,-0.7439711072867934,-1.1699387643599501,-0.3892723713302912,0.8018709904186329,0.3384505477141589,-0.04347819438891288,0.31767364684625765,0.328600901605064,1.0649916123649286,0.191877140333968,-0.14353049927589398,-0.9007713003494957,0.06263675094793505,-0.37634442523756106,0.16498959549692846,-0.6392828965023101,0.6118302185645307,0.2598404003152715,0.983592041561592,-0.181578337851182,0.0285347527885639,-0.9258847160095619,1.3071531238264602,0.10309044793915995,0.22331419105521422,0.5261597658052909,-0.1938913030541898,0.9021791098247024,-0.9249822152609656,-1.1043165109986948,-0.32198615173516726,-0.2749868137352725,0.18762958270397373,0.026831754283752167,-0.08846143745628898,-0.4040902423906045,-0.4471168551974323,-0.30809525436196455,-0.7836654741740324,0.3025515523750063,0.8071211801300102,0.6588090886449641,1.5270704375587612,-0.5988359772675,-0.3236917419702027
1,1,0.024506647952618026,-1.3733323623468543,-0.31113452832504007,0.2637987191383612,-0.13942494481261114,-0.5103302708052516,0.3268189637341471,-0.8788584175825148,-0.7192904304102458,0.6379369614355814,1.0766832039492293,1.2677275704409614,0.17174944163528566,0.18167465104684516,-1.2641320011949606,1.1613005188655674,0.33237814094606843,1.1080347283391963,-1.4655616165010323,1.5752630564170693,-1.4458108912998404,-1.273084531118454,1.8826944115563777,1.0710811901361004,-0.374939849851274,0.023878466289873324,-0.08627312906549398,-1.1510989786547121,-0.9661460937909223,0.49255736493943414,-0.6701541531646763,0.0262205048576541,-0.7864615793481928,-0.3938943318756801,-0.2761740342222058,0.5284168327724347,0.05625107863158597,-0.3470010985254767,0.2326679936677679,-0.7998357805903235,-1.6506457254781293,-1.1953217230834627,-0.35939741207781506,0.22621669112058043,-0.8852383252413635,-0.18842462852664207,0.12075521463597347,0.5013681501707747,0.08042171624184571,-0.6225921002486388,-1.6200333366064417,0.4020314946557915,0.17240217024374568,-0.15802890089238747,0.61168933438388,-0.17749000366251855,-0.9104919385959451,-0.8611938389338708,-0.47089386425262364,0.5418956995678662
0,1,0.21438687567882203,0.0508245038288908,-1.087743104663225,0.5068866632313516,1.7571453058960247,-0.799320473033837,0.16396953336479864,0.5627972660609509,0.4815246988194992,1.5976838343874915,-1.0602512541063946,-0.06479072027385757,-0.9515352769195448,-0.36364926811057785,-1.406377087129826,-0.32606546284230575,0.05693026914221316,-0.054201932671631724,-0.8640881560170499,0.31857381991053835,0.25076522725042627,0.3659266423754681,-0.7702966189128457,-0.7087406791637971,-0.3161234334595739,0.048382426723520104,0.13218965494994045,-0.30499072936059496,0.8854731525498656,-0.3163943968465273,-0.14722655535090098,-0.859927339456144,-0.5891382085430987,0.6102873882995806,-0.6858015282881302,1.5710506292390345,0.2137764520494656,0.6226985945184882,-0.1708695927112314,-0.7464511736300908,-0.07449415074852865,-0.3080265809090087,0.10644226218521294,-1.2136980564337396,1.7490507648609626,0.6618870285794528,0.5750794053602601,0.2973925168116595,0.6794088915174101,1.333221888896771,0.6956847273026237,0.04631973244046492,0.07317454044245485,1.334890745154291,-0.26092822654370085,0.8744389334951688,0.31549015556838245,-1.2789545412646246,0.5579272684246191,0.4652394055614271
1,1,-0.5521405001388774,-0.5758606428795435,-0.4827830286971112,0.539152671522193,0.1706959030694343,-0.0692726798031786,-0.5695356154297625,1.279150637562862,0.14816632657737333,0.17936392731270673,1.2361944417140815,2.8955681861232425,2.2508884103222306,-2.847796916416116,2.6237984707622695,-0.6621492331647081,2.0368936687948804,1.1859394419305,0.655417445721348,0.7447283648138912,1.1319948135193567,1.2396929981948912,0.911036170697337,-1.285875854105518,-0.9070593552682675,-1.639134666746603,0.7207892229473276,-1.5903552339909888,4.1670398238864514,-2.807360612206014,2.144052686418081,-1.336114468251359,-0.005012936437180359,1.0167676513798884,0.13872700328475635,-0.7295887696578255,-1.3356133643027546,-0.8652442755291567,0.17979394498745596,1.8947707471965287,0.35962386881925623,3.6223504079231725,2.0515328457031172,1.9702175961967867,0.31231965500343134,-0.5892934032187828,-1.2884489211163124,2.442109109816532,0.10173471896817264,1.198881505926286,-0.601473968607058,-0.5224303338266744,0.02967339894716118,2.333261147487717,2.0155721493924226,2.00084773750024,-1.7830843927918565,2.0741060804163833,1.189475662654862,-0.19362774954782513
1,1,-0.8619164956178461,-0.4499124650847139,-0.058657554353003794,1.0377686737748035,-0.9812619624934804,0.17994012250860478,0.10274552831886939,-0.38622635118754783,-1.3238945676051617,1.2738467485915845,0.9424602365698969,-0.4363296710118562,-1.0042692869667396,1.1095290482115823,0.4434244553085403,0.0018500551753031648,-0.07876782064423421,2.413397577976319,-0.52305204206982,1.0774986981990489,-2.6295691288936465,-1.982696766906751,0.34597197327608287,0.20674518690161287,2.42598953966197,1.4417354699311073,-0.02270649614462564,2.3490889554753167,1.1727647033814155,0.8381505041044575,-1.585307566459224,-1.2212094762262615,-0.12287561014309217,0.030274302904820853,-0.23076681517478326,-1.3075345906127762,1.8675405828054366,-1.6274781669154146,-1.1496177420329918,0.35266157442780066,0.4118027995812565,-1.3221477318119752,0.8667803723150703,-0.0703286115589404,0.22902462172783136,-0.1174859164176151,-0.3147029073677369,2.158536553899656,0.4593282382853401,0.42692954719094195,1.974064990948072,-0.4941858660965447,-0.2192339188076582,-0.30405004201147967,-2.0369638051288925,1.3874140350107853,0.19423484608300448,-0.5501784869139476,0.6633915702528118,-0.6011490089617314
0,1,0.49495529707728647,-0.849690436025036,1.4197488760551906,-1.2434416515669087,1.2169284409273102,-0.5897027448447539,-0.22590994487325733,-0.9071517549401007,0.25763564155059143,0.13580421511920393,0.22897659291249045,-0.26928413931255535,0.17526914459381154,0.1934014970459827,-0.43778266512521924,-0.2976329699488361,-0.10406972269900347,-0.10942935116133129,-0.1649123715401182,0.20165838613243128,0.2771987142981661,0.22464712910947596,-0.3099940652470702,-0.08289750129082268,0.03985829066898973,-0.5315960950635327,-0.9553810721934961,0.08989245588715267,0.5044499593480726,0.8945534863987912,-0.25607090656605275,0.4383084723514408,0.7863907812773375,0.6298958086935375,0.13097283390190143,0.6501176378856879,0.12311346440599093,-0.33924460104012133,1.1768696685385973,-1.7510929520574687,-0.18996832371855626,1.4052754128457412,-0.20967642540003054,-0.16685975894545035,-0.10505337506289716,-0.36939424349977645,-0.8597185196559974,0.9046967282057372,0.9796492469432946,-0.4920822367379921,-0.029003206556015737,-0.8982165221053849,0.0014083288196099215,0.6056830164971061,-0.013895764713482127,0.1055298271254825,-0.46028256738605394,0.12862959104217342,-0.8977634671340525,0.7948768663228952
1,1,-0.5855989537267976,1.5237660161828224,0.40501794584297113,2.1064388916281316,-0.5826525256178399,-0.3131228483487217,-0.2820635755459668,-1.2282272460652321,1.2037108523537388,-0.6315643719691917,-1.6198560119327923,-1.2009760913321346,0.7009390223302516,-0.37726286769021594,-0.5364873555091095,-0.6974403764822038,0.059897836680239756,0.046611699074347764,0.23382931174489596,0.16439215660074671,-0.0046493305343161765,-0.811580835828292,0.5088827676202808,-0.2806585596367775,1.434697079300482,0.8795854802654702,0.21527406831723186,0.014250634731249826,0.0010886982912862776,0.2358652021988103,0.821255049399263,0.8900729580127414,-0.026919438290132387,-0.8515910307248683,0.010183658527866513,1.8576376990650565,0.5040055514084456,0.6525228251901546,-0.38502868154746495,0.29862494988646704,0.5091240426254124,-0.4696135634171113,0.8709390898394874,0.03036021333202642,-0.2169080471567282,0.17091086662783062,-1.1509536885283391,0.053904105631746115,0.6424310828783357,1.180783754145953,-0.34064620563099063,0.12857184990589457,0.8227689210931939,-0.3164108714731276,0.6436292049181416,-0.13916995181200967,-0.9432658370695044,-0.10839735969952027,-0.28888117543178093,0.08743999979988122
0,1,-0.6937363662029056,0.12299356134626707,1.8687195465962623,-1.3123409816426248,0.4756979698322007,-0.2270800828891668,-0.5156060006184663,0.4154199446895533,0.3157504672120494,0.14244443202140472,-0.09961720396726904,0.09299034130602019,0.2476674073995858,-0.05604044333336857,-0.17487250489079584,-0.7849654304900722,0.283668377580273,-0.4931092277433046,0.50657238133911,0.5908295056180505,-0.5239708075082894,-0.5595503605981704,0.6421327871562739,0.7264393075427266,1.1619236495050589,-0.3773432811540409,0.9191206193690447,0.14760031832926465,0.09400139171157441,-0.11151118407457643,0.46280348093517615,-0.08739282036576507,-0.30870763577901494,-0.513352813953605,0.4929553929766029,-0.03459499197480601,-0.3139615028571554,0.5801734159684407,0.07788182253261826,-0.5148592364786897,-0.10946508638194999,0.6537135497630436,-0.2526663474154678,-0.4537214558565673,0.3345151736136474,0.0314779527901748,-0.4215336461591643,0.29175551327231924,0.19503980468802803,-0.18164081324873596,0.012900797740972325,-0.3644816383366624,-0.5645111233200553,-0.9973725111401645,-0.20378278139890996,-0.5628070158392715,0.33999616597335436,0.3317717680970388,-0.8337694065787395,-0.4575453589115838
1,1,-0.507509933430591,0.002689097226637727,0.48765128110147554,1.7623873361152793,-0.848354008348632,0.5099627691814452,0.047486609047159005,-0.050289557673383146,1.4021575269497684,-1.6163339743307021,0.3994217351326789,0.6775803410747177,1.0149794172277347,1.1392617089734731,0.725598458461971,-0.9961570427346008,-0.09841204867887067,-0.34794733633886593,-0.7067893744177823,0.23901136071669768,-0.1263153834622215,-0.9444101645000933,0.8570983658067614,-1.5986531675535491,-3.022374250081275,1.9736410680845926,-0.5329176746522762,-1.0651744735059077,0.5013813669731411,-0.10033812972470195,-1.3496977379251878,-0.22722803562689745,-0.5214579551875312,0.9960992538885222,0.7589892737831679,2.195081083435837,0.016103211828534216,0.5911387269492989,0.5469609344024393,0.662867571372962,-0.1496232674790864,1.0120205243461664,-0.9710860938702386,0.5165679578655167,-0.8953440523186007,-1.170669466814392,0.7374366540496509,0.9319097657841895,-1.7544865567838483,-0.6177190370883251,-0.1729987444018259,1.5235999598461891,-1.5088780798695667,1.1038123378405496,-0.09904394734640574,1.2328593642539887,-0.4781450627690333,2.039081762119178,0.7633130380187595,-0.6133766381941295
0,1,-2.085030268788652,0.4399157626451068,-1.8163957962580686,-2.315469272984669,-1.2496976905480723,1.2168266399205048,-0.4161913308171442,-0.09908103201068753,1.0648296549441172,-0.44970888461395786,-0.12696525693245664,-0.8103723806748147,0.12902382274278218,0.6851585015299465,-1.1929597077144272,-0.28701529276686033,0.07112580653023011,0.3474921784750843,-0.09746657372762563,0.2641726889587529,-0.5524558762551208,-0.69797088880299,-0.16068123671056272,-0.6939082145378775,0.05216454895429839,1.298686225989435,-0.253379315649117,-0.5508216802755204,1.6857945554918594,-0.1195163287265431,0.05746555096919537,-0.4845088383269911,0.7920728360603371,0.8787637203505206,-0.45309874265543837,-0.4826652123793324,-1.9079235841618467,1.7505115252552834,-0.3286305948055808,0.30311431003386574,-0.10966369460563559,1.642425659637546,-0.32224655782086664,0.17351424120714112,1.5442328819679296,-0.15984165273473777,0.6349947006641623,0.7506745793710857,1.343654839734743,-0.8251624114203431,0.6241268690856705,0.027744439288075986,-1.3201596720894497,0.9618080977557537,0.13278601511955634,-0.9622903002541673,-0.44376804351520716,2.7470181967842153,0.748756681063042,-0.6211858299423751
1,1,-0.14446360000847586,-0.5108706188671237,0.2920424262547084,0.94317286215429,-0.10424567937066202,0.9271831152860645,0.47609945465042514,-0.6179264736433171,0.2311688954998751,0.0779948079732432,0.04609152904198261,-0.3808442554509971,-0.1266296036354029,0.19954664972070213,0.3607582203789535,0.05470052060555099,0.5525740694464711,0.7519952287648838,2.278067777061907,-1.6248955483186447,0.800151022217717,0.6075395055451273,-0.32663209910137597,-1.7251093752908362,0.2641172333767056,-0.6875887551804337,-1.6277041428780648,-0.07727322859781782,-0.15782780462363122,1.163440708030593,-0.630214111025193,-0.022488960608925974,0.11442333174504636,-0.3827968277024517,-0.7916147044665368,-0.04773737214851969,-1.1477966559255244,0.2840823233954548,0.8241906601874728,0.6487813809490264,0.24079959071077953,-0.012420316711566981,0.41917493762833635,0.7803396953701189,-1.1125841754266457,0.3130176825791075,-2.1812662478268337e-4,-0.39864123182124533,0.2587159876778127,-0.5352900772034981,-0.7584086840959934,-0.8537433018829389,-0.16753286011188953,-0.6623660895120771,-0.001581068607354973,0.747718893418508,-1.0999546663661803,0.2763838100651887,0.9783566176055679,-0.5005057619595065
1,1,-0.5613560217603519,-1.1574186105328412,0.07389586733949122,0.26932428648202805,-0.9859846073210391,-0.16862737282107035,0.9841480898803429,-0.4594274290957678,-0.9947845023598252,-0.3865588026802307,0.7843727187272723,-0.4215279425542083,0.34100757172706464,-0.5733711840672807,0.163157593186377,-0.9575723664126007,-1.048815272079332,0.2377796804417335,0.5701630109582561,0.16724665220262444,0.761949573345322,0.31470910642456246,-0.6354749445369956,-1.7550790369076041,0.08374891376286105,0.4813266364805638,0.13558132827424335,0.030721362620765313,-0.17577814501608938,-0.6070984311285169,0.9553137730175512,1.73728531008165,-0.6597518108474597,-0.474897049998441,-0.5947950402350279,-1.7341495550353425,-0.28870444972718173,2.614276327974839,2.018904455936878,-0.005716395584536189,-0.3720888989412373,-0.10222542278334153,-1.8079049467900947,0.6261796845802536,1.2590542648351901,0.07056756441220521,0.14040510670791326,-1.0432814129370074,0.897516378603351,0.9567276335294197,-1.8699456818823492,1.9008576025692216,-0.5567722889824162,1.006259996494753,0.13116943557027522,-0.520475293063083,-1.9271574136480971,0.6265252011130039,1.0182643493930368,0.6111414736472565
0,1,1.7515179892142527,-0.1983965218886916,-0.7849634577866677,-0.47364978819961384,0.29366210048064045,-0.6923671640357479,-0.17953575591414886,-1.1764103443736658,-0.7762402878188676,1.1550824156599722,-0.0488415323774964,0.924295377858582,-0.06724711028065483,0.4215400428619918,-1.4555962795204402,-0.23714574298371896,-2.0837997487594375,-0.8713547174713706,0.7532441923917208,-0.1860872075685848,0.09283308470337888,0.9071096706957152,-1.1322855685953155,-0.15908226433728434,-0.6970725787207971,0.63745622445555,-1.145913826705841,0.9269452688758231,0.16654870273242972,-0.06297225068154241,-0.7676835873424592,0.46698669452508407,0.1259988467177614,0.8178174012529102,-0.16271386889364445,-0.42554943693038494,-0.8802464486313709,-0.6583988750925592,1.2246697733212846,0.7934939422177713,0.8497065575857576,-0.4593371051887121,-0.3478388307603088,0.4851910325733068,-0.6698435574021221,0.4317308170511932,-0.537534702405954,1.712487193065192,0.34805158367475086,-0.6259653916006765,0.23865546873802895,0.3371350301150933,0.033495870040929375,-0.466387481325223,-1.0283163708800345,-1.0485071007803453,-0.03642601895858773,0.24223578531229584,0.9180966129662014,1.5943602642482968
0,1,-0.24410044967343889,-0.3560109976049838,-0.6602911913432908,-0.02210632372938998,1.5159500402853312,0.13105221429736688,0.39594554313367636,0.885110555668624,-0.9424252513542536,-0.8215142093028339,1.324049919547764,-1.9801564569903514,-2.1227172771895613,-0.8040794510643706,-1.6363273388186121,-1.0459338217725698,-1.9867686624949594,-0.5733199484041722,-0.682505978799072,-1.210089151867237,-1.5115686156671904,1.0278465598548965,2.41537778290921,-1.0919159647247896,0.5601978456383394,-0.19426376141629995,-0.4117259188878841,0.09814699126126199,-1.1448317663514898,1.8657789941918859,-1.7017363398045655,0.3146474447416064,-1.5755586759518934,-1.2120122962121553,0.436447973117539,-0.9142800275272289,0.22258556849182695,-0.8984407239071707,0.10013605760294601,-0.49314993512898886,-0.8807124098046486,-0.5203584072044207,0.2570065078555827,0.9225187815131499,0.8004366228107601,-0.5318234687376533,-0.8190430469329455,1.0274156077367649,0.8691023070154936,-1.270115489397624,-0.6170925559448781,-0.46283787594094483,-0.8138585940622927,1.0991179776267452,2.018825174033751,0.5554409018188927,-0.5643895323950426,-2.4211927826584487,-0.950573614502156,-1.1612258971878693
1,1,-0.517238540514792,-1.0435093703875364,-0.07849504796779504,0.48397968644418154,-0.5947525343551097,-0.21196873387409157,0.22405452615342566,-0.7340751022474615,-1.250108027732253,-0.5941650328798168,2.5509478519043407,1.3892523329638378,-0.09271160731013925,-1.9753317441346847,1.6524802179852662,-0.6354508698651786,0.5039419370049266,1.3365664865673503,-0.6487056244488315,0.43806487790343956,-0.5789299175702547,-1.545057650831052,2.7098842754265857,-0.9664475281586646,1.2290639426823629,-0.35295032689743416,1.7797837282033953,0.3068686262080846,2.635261381646765,-2.1609104415249196,0.2864524996014581,-2.0015984919762295,0.7241921086117966,-0.9681454080145077,-0.5408741524969743,-0.25798327889352257,-0.9726039036648468,-1.4331218109638724,-0.09833066480380538,1.3116623925243263,1.7235486417911532,-0.44781501486778524,0.8292512712908795,-2.5088974135029045,0.03204590808492267,-0.7240641474118614,-2.7811533639872996,1.8131427345769955,0.3861181141482314,3.0771942265268213,-0.32459627238653893,1.9151188619117767,-1.83333522712606,0.5563136047854476,-1.1099236377535857,1.5950597382711076,-1.6923241526407944,0.2896560355880285,-0.8724599248644223,-0.9509711251535786
1,1,-0.26247270522629856,-1.1788014362788886,-0.8952765076812061,-0.06909929326669638,0.8382313758571742,-0.3390205468308147,-3.3051185465591018,-0.8052563297973692,-1.7045446574200036,-1.473084258807473,-0.5218414286136142,0.5657110669241422,1.1250828786877627,-0.14223160336311338,0.07088255195662035,0.4419148502615965,0.8151309555551813,1.0891169875866324,0.999343958012984,-0.15415492898501398,1.3204436885525168,-1.4285295952424928,0.5855809300199248,1.8797138047941895,0.2220190751440995,-1.4187387899738395,-0.050608458313345026,-1.2641539786869584,-1.1916293163891103,0.586549961648492,-2.201692629911892,-0.6565517324227867,-0.9868819745772591,0.9715936450107926,-0.41787979961926663,0.07934179561594484,-0.1754886704654599,0.2810392818932808,2.0743515849556484,3.179785586565893,-1.7513366684521205,-2.177454414966016,-0.7217774465125149,2.6777406242483504,0.9660843898409025,0.7738601813371502,-1.7977355933466863,0.8246452725218321,0.2252865923703302,0.2074305514090348,2.4385535488306775,0.7409878300437815,0.7144031717959755,-1.9915515904194823,-0.7503405283018475,-1.2905987040724938,0.6641574138728265,-0.060255359245051564,0.28778646860025625,-0.4138407319778349
0,1,-0.10004855472525845,-0.27501592193574403,2.1461047017437913,-1.512766657818116,0.8469277530607239,0.0340715200950022,-0.6316178147676599,0.2047644520962961,0.19475184045020397,-0.2483567078713422,0.14589614987679594,-0.01641800160382591,0.29755517132504344,0.9193551496839326,-0.5043142977772285,-0.5422653876948255,-0.42639502672188506,0.31060079557924536,-0.019638979630808136,0.011529622019882162,-0.38886046938515206,-0.09927244056776584,-0.09050767932956279,0.7369513242126996,0.6132275955612436,0.34781520134403104,-0.36269243639816034,0.6704466126723456,0.3037349744796407,-0.5727302478018076,-0.367390463846037,-0.12457319332446616,-0.4868481821560441,0.6018135458366238,0.3193152880431514,0.2313397295237241,0.2651384424178213,-0.8713196335379825,1.2920367546303662,-0.3758073554318559,0.44142149128884284,0.7280536280685619,-0.9459695524985122,-0.9075478969392566,0.5729226208358585,-0.0910158025312011,-0.3783457257485895,0.5819497763275073,0.051998332436763287,-0.04272378138334325,-0.228781334036271,-0.31832680439867234,0.16947997759635416,-0.3541277646075094,-0.04624019730523907,-0.08871519338886917,0.43078870556015303,0.4882966804002277,-0.43577150318582697,-0.03605009697730894
1,1,-0.04874834595458054,-1.6044635247570438,0.14223913205240518,0.38372219643387134,-0.7962437416080079,0.6341912807630717,0.6660574161057431,0.4725040326861268,-0.008813236891200334,0.036634606171517085,0.4116349288864179,0.5687251810174206,0.04556790699347331,0.4211145289341126,-0.25723909355130337,0.2586420191376571,0.24272051387357163,-2.0993292124232514,0.45336903442162835,-1.1656689990212352,1.0917806286838907,-1.9338020001973983,-1.0280193889708673,0.6780872850481028,-1.9036898633192985,0.6608801110037772,0.8986206486756345,-0.7677385584378249,-0.589479461285353,-0.5532606337008554,-0.2421820792703553,0.10295200188294963,0.17708138491328115,-0.17666819510147067,0.9136319884939944,0.3873851935217744,-0.8001425882443339,-0.6738715034652747,-0.4267592992119201,0.5266782921106703,-0.06927341383015208,2.399442252650109,-0.18627471777566643,1.5063785747030476,-0.6848136662949752,0.8916063028366802,-1.382185544952714,-0.16711260319172533,-0.9502420782664469,1.0529986707046772,0.7558865116740253,-1.826651689194447,0.12487404335037645,-0.14260162393646203,0.003907877067405672,0.7359825559045857,-0.755550452741131,-0.23036452433929444,-1.1718543335240508,0.35781571811398055
0,1,-0.6343428688200928,0.8222707973851309,1.6555262135892475,0.027761039968830965,-0.10510196879690473,-0.8334875596593145,-0.9200586333292485,0.54733154552729,2.147979951521163,-0.19000531286769143,-0.2046829610418048,0.6128946731178402,0.7204639357177806,0.5034094060375176,1.1222500944246447,0.23035355576037136,-1.7702338244882365,0.9550933314051251,-0.851953203150579,0.7429724480648209,-1.3579489451585018,1.1526173779768274,-0.8980652268309233,-0.5693772361026662,-0.8972595145199062,-1.254846962690369,-0.24596366780475135,1.086794674237032,-0.46788971138397983,-0.4530449230516736,0.22624112366823637,-2.564772929546547,-1.216289194073917,-0.6286188036724535,0.4606204353649428,1.910739613376097,1.0177053505151112,-0.9141483471591318,0.5091020956339647,-0.287913839103051,0.20172883353871032,0.713486065067726,0.1100590218767156,0.12985348408923372,-1.0284844665516177,0.1503320285340186,-1.135904133115399,0.07173605100445764,0.9079885040165696,-0.27356305066777953,0.9201500621009617,-0.8687815495956491,0.17200315705666422,-0.38308584134958673,0.3866789620605364,-0.2866502117252079,-1.7812200123744923,-0.19157064432001197,-1.035729813321975,2.2662921142543744
0,1,0.08894956693230312,0.10703246444500794,-1.2350143235392126,-0.29451217688268405,1.6257732081122973,1.750014342913259,-0.1169860749493467,-1.131765066715653,0.6000512506114248,3.2862672375224005,-1.160250301014951,-0.3129884366425803,-0.9337749157919191,-0.3187980109860693,-0.37278340617496136,-0.16527209061567644,1.7301250095509653,-0.7111183132999801,-0.29274134283439407,-0.7266350744824784,-0.147078016825049,-0.4234991395220058,-0.21537895424628442,0.9708432916447014,-0.964759241411631,-0.487943394140813,0.7020102897994688,1.1956796920958768,-0.4767030976722021,-0.44738530302544033,0.20890998238965008,0.02542351622924403,0.7651271781105282,0.7721404256034202,0.2877938688655896,0.1259573319761837,-0.4250384668561962,-0.5296719877909611,0.3469857009684078,-0.017957665108441004,-0.06302529889823082,-0.8648784399366986,0.5750632114543685,-0.6385981475387478,0.2096954274469791,-0.025290369825774157,-0.2722421456602985,-0.7878761770793428,1.0381852792889892,-0.40331050142770214,0.19338428163138874,-0.4060277601708045,0.1469382913995267,0.47645765082421926,0.08196737765920281,1.2282074485427743,-1.3723512998449894,0.9908618402986729,-1.1297453773161117,-0.3596123638992172
1,1,-0.07711891466966815,-1.7189568893583789,0.4904543756613863,0.10725966599402788,-1.307889734877617,-0.03921764395326051,1.7515913974608481,0.4827745744877006,-0.5639514346760288,-0.05546284649720215,-1.1105946582589388,0.2181902405024275,-0.42368077601193666,-0.3822760459978627,-1.0115038989632394,-0.9028485115511846,-0.8768843087977163,-0.8841516886782529,1.2075852851846725,-2.6819650148008196,-0.2943352568957544,-0.8513339585176191,1.0569023699159845,0.9585698455702566,-0.24537642547099092,-2.022742740329578,0.11723882654557677,-0.05856205675864393,1.5934295442528914,0.8335718766795084,-1.9232412328501491,0.23943928491550692,1.0885700606419688,1.3640107749459975,-1.5825309624299102,-0.9528828109807219,1.0914366467200647,-1.6452327905476383,-1.1926332544618397,0.4005105049745677,-1.0203836131272626,0.8020950267735161,0.6959285758054581,-1.8832089594813683,-1.9494371936665102,-1.0544251649044074,-0.6971892273806475,-0.24912472952913797,1.337027993060349,-2.610753850417911,1.0710951999171696,-0.18735231759836932,0.6899349976020995,1.1623738024564454,-0.18136655315319902,-1.8688576374291686,0.8774371567827175,0.9907375788418602,0.37551143722340974,-0.18543262647922773
1,1,-0.39833791275080765,0.06571673344279741,0.20131323648988877,1.6215229636499227,-0.6404684014414315,0.6558250493412552,-0.7235514782544974,1.264830810791809,2.516927814983013,0.21709701061428108,1.3471740995918617,0.644697682534699,-0.5702015524854015,-1.1804157319853263,0.3091762915781299,1.5570107293491615,0.49720059025969,-0.3973777938530695,3.1888083710503543,1.3963402338551771,1.2774717434896574,0.7338144449832524,-1.2341803474067472,0.5333913385322263,0.6374812145143904,1.0745366552803717,-0.20514315437295486,0.360234591777882,-0.18796019297871716,1.8506592867574616,-0.1389369942300989,1.0419480551379958,-0.46954295161457815,-1.6085286704295378,1.7464159375962913,-0.15179539084202845,0.409813741558817,-0.13812874196801508,0.49374794555617263,0.4395202544372827,-0.9970813757436613,-0.16262488467547384,-1.1346152744768447,-0.3576555871595469,0.7366123714173088,0.031119993275949706,-0.34343672239322987,0.15672093038504714,0.8830012383772398,1.9312614892317648,1.7948140070971719,0.6711995226531549,-0.05745609640843588,-0.08459774456810372,0.6184123145917656,-1.2325160966501374,0.5786794461300271,-0.04116925021484581,0.9279988657453119,-0.7345760220544275
1,1,0.093017796489832,-1.029382603870227,0.40696333532341583,0.5565951355197953,0.016356731242164205,1.0450548154554689,0.03123512003746642,-0.9696928471722874,-0.6251885043150659,-0.41258283445266136,1.0076103729159542,-0.3522237473075789,0.6967555690372016,0.3000465907455625,-1.131889085050731,1.1794605401513438,1.1342384529446987,-0.26691322767133663,1.0334908620141747,1.2834667965000206,0.6151306936913566,0.6794906741508452,0.47346285106965347,-0.4840911387877734,0.8557340223671805,1.22997807336003,-0.41406284586131414,-0.7056347479017837,-0.7491987768234191,0.0934039423453154,0.4760879965166384,-0.9108095230848376,-0.27425668688346216,-1.9031665250575929,0.30323966989507745,-0.08708314293442161,0.8107167855095448,-0.44876156147361096,0.26225501430817344,-0.320759487384268,-0.11350705323945703,0.2519764726275506,-1.068063526830542,0.6399317939795147,-0.7582315869708028,0.8493341312680559,0.35014468692098083,0.24489456955186512,-0.0678123573989264,0.44719275478335596,-0.40708616410464094,0.8001666331869368,-0.5590291061598304,-1.0334112173069585,-0.16747196661755465,-0.6072135689539347,-0.006975099457066105,-1.836245764940358,0.37092205030746106,-0.011189842792162959
0,1,0.39219411730429043,-0.33972467449806393,-0.8131556753360868,0.4636712321497405,2.134527315495043,0.09346134790522129,-0.2354638801787402,1.3230755647871952,1.126042133425026,1.309912024422139,1.7200406335207181,-0.4833068966716857,-1.4370238301083762,-2.7634525613258827,-0.5801549134949109,-0.8099735477124066,-1.4057413269685255,0.14499811324358383,-1.3129393226669834,-0.9610367044142871,-0.7869726372864911,0.01892355348535984,0.8965409168549688,2.138177256016542,-0.17194498500396765,0.4613420055740255,0.22959567578375983,-0.679925424711398,-1.4591033777512477,1.0794989023256334,1.1942653144780258,1.2615017510698359,0.0735802969341006,-1.1003725905775763,-0.6354610432550004,1.0278957117062215,0.23208140386163392,0.07401544139112436,0.276936956432774,0.20836654452603912,-0.9210117888452418,-0.9954275121487072,-0.07875674085622834,-0.49905441386382027,-0.842288518368474,-0.25658358063167624,-0.1571027887026296,-0.9492587681101013,0.34537215538635924,-0.7837827974889391,1.0518086138222118,-0.38838179559811536,-1.8860326559409548,1.3333887736825445,1.2038624230566768,-0.4308740593906127,-2.193314630628243,-0.6360900370785936,-1.3470549482995167,-1.5940860685301212
1,1,0.42903794549958435,-2.8766691238864293,-0.5268896971342526,-0.6396310552044477,-0.3862883037488006,-1.5600859739928488,0.264556284726324,0.5749328265082965,0.7799319559436976,-1.233989816939174,0.5120023298847266,3.4668288236659954,-1.150574424516663,-1.9256207299096215,0.8432015563457324,-0.5476173761673262,0.2252355380008552,0.2542444328997856,-1.560584533349263,-0.23410183022294884,0.6775385664906853,-1.713834190515028,1.853635324680198,1.0147052686024636,2.5562588674594684,0.3739304511227579,-0.14733164939161536,1.751907884959343,0.013313453564169707,-0.5032525896176939,-0.4497159325311853,-1.6840569045192249,0.056583844429952235,-0.36597700149791823,-3.2702614744879264,1.0034301184497636,-1.2044013718204145,-0.8928200366769324,0.562017539839077,-2.6023353694393974,2.8252954468764964,-1.5052400250928752,0.3066467819523729,0.777960725366532,0.2899438887280029,1.7575797092053707,0.0754573281362636,0.4660564055543534,-3.1398365509231514,1.3398728968978286,0.5851837595021578,-1.1271765621272583,-0.2839704412671961,1.1367523695354311,-2.16461926516757,-1.9163187580219065,0.7210644912512774,-1.0301092051143392,-1.2544319479936024,-0.530026154266551
0,1,-0.3935964720313932,0.6279251735744378,-0.5239565387737741,1.019827291623064,1.4579168252196384,0.060267477211706805,0.5266906971031714,1.4012515873967235,0.1389939809762991,-1.8788721491891123,0.2525134964739877,0.16880447950779898,0.6451893629890929,1.3331282105844113,1.442434975927786,0.6097033894316936,0.1919587091886033,-0.9861555949695273,0.48530317427981123,2.155257693907483,-0.5690229721283563,-0.2442822504369827,0.20224822784033294,-1.9810511608050285,-2.525638976905739,1.148611384309204,1.3857228879063288,0.17995335130836335,0.5586045024063842,0.3291242753457613,-2.860587038445907,-0.3780978354115815,1.0299733743773758,1.498646620959992,-2.182700081009954,-0.21919400120586077,1.4890894674783308,0.33605008904220934,0.42245571793117465,0.07395486097071406,-0.0713941716635463,0.9637860520013675,-0.20813744134701523,0.5348966699854009,0.7500156679744128,1.4640624091541947,-0.3169620196783095,-0.6246560540234367,1.831036368294984,-0.12201258123735469,0.10093437796992047,1.691304333139044,-1.252925794069348,0.24819240599129452,-0.09323891970536886,0.9073896037761017,1.3605135756544569,-1.2191216778594596,-0.9815602745683522,0.2955525304963012
1,1,-0.35277419854544745,0.13348929172090168,-0.12221593716979655,1.9517961358354945,-0.27922706738924646,0.02939859491393081,0.01615240030163988,0.031058957550604897,2.3139729118233707,0.2686509933908478,0.7776502004460829,0.5054808308494314,-0.9930363375112861,-2.3046513513738818,1.8988530757414015,-0.8314904161820125,-0.8513429482208622,-0.7125821435382962,-0.513238196400053,2.2822606045165452,-2.7403366332699797,-0.7347595429235423,0.12070849022369344,-2.1989135716061616,-2.7946348628546858,-0.7261544663113939,0.8958691939297373,1.044875387438744,-0.08793349734602604,-1.355792021927968,-0.9013380213952303,0.8883674997294084,0.22065266637866157,1.9720422826167858,-1.2212139543691665,-1.589573662755659,-0.07211094073445916,1.2739195513978026,1.2707773589592224,1.5094372847220274,0.021426837999409865,0.8340400596670567,-2.796584804881487,-0.41502227307056905,0.08286579595743254,-0.6476842963929654,-2.218741734540125,0.786239278091131,0.8715499478654467,-0.7626599387888355,0.9004503990758963,1.5583457004877452,-3.0212199104399153,-0.9022847696055443,0.04517694207678191,0.7847026886396361,-0.4587039154355576,0.08147142482171234,-1.0719063584917,-1.7359004917718162
0,1,0.2780214130656551,-0.2069903887933246,-0.33217495826071247,-0.37833406105619366,1.7321283368767302,-0.23533227234048307,2.3160870041419654,-0.26943363345045546,-1.1629429116727183,-1.6090557318051404,-1.0792262910935986,0.5606192057528925,0.25181131850311383,-0.7321433897015834,-0.5180224350107168,1.7036754567579273,-0.6339182831990101,-0.21636077896599126,0.38906747832430544,0.41456976772006077,2.2860169388852394,0.029827556858034864,2.238761599241126,-0.9088699673204785,0.6618698281435292,-1.0294934736890173,0.7906189089614891,-0.7667166128144617,0.3877814618578778,-0.2707968573451776,1.5025537639161632,-0.45445812453649653,1.447878046063826,-1.7794163295762098,-0.21425674308937223,-1.2572996712835853,2.056119704326549,-0.7561436058105886,1.9074568397612808,1.41322562070122,-1.8246341926041965,0.007888705192784727,0.8614627350696351,-0.11231121299920069,-0.11717041656541573,-1.4364125128536671,1.0886797664752017,-1.1788770422394008,-0.04715346144675426,1.0838474057603795,-2.008611133956823,0.5631946568874994,0.7125637675593943,1.8049010515684996,1.0147560527267883,-1.0823749277863783,0.4216801664296533,1.7297914375090817,-1.5108007973949793,1.7232186023134883
0,1,1.280064856825126,1.5467772299161782,-0.4089848356946754,-0.42883696455222337,-1.8465380171763237,-1.6357408889849843,0.2851112613361321,-0.42311602651790803,-0.12847295606369044,-0.8152245577396865,0.7441103195474634,1.0360688516484924,-0.3497781884609654,1.518681755482783,-1.7695258694111269,-1.133151969936642,-1.6812709879691925,-0.6281955356396526,-0.7915139867893114,0.9804798576659987,1.000034357496647,2.476838533523835,-0.07121304978966347,-0.6418030124068173,1.9831514762231612,-1.6365104716867913,0.22433562682116737,0.6070852114405029,-1.5535617858359085,-1.1783791926379141,0.42412287797167636,-1.455166934067353,-0.06884339498899296,1.1111854009941498,-1.034632447617983,-0.1172494713107293,1.795461534448691,-0.32618050850431474,0.8223718494509882,0.09261209035934721,-1.4613324741468456,0.7434125370917635,0.09167719392321176,0.04416513989696144,-0.40638024542874707,0.5205618573502321,1.1225813320686664,-0.2237809358018926,1.0282388608984512,-1.0309358069662518,0.6334102739312387,-0.2959508511760202,-0.25165758888338313,-1.6561786252334834,-0.19212949892200937,0.3851677464840546,0.6178277724418422,-0.564496901431021,-1.4493454187708141,-1.7094035059092443
0,1,2.0375941837374554,0.5115298404393548,-0.3668448882461968,-0.7000021113917024,-0.9189298769868137,-0.49487804079452147,0.2459868580815742,-0.34323052799398496,-0.6480824054885903,0.22733869621981423,-0.749379369951661,-1.002321444464003,-0.8216742046866605,0.18852440785122537,1.428182925301462,-0.07446700094945571,0.616332337857669,0.6775957050800887,0.7397053877642179,-0.08254340199589964,-0.37856741208105515,0.6459363369208951,-0.01946056718941432,-0.2534258993632888,-0.5006117867783558,0.0729207268303333,-0.22778392910065076,-0.8423675895852825,-0.1339513283213717,0.4729667896192169,-0.0901935160718351,-0.7675659271050608,0.16159345208188383,-0.7343737014470365,-0.5772629313740599,0.4808924166459759,-0.6352460165700184,-0.08408848662512554,-0.00826418856119451,0.34473670233439374,0.3715746219056681,0.042296563339706376,-0.23516524050603874,-0.13376957129024386,0.03484165879826614,-0.3815480283445057,0.7195353664292505,0.44572155056928575,-0.2591987056195225,-0.24779830074508885,0.43777106248129,-0.09420321818798214,-0.1321729761729596,0.5747392707624843,0.12822803037751715,-0.24504105194359876,0.2763215995192332,0.043831730325853496,-0.034634695411727055,-0.046047782094553194
0,1,-0.8339236118604425,-0.166542053423106,-1.267365413579168,-1.9743421471234424,0.32588926654479905,1.6405687900631725,0.5848212326803389,-1.2277091617623928,0.24262601613671264,-0.1245641444646798,0.7078624273051173,-0.40940935260317424,1.045338881818387,0.9097779626956333,-0.236554941956763,1.183992777653417,-1.9931026642752332,0.9731673618114752,0.42155567565262103,0.3810656750057223,-1.274816076896026,-0.037595204155381506,0.40609904877112213,0.6931800422635567,0.18069191500012075,-1.248006139218179,-0.7543483425083062,-0.25300658257738934,1.1953643429430154,0.7593774268376461,0.7769167092328315,-0.40135117474077164,1.2414501694268445,-0.2760799067692682,-1.226437756592952,0.140701992377405,0.8625184432602808,2.158685508290844,0.5472275428989176,-0.0010969277377466597,-0.01826752449517798,-0.3117661410706603,-0.5401899001880153,0.013711627415035316,-0.5259796221249946,0.43930008451050256,0.8776191781903943,1.1515542090539979,0.40828555026454805,0.5394777269803208,0.22531896978789295,-0.35906679719283413,1.0101696577120567,-1.2183356419126088,0.2514358471893391,1.1048342216972218,0.12597823160607124,-0.06678781111188098,0.4066940342831861,0.21613824668899861
0,1,-0.5304762264604144,0.20148075812590038,-0.8271029767565532,-1.1488864845641646,0.5943154704153876,1.144833743541997,0.46701270952690827,-1.5393427604709777,0.1695373052601729,-0.1762653913752275,-0.32463887793520696,-0.13202517559399193,-0.7854996815603573,0.11850742898195346,-0.19827217869381886,-0.36447473064414765,0.8718651980518639,-0.5790321234559457,0.21964340604018762,0.17750937890347393,1.240715149935059,0.13482296434572266,0.7613135176249478,0.45736717510132796,-0.6258794738812019,-1.1294098862582354,-0.3751115289764276,2.2861702218832733,-0.3054279759751012,-0.03001702601877455,0.1418515023980898,-0.08084087288932208,0.11130422243078507,-0.38445583990188553,0.9910009236890787,0.17293831311514926,0.9443210156900506,-1.3790622159891281,1.1544247555843627,0.3740897478131615,0.8363491381827829,-0.5142295361038809,0.26285320507496557,0.14811228682681915,-0.8834417789729796,0.21796007227209657,0.40609121311313084,0.14887667157678758,-0.008586820574442895,0.6505868891539666,0.04369896326455827,-1.0413117510261696,1.1573825057696105,0.8416086773175123,-0.9502315024202701,-0.10974350645119592,-0.3797230292912507,-1.3608417251151526,-0.02848256787846658,0.6273575023502105
1,1,0.401846282822381,-1.7681418319288935,0.4257153621799153,0.5601739262249441,-0.5534380785812135,-0.056020965135796796,0.0487693360033837,-0.056250032483882245,1.9919613700808658,-0.38433733378389323,0.821408772864858,0.41850340905900163,0.3391140475412455,0.5950371671452775,-0.16871899316765637,0.3984100460866016,0.1946670617398346,-0.09755820305491052,-0.232729942258341,-0.18883057921416344,-1.3970207247308513,-0.7357063691456859,-0.34115357352826414,0.9795004786656352,-0.2790189380780975,1.3697972895736676,1.389400234238115,1.3422380481410245,0.17349120680921884,0.2594722624670856,0.5769910956654348,1.0530426531188928,-0.28031813159355207,-0.5333014474506618,0.9729684435445252,0.6395591087578705,0.2982814233790984,-0.10616658781162831,-1.475118040228071,-0.4849463014157809,-0.35304813798362245,-0.7666932486349348,0.9033861432608388,0.4418939435524178,1.3303100996779909,0.21473791364028189,0.240272241767037,-0.5126484668972655,-0.26086402321126684,-1.1404284961753868,0.28288575194998766,0.5217405093070262,-0.717072049151047,-0.11795167348930972,0.421884244656223,0.88225733115647,1.1861329705020063,-0.6539189747834877,-1.0870545166026084,-1.0035177353607352
1,1,0.8414633295199421,-1.0819190913218142,0.5462672019825905,0.7127089085832405,0.003053030090940935,-0.0630975901417754,0.4573531466749994,-1.688461915547822,1.313030329192661,-0.8489777198147581,-0.46830327009069006,-0.535458069413549,-0.04256878027058556,0.18929793297406589,-0.7235154512898356,-0.23369831041396008,0.47053347288456526,0.8509861170249199,-0.37437404268489594,-0.7745717486746726,0.4720658804658757,-0.1762827661716352,0.3029010035244085,0.2932151485329692,0.24008412519137726,0.5107690814924868,0.21169337588330528,0.0891718284028786,0.1107763015533735,0.3408025273118914,1.1509137499796878,0.6582837041214262,0.5740324286191958,0.3686382076289429,-0.6389259939717081,0.11498294434288611,0.03877232987825424,-0.28244754936417144,-0.9892162355332046,0.7576875209093754,-0.22634962004155254,-1.086165831296847,0.5159648149274254,-0.4959890980383687,0.28635063628686275,0.19061456076824243,1.2748401697167204,-0.6706931478682644,-0.18008476442088378,-0.9221963849582576,-0.3242959358573385,0.39425304842574777,-0.8733940925518922,0.3102539807124371,0.34091178154519636,0.07443746977741543,-0.18509579289911568,-0.2946244953917425,-0.9556925603486235,-0.48352613211831685
1,1,-0.37296829637574047,-0.7704715276961726,0.2824696201427494,0.759973245122088,-0.2066136560127618,0.4120990600081323,0.13552650390301896,-0.3699146227055579,-0.7810949733540636,0.10288447235199899,1.1728067908722024,0.5299373375528348,0.09173888251443944,0.8087369073721319,1.4767934346634588,-1.1660633079242197,1.0440221422181586,1.3636543647905468,0.10098123762645327,0.04112267417225283,-0.9861127518594601,-1.055632060047901,-0.16338963394529957,0.41652217790168106,-0.011316605868635029,1.091777762656083,0.8395267529769257,1.3218033548547568,-0.17949257372972371,-0.46705295266156677,0.3298085493878818,-0.5123137382783061,0.018613720217765556,0.4697935334234389,1.260645701848027,0.20180360267224662,0.8507169097187505,-0.9195695289951558,-0.16650328467242573,-1.1327875566737176,1.4455831963823729,0.28868535516473454,0.231240143385355,2.0288188041814976,0.8065822740516204,-0.6653633358897341,-0.961830777008773,-0.39550075622823083,-1.6285677594147177,-0.14141495607614152,-0.132511182333618,1.2557004565331564,-0.8469745296710558,0.7282524252388075,-0.037295795216584736,-0.46108279347876796,0.2620562983788627,-0.5888777628119304,0.11947186277230844,-1.513151444174374
0,1,-0.7765756479436984,0.32021364735708213,-0.5050151303225615,0.44504316418133794,0.7211073551150491,-0.43245560619153534,1.7858475413125696,1.7596213704242,-1.7412618472289783,-2.2240426639039126,-0.9738161342281002,0.7434732434347102,-0.021500597504561396,1.2070801059778267,2.7172106016298265,1.6935947624832697,-1.2067211644882256,0.7461562497568381,-1.515113135519177,0.9233947648850561,0.7143069178391965,0.12116651417592553,-1.217941871858938,0.3614993400610076,-1.1660227023107224,-0.8290307112824905,1.4319452708280413,-0.571238132569684,-0.3684617546894071,0.9466076559303338,-2.646934625535695,0.44430049318596343,-0.3982028093752465,-0.6831406116031696,-0.42237069139874944,0.5082416018845246,-1.4771084470440028,1.2522786934811407,3.0808827365843645,0.29702108219948375,-0.3450858793791937,0.23443371326770213,1.0977963481615576,-0.06478833062310398,0.5499444987614491,0.35728760308968655,0.21281912136623016,-0.024011671283786545,-0.9062018782884507,-0.22583071884444608,-0.13962795722153565,-0.8678222961519385,-1.5465121529513521,-0.620796983660382,1.212459395176945,0.40879634167490486,-0.209201546647934,2.1105142679073823,-1.4961761084776075,1.877641444565689
1,1,0.6561825288765776,-1.1091827587392535,0.2614813142636421,0.4557480642645926,0.5587731470633998,0.3620455918528182,0.43329644933544975,-1.5662679045953014,0.5787541632894743,-1.0747040515777457,-1.0773665220317037,0.48951702363502414,-0.5199573481597958,0.0646592889350822,-0.7685854526405994,0.31012467172180497,1.96298350930191,0.5782440003045443,0.11249571699514614,-0.8716704726160484,0.46121262125633755,0.5378660052375678,-0.7198410042292565,-1.3179571366578589,0.28686739114021986,1.7338290543001984,-1.0773156114787088,-2.9725050629331453,-0.28369093819653096,1.504623193432218,0.6153126832068714,1.1985698831445613,0.47027028422142914,-1.4377911774888588,-1.2705031095744381,-0.7592900152848867,0.32599532724645736,0.3019711922764008,-1.271821874164643,0.9444358835369925,1.3619341794911082,-1.8188342083140587,0.4669969329175135,0.4039022719422564,0.47659146632533006,-0.1080928520111669,-0.12864157051445949,0.6735412152410918,0.38333209886998604,0.8470529131061191,1.0368391476835472,0.26133330111529757,-1.0737183627188245,-1.3975292873182958,0.15994617598914498,-0.36207712393334324,-0.5749258856881605,1.0902270509737901,0.2949603332384646,0.6209609204601049
0,1,-0.22753565082272909,0.19085071271531678,-0.7181471127371921,0.5027048860320422,1.7743908127527246,-0.6189485285923713,0.25923717505091454,0.928052784944585,-1.2696273345912714,-0.03901932819572066,1.8477737288567038,-2.3860778137859633,-0.4827043090338133,-1.7302763451006797,-0.5211645344567574,-1.5291493480340308,-1.071973448118137,-0.023701324134843844,0.48351572349907085,-0.8353145589983675,0.10726148940381504,1.5570594668324662,1.4965658333715945,1.1225647952955098,-1.6603698824273707,0.14807534455843574,-0.808789481767266,-1.160701494600183,-2.562881333359091,-0.0884622232807376,1.075884251416045,0.08402141465785061,0.7298854314602757,-1.071101730619905,0.2570486125647756,-0.33219341258233137,-0.9718557311525627,-0.609200871789991,-0.9776801448343558,-0.8644697223682984,0.3185243756040802,1.574864862930234,0.6697931310983859,0.08018590658838254,1.4271821595128067,0.4887570445383324,1.025880661721351,0.42292618648673064,0.4594698608653022,0.6945202352114167,-0.9672708972023004,0.04963214785761621,-2.0033554154969986,1.5747513016854053,2.230032422755504,-0.5202418174203601,-0.5379512515419954,0.23354826611080906,-0.6721856800998108,-1.725784457024147
0,1,0.5503809693837403,0.6942172887095038,-0.9634067682400392,-0.6531143178157011,-1.2953570384065172,-1.716289186917417,0.9121871916389735,0.9423843828007995,-1.053835708004909,1.8672170992923085,1.8055988262146692,1.3605608203514816,2.847483451535931,-1.8372841720481525,-0.16760553543532447,0.14597905525150093,-1.5970798176783414,2.135055313951606,0.5720374479845115,-1.6508158820068246,-2.0957083830707304,0.06961730692552065,-1.5326373374063338,-2.332835738510577,1.9579581392327863,1.0723538181477612,-1.4008936980599793,1.610370778817817,2.621819531730254,3.9759369553921284,-2.529495640702267,1.6227538558223507,1.020973327425277,0.4002041931655804,2.7634624781891772,2.1738954852464922,-0.4124364935040548,-2.122356586230714,0.8245114545818032,1.7150401292103838,-1.2037422799503736,-3.1424111812373394,3.2061641873012365,-0.05351008937128536,1.8263415292957326,1.0426048113105093,-1.5249421336522675,-1.2111917139423227,-2.540054779268394,-1.745285638304588,-0.6193070891993399,2.007587438986979,-1.1089562468646579,-1.038899575899854,1.6392932221099463,1.6711740460957214,2.817094299411476,-1.228312945336702,-2.2006804120310814,3.02696368627695
1,1,-0.1304632875980977,-0.0551109269952891,-0.0346513584602017,1.4473171613237246,-0.015439112098274713,0.6636120477413765,0.8591560117252116,-0.8271644947046305,0.4232683894112358,1.859311429006621,-1.9568409444701569,0.10752394980397971,-1.004504503015009,-0.35059871920509,1.0517595667130477,-1.2927959693540312,-0.5774594926218415,-0.8314567454282914,0.15390614250472384,-1.4674456274250052,0.8132909386084538,1.6539676428330867,-0.8225998424221425,-0.5387864785361137,-0.3219865326925689,-0.5417141883816536,1.4840702255835956,-0.9547647848642077,0.4466327907248418,0.3627126837544668,0.5730980096913186,-0.36661809636380643,-0.4990575550192037,0.8928702733744053,0.8612572156211078,-0.4322248680077899,0.3983194245059159,0.6699338262766398,1.2015234376771573,0.4786048129725675,0.12335315970419035,-0.6094906854467967,-0.04070040201390159,-0.5449937493331005,0.2523112246964117,0.32974346595140747,-1.3098883067267562,0.8222653603890459,-0.5368932057050558,-0.6346530172506386,-0.13066102602308285,-0.5406536849128643,0.30571805729225887,-0.44855800205731705,0.18859633397964196,-0.21324218057020275,-0.6493955546485515,-0.35415316353738197,-0.6302122792317134,-0.5053528483530576
0,1,0.2272512528384951,0.33751068530121026,-1.3513115546486278,0.34926788850925616,1.3463471879189146,-1.834145625090292,1.4442818316810533,-0.25946809262572096,0.040818137494217734,0.7628237285183336,0.012741394581782922,-0.012314392068866609,1.0734292095377371,1.2461155624916571,0.680465466114784,0.20784692807715652,0.7307926537986751,-1.618992718192448,-0.7939789857776407,0.8030950087992659,-0.4099272325871532,-0.39982303725365925,-1.690613265014505,-2.7611076326385966,0.044989873869603514,1.1466442091972164,0.20094348482813001,-0.5752128802284536,-0.49510333981692145,0.0016417176827667993,-0.7380996510911353,0.38488927270752,-0.19185181317084868,-0.35892756258950054,-1.3213457758239315,-0.3366386999211533,-0.6582546192778637,0.013178623792856992,-0.8224223479269261,1.3937888815137396,-0.33245341896932806,0.6825550865983034,-1.868580488786924,-1.1619780942538114,0.8319206121929306,-0.23012439594360184,-1.7687279342086604,0.6766877777772168,-0.7129896888050364,1.2316343956956073,-0.42578518809895943,0.4186013023606546,1.1372327215240723,-0.8872998149879029,-1.0147528569232458,1.0531033312522047,0.16665026940226066,-1.472281574956947,-0.5144270274979037,-0.7954107343646721
0,1,1.155538844613935,2.1198949678790067,0.23946308784921255,0.07340928357719115,-1.5464194293991347,1.6596262746670716,-0.6248421397796436,1.6160523425918045,-0.2817167833696684,-1.0024874366175114,-0.49899118394258185,-0.2832072156957422,-0.7799344640266553,0.5127491949016962,1.6830613948112263,0.5221696496301469,0.20158730269595213,0.4056033138838018,0.8701855522434658,-1.1387487718376528,-1.5136824043428951,-0.22417864417144004,-0.20704631792692785,-1.345909548603653,-0.3330387985635549,-0.06114559587082394,0.34261622530711994,-0.009234470602887285,-0.30346167226085513,0.8551298331956136,-0.21191958905275812,-0.3264717255809164,0.5908959521979779,-0.64698228480471065,-0.03128203439577442,0.7600783642759585,1.091574802042578,-0.1542901501113886,-0.4141761253699754,0.8497715634830073,-1.201982911043726,-0.66268640684102,1.3480943054039818,-1.056079639472771,-0.8545357143725545,0.3543115383061331,1.2024618619720426,0.18711528620288767,0.7732092699696606,-1.503847362687519,-0.2601369820835653,-1.026178610591394,-0.2428096301361334,0.33265613430691454,-1.2105085061281091,0.2623154763446765,1.3235823932763575,-0.18996301965697432,-0.31820063732914805,-1.5073539019113515
0,1,-0.8254731498210786,0.3398958889259164,-1.1576297854181956,0.24596888377800355,0.49546916880095176,-1.4957754853167573,0.5784277641142971,2.034156502420319,-0.37910200866093186,0.6686035798874623,1.7645289342532249,0.19857714620802755,1.5797785757501344,-1.4114659950737891,0.9694838224721041,-1.4505487777840718,0.7232957122066085,1.1048323455771718,1.671788462137317,0.44635044390538015,-2.6954800528736,1.241056018487187,1.4368919777713014,2.603591884143079,-1.2481038884900628,0.4773902019223107,-0.8592117864887238,-2.2481341251887894,-1.4765235570708424,0.9466121213270714,-2.22108672088914,2.3658804840729664,-0.11429524191202252,1.7120544181390747,-1.4659850732995532,1.8969454359686697,-1.5085302191356773,-2.043432638077085,-0.23176000947198183,-0.3139996973242412,0.6045909117468936,-0.22602614613301983,0.3760873200564658,-1.3784110345513403,-1.723847991200806,-1.6143108205980252,1.5211463434530355,-0.2173419597284407,0.2349300331359989,0.8522694332052712,-3.098033198909706,2.332891632513808,3.0935791886168866,-2.0805079105512414,0.37452631462121516,0.7607250799782175,-1.7490837952219207,-1.0422742997731116,-2.6139695181361926,-2.3916780277286502
0,1,-0.0555678692818259,-0.19807383291534822,-0.912251757098836,-0.22358055990231926,0.9205251978934716,-0.9531411336258675,1.0947115859318453,0.016722513533366876,-0.7339688251761134,-0.5491199467629887,0.7978605959296594,0.5217373579846314,-0.9867714178486272,0.1151656757411489,-1.5925845928881137,-1.4650175295607322,0.4267500360434766,-0.7681977257675148,1.731012874469708,-0.12221161752044342,-1.3707125873989605,-0.34410412869562684,-1.7925041198479335,-0.15244451470177967,0.5193939531899048,0.2903525401214677,-0.06916662484120965,1.6566202592937747,-0.05231807182776777,-0.34808821801712575,0.0513545424754541,-0.7203554856539179,0.24396435463942784,1.2583525383478127,-0.2048768534877563,0.7255509885328715,0.46960301252810727,-0.9337951007465817,-0.9241137364851548,-1.635166915226553,-2.2654360128390767,-0.9150782025242687,0.13538374086445537,1.358058656444676,-0.49938418724420613,-0.18850802005471928,0.7732792085268688,0.02531189156942172,-1.273066997172161,-0.38269595971236536,-1.2910724558753839,-0.7360402218274871,2.694750395781757,-0.40793340607166817,0.3830095073857132,0.03695268584421303,-0.33218769192082287,-1.2389088784461513,0.30715449200226913,0.34758045666175985
0,1,-0.5563925540277428,0.5459313904799853,-0.7994466108573403,0.8437219844566105,1.4317161519830952,-0.09399769876833898,1.7216507914227315,1.2354637893826175,-2.0906176306839863,-0.7359734621067804,-0.3560485007427973,1.5598361157313272,-1.0463987727573834,1.4486343028759534,2.3043632529819535,0.7766316266047788,0.4658040837858534,-0.37277371853863595,-2.0309886513435598,-1.713861720925463,0.8891134899361108,1.1023408148758245,0.6437972825611598,0.8463782961304261,0.5527014325007115,0.012559565208818213,-0.6564307707965631,-1.5532783089314983,-0.5160034777950274,2.1728777108483466,-0.9635959752508282,-0.7252807182408875,1.6770194505348828,-1.3766094388756442,-0.14156956187869146,0.094308405378026,-1.7641590364659794,-0.7692915200152217,0.7666302011981779,0.17806806899070568,-2.169680892387725,-0.16630670460982272,0.11766019173570663,-2.0169831955553197,-1.3925267068869207,0.32845753909418207,1.913541039236869,0.6937921820741053,-0.03523625891803854,-1.1514095781945826,1.490835920817215,-0.12391581345160624,-0.312168544623751,0.39303540310406504,-0.676425960500294,2.356161320990983,0.33727563863117743,-0.2897282024596318,0.7593594686107469,-0.2962262213573022
0,1,2.1135898672156204,0.22758262970284499,-0.26807297010178527,-1.05511395923615,-0.9331001541669093,-1.064598997513287,0.7762582569528539,-0.4935735004639391,-1.1241581287960996,-0.6005248708946674,-0.05161375424160859,-0.7264965279912518,0.25955542253552266,-0.033575910623966296,0.8302906783138628,-0.19143486185605788,-0.2653609922159221,0.26854581667167265,-0.4693219161306435,-0.24786273687186383,0.004174737681100474,-0.40968134404462037,0.874341066347081,0.5520873867021858,-0.6293482642311398,-0.14727308707582454,-1.1644086666110867,0.907619388225754,-0.95378318518847,0.5344080506426476,0.8135113970991398,0.018580828347833214,0.9251592686885232,0.7667837890269297,-0.7334674800801372,0.553973111589846,-0.5498829086015086,-0.305559976372989,-0.3230773616028296,-0.6974463109912842,-0.2325352067197094,0.4663308176093686,-0.5481236929969912,0.9953490053710984,0.5798396601197426,-0.2637952060012131,-0.9630123068961097,-0.714292369216459,-0.3056286553057598,1.3108764815148526,1.067967884348542,0.8365228375898149,0.30491538317271716,-0.1436556502690453,0.22333283545347607,-0.5543730329505805,-0.8897599381694101,-0.536380149190714,1.744724526707433,1.0488888673032677
1,1,0.4738420089607595,-1.1929978007188795,-0.24437659970442474,0.9995979088913872,-0.30129551933747073,-0.9529631800209095,-0.4103610622722914,-0.6862632382982322,2.902425987447248,0.3684470694160126,0.5251370621419487,0.2931096414783091,-0.9277161747071945,-0.2268617309934061,-0.7760914144770711,0.6330459470400975,-0.9458123441072729,0.2634616810400625,0.35113612238385417,0.13369824069637695,0.4625914343268432,-0.7811063795892427,-0.6077596486715067,-0.518562139055503,0.12540617180446026,0.37834715123471285,-0.2554958085770011,1.5058559650438155,0.74736455731353,0.3169382425563102,-0.19905515836249346,-0.8637672129088761,-0.5710714290422519,-0.7808422449957395,0.4110106822361855,1.826147283572943,-0.31013025822490015,-0.2865578655720331,-1.0940984349452887,-0.1519750580239543,-4.99783473483877e-4,-0.8858579131364368,0.2768819686356482,-0.2036879772071329,0.14338308814783554,-0.5586095598873949,1.0634140422787877,1.766879125514864,-0.8410565262367709,-0.16630279198575523,0.9857190004016834,-1.3177386008074314,-0.06483771852193589,1.2355734020444713,-0.8815920156213942,0.2176022740868959,1.3571811975393315,0.061523415279849974,0.29025446414564643,-0.7990048331688169
0,1,-2.2199245893261863,2.2742705098886162,1.8786947276416868,-0.3347204340397121,-1.7245551333704576,-1.6638473844348203,-0.21249094115213527,1.0441421615312183,-0.3984534611171294,0.3816421412634068,-1.5109726290174295,-1.067008315905115,-1.2796096848928913,0.5464625696114916,-0.45860743129491194,-0.6986480413209403,0.3467308592334946,-0.12890160278062843,-1.4481237026859537,0.13434364635311796,0.825366088624659,-1.112788037613245,0.08771264990355405,-0.06889198502262199,1.271712219660282,1.4032875049042661,0.029043247055223664,-0.08379731253966341,0.4546217066620493,-1.5568488394019864,0.57197921179731,1.248131797872061,1.085969229419412,-0.03089713291367303,-1.663162040530229,1.9108073666775582,-0.46094636233996666,1.0410137738105723,-1.113771743700683,0.926303468111028,-0.8232030084399903,-1.5236770728798215,0.22538777898272905,1.4236519799610747,0.4519457149249936,0.4500688786168826,0.832019609614895,0.6808321872591843,0.353801946065816,0.35144194215335084,-0.19243612045267905,1.31726012067228,1.4874573634454311,1.6802955563092725,0.1879874156802154,-0.2880011045149488,0.05862341579789872,0.7883837187748368,0.16956976877980837,0.24049866161001454
1,1,-0.7026734149966948,-0.3144533642020229,-1.0751299131468026,0.34021570010795277,-0.11129506339484972,-1.3355331975644835,-2.0196390397839177,0.06771702032572725,-2.0378150113998212,0.8352225533589426,-1.3626669884872242,1.292162268777653,2.512470405082377,-0.032457514269284234,-0.3561621071210295,1.5439065568941874,-0.038380631997258094,-0.9294922848556301,0.974986277509932,-1.0563012455509686,-1.0055365499171591,-0.08136515867956366,-0.3006546036210937,-1.9401885934386165,-0.041235646085059544,-0.8348591713099385,1.5208882279164444,-0.408607202624817,0.024936558080239656,-0.433187899518838,-0.15206767080819614,1.3136097301696477,-0.5305304258342339,-2.348672618103108,0.3489438824680796,0.5845103964753936,2.0739298437000873,-1.371266085181801,-0.2744808637377137,-0.8415878386726535,1.4189444992358722,1.3578655870802427,1.0819362279648428,-0.6831783726229448,-0.01954492711800013,0.22626667740838174,0.8121514005798146,-0.9008192058622349,0.17977521774541386,1.6842150430817302,0.5358898655410557,-1.2265588821047575,-0.45155006292840827,0.6724272063396329,-0.12563668899999747,0.8370156988305761,-0.8455175275723998,-1.9212962304330705,-2.891505776066165,0.008644436113743487
1,1,-0.8337760979054162,-0.07164452521643336,0.29412315055308225,0.9258633238902736,-1.6529323103818396,0.037254858583392926,1.0634655703451514,0.01895341191551987,-1.907509354781921,1.1402017331168377,0.282950647578148,-0.3848961089160904,0.39821132319970776,0.17515070088952014,-0.2999838688444382,2.5263063165434105,-0.46204266306125324,-0.7509134967908433,0.622133424967636,0.49711815033660467,2.254493566480535,-0.13750436791622145,-1.0998095775164622,2.2242187862232563,-1.2597796145625386,-0.9300821043776011,3.859758658284563,-0.2999949424465075,-2.2821632158503777,-1.0744873400663757,-1.4055035772532714,-0.6606946568094485,-0.715053383158536,-1.8530884460212615,-2.3919477728616454,-0.22449827562672545,-1.3423955066484097,-1.0586725133906447,2.93596582961807,-1.4730432090574088,0.9009111057144611,1.25362688993895,4.41078131916359,3.0386483478407684,0.9294040545394717,-2.9734407376090704,0.8624963131442867,2.0639836251339148,2.3687016923450055,0.7262440269186368,1.6266666895392312,2.9616322787266958,1.0448249311680102,-2.182486741917624,2.263353740764373,-2.156243508163441,1.2468929519770129,-3.7019065056059404,4.6200656204433725,-1.244823097705416
0,1,1.6650238368806045,0.7003095350461912,-0.46089903845725394,0.05467298201599733,-0.4122583944602563,-0.1978828358179549,-0.28541208163286624,-0.19655231161983522,-0.32994321679893673,0.2896848853286912,0.43253034865384765,1.1977501406368467,-0.6793665511535969,0.32788486343283607,-0.7143168033367658,-0.43768880982547537,-0.1865046969465021,0.2048896275883667,0.39699867302597247,0.22240641680179632,-0.12055127334204097,0.12600648857454136,0.3906056368028492,1.2275136083640281,0.48819921914195746,-0.21554161759583595,0.23203654528363665,0.14924848778229,-0.9592171368497155,0.7757405366143167,0.405091621945296,0.43162652428471865,-0.5746916395646179,0.4578590219407862,0.9879709165382216,0.39639814476121604,-1.6066986742584592,0.6456756629840817,0.25187962862751323,1.2462856416227654,0.8055616091928379,0.03815007969643851,0.8417314244069967,0.41612941728967184,-0.5437951804788556,0.010360602790356822,0.38808672803807737,-0.3780108238940754,-1.2441950758683464,-0.3675870978746979,0.393804045642946,0.19217347592813971,-0.7121007672871393,-0.8031552125567585,-0.055734294411001216,1.0488689870231143,0.6520314617075287,-0.004793525629155928,0.14762286505854744,0.27076163286070154
1,1,-0.40459449651134893,-1.7159514648849572,0.15592060716708683,0.3751736856140542,-0.997149030189369,0.538368166945745,0.491808813416682,0.8793929544238908,-0.19662595563349639,-0.7638661441078195,-0.6481064883759671,1.2140790916296067,0.25699021262865646,-0.2281682151227214,0.42874623561754344,-2.1753236081970924,-1.3636598642794584,-0.7577780344219508,0.19529244561475056,-2.0921889763536337,-0.32337444465823134,0.2031081421049995,2.4650392001822747,-1.6227637874755092,0.6937203509601261,-0.4744188537947443,-0.10837453245163167,0.4905143882714,0.5685322047092268,-0.30155702618575486,-0.6540601336214783,0.20379906354209656,1.134241945098506,0.48745478390143365,0.0579226970349059,-2.082265888191606,-0.0928792137813325,-1.2549708351782265,-0.8754718821400042,-0.9792008375538875,-0.3772057936895911,2.2703209079833715,-0.40037565839364353,0.32298074750267397,-0.1340408321045951,-0.718284570468639,0.7285660041628641,-0.7211252943341204,-0.40695037745685914,1.1787739154220855,-1.6975707706214518,0.8766049001971153,-0.23660187368914803,0.12790969237343752,-0.10217115502546326,0.005895958677280947,-0.6731872586641118,2.3629939294503783,-0.7172325806919037,1.116567917318094
0,1,-0.5395084784480962,-0.94136826761868575,1.5237443723645783,-1.6163707152249016,0.22609330263982957,-0.3695729465185892,-0.8112327810064587,1.0278647278990996,0.01625925505956956,0.4610262842135194,0.1875565064355895,-0.5604732559921753,-0.7955824363445984,1.4900351452177745,-0.37915137385111114,-0.989771326348307,-0.21305146348051238,0.3975771173116673,-0.5127889182414815,1.5299688197514012,0.38176338927315306,-0.48844141876396424,0.46460292892018934,-0.7121464466579731,-0.9272773252002139,-0.2936101700750784,-0.5350916834963618,-0.1688604875566989,0.16100459193050304,0.459193514220259,1.6293849735027315,2.068532157287107,1.545453588647146,0.9975259730144258,0.6755818267606792,-0.11235934543119318,0.4204948150573394,-1.4321888324747607,1.2220345059138022,-0.3504802117157851,0.2127654646806166,-0.5205180017486748,-0.21582661402082315,0.3233029223609258,-1.0879613377619908,-0.6366157229996857,-0.4775117620024157,0.7023247058136801,-0.40151421537058996,-0.7041520602716888,0.10137742807711396,-1.0499649921543845,1.207180987268578,-0.920677215307759,-0.11460696862509209,0.1631760009197427,0.27618420803531635,1.279852067782595,-1.265076050243824,-0.21766273883437068
0,1,0.32136135304769703,1.1251778204660858,-0.11920253586284073,-0.5365483935464507,-0.9345276312189612,-1.9234746404514105,1.228102839370082,0.49709441337104276,0.28782065268392804,1.0340526349499461,3.9894378401666972,-0.9620696052014361,4.267616811439966,-6.062300086790072,-3.343828378398908,-1.900910104278985,2.4873030306415584,6.746955493081549,-4.793735898118717,-2.5281725994621653,4.0869830759010295,2.740240914191836,-4.573570839138193,0.9011994826869159,1.2782653868062097,-4.404397735678759,2.1273710594051907,-0.5688995667207926,-1.5392051783658933,-0.1209832029228487,-7.327350370379674,2.631624880917323,5.078534128269705,-0.9804768293044464,1.2348407378553934,-0.1654352881642716,7.780410746707681,1.824697023248783,-1.4935897004046208,-0.838134796329917,0.20890405427642192,5.074152656791381,-3.599191365159878,0.1724246808180773,-3.6629917032645625,7.324822517515142,-1.0891818178969837,0.42496820451492856,-3.5888145606728243,0.8687495000959157,2.3982307616667238,0.6636592096699607,2.110592645044623,-1.224621505645842,-2.6457646548238833,3.4809080366821155,-0.15175500970181227,2.817150892273284,-0.5500866617446073,-3.001250329727852
1,1,-0.33425846741655424,-1.2338549814281183,-0.20536418027677458,0.1500374895312455,-0.8649007688873144,-0.3763048925129483,-0.44302180523510243,0.2852980828186187,0.4743032883875795,1.3128355758351318,0.7743902479931934,-1.0231679428757987,-0.5821585878229282,0.28708601971421627,-0.12897979680636684,0.9863473776617981,-0.3414830402557995,1.1607918534555461,-0.7676750740950805,1.838879131553111,-1.4518420228451467,-2.5745110824490376,-0.059426931276631755,1.5667137823869925,0.27188844180493466,1.0376331897951419,0.30559275561438165,-0.7000139598491243,-0.81856998343938,-0.9264835657911971,0.4057408559162496,-1.3042418099989477,-0.7256072201917533,-1.0198124595988742,0.36483476732931625,1.6427186983511515,0.6215695812148239,0.4677863815067817,-0.5063844445402316,-0.35827285533477915,0.22883580016253216,-0.6299085397311434,-1.105343919744684,-1.0954558139895436,-1.5288043602696553,-1.6021184927064247,-0.5415433950072568,-2.479429286365468,0.830620317011738,-1.4651840391183923,0.5880626171757177,0.564164283145771,-0.6223752476491784,-1.021991883784325,-1.630404164386431,0.24572854188695792,-0.6739821770776365,0.6495816723945411,0.8871983711204864,1.775476154382417
1,1,0.5620790256156253,-2.021516338961664,0.10978998324368719,0.43732485667457893,-0.5515441832551581,-0.01363175639664547,1.0009785443301178,0.2530330764536375,1.3090480091474561,-0.32795246365579384,-0.983230355966831,0.98483641662996535,-0.25574608159576084,-0.2832250072035462,-0.528868868403094,-0.6100460541155696,0.2509736231655754,-0.9737518903391501,-0.3380794746139204,-1.765886080145915,0.1391697759893241,-1.3202402142858327,0.572156569413003,1.9307490825489089,-1.6477932100850257,-1.1336373027768385,0.8118086816552637,-0.27475303501595816,0.2633595069261746,-0.2696454865179208,0.8546582912297924,0.7235736632991483,0.7356342929035413,0.529690009796361,-0.7481551016005507,0.1847067993507917,-1.2860345737200043,0.11355394641311937,-1.613832334656871,0.023924098448957657,-0.5947981234340403,0.3657954256100977,0.2859401352894695,-0.7587805710015758,0.4280895758498787,0.34119431854466853,-1.6395062147408206,-1.5379178266929026,-0.6439031406749862,0.10083320399836088,0.09447043764989685,-1.1633329255086606,0.5681315391525091,-7.743977432545648e-5,0.7951531481021202,0.09483618573711985,0.2806914329901491,0.024495381423861342,-0.8383965779937393,0.4468933354280802
1,1,-0.3809775875363088,-1.838713898598072,0.3565812659269617,-0.20243621870187206,-1.3316510795491756,0.32036534056569044,0.6261451321806748,0.8691034505144776,-1.0136038047010434,0.45686123483155083,0.9147904994299361,-0.020625371966779982,-0.1970289994288402,0.4882895571311269,1.0936464499569165,1.7503021362242894,1.46124788121971,-1.4462660520765223,0.6956292401845963,1.7204656023438005,3.455561698982918,1.389969346675261,0.07851991723375411,1.87469397364551,0.6084409668087079,1.6782147510455894,-1.2110006660657675,0.8046843320796364,0.7650164207318095,-0.441729003167742,-0.282669796135184,-1.033928926669639,0.901844800008002,-0.10363439577775543,-0.6668496192201157,-0.013300647841439724,1.6153818306901329,-2.8157051206982757,0.42175944520236913,0.899088279448366,-0.8554860272209585,1.9049667479618808,-1.7340981069539847,-1.671659247297764,-0.9179801416793634,1.724276764141621,0.9831980579779716,-0.8349258418127565,1.0904929277873296,-0.25471222081897993,0.4487569579126521,1.1350823688237413,-1.7755817701141696,1.7744698507661127,-0.6686975732991852,-0.6157518212783416,1.3625359461106745,-0.6324925942060339,0.8889234019701915,2.588953912530447
1,1,-0.6167121715204272,-1.1283279603107774,0.4194115357448241,0.6721264202874829,-2.1126504439259355,-1.0432096774977273,1.4807982905677086,0.9181504294500681,0.6945969382358582,0.2858991299933426,0.025039387659971976,-0.24370866974784738,1.132129905368854,-0.07107587651293176,0.3721563478486625,1.5206642825641081,0.28942926514784045,0.5141839701906363,0.6635052391588846,2.217153043217775,-0.5980463447779941,0.36569164855297664,-1.401633298021235,1.6606610750111594,-0.5826798234859581,-0.5919273461373116,0.5055336986487324,-1.0501904303267875,-1.2502273376296191,1.8604560392649678,1.1762173478854252,-0.457712344421353,0.5167465451381873,-1.385124498487475,-0.8011730507789003,0.07343652028718672,-0.37216118785279606,-0.39086656510442663,-0.15776830396676803,-0.418559315487154,-0.8374059577729412,-0.874261129604872,2.4958671720555476,1.2428851794749332,-0.4657299343382427,-0.5263694701407049,-0.591133374794063,-1.846284205647534,0.6444993308962128,-0.026427517500146266,-0.9389505583208925,-0.4344810413524495,0.9414543521893389,0.6378962258243713,-0.3962982049947215,0.8445510571668762,1.685082573105227,-2.2696401733292824,0.9537422081913864,0.20294844040506793
0,1,-0.2145267925455187,-0.5428563663715149,1.7630441974916247,-1.4914442177590232,0.7043152693007165,-0.6370455956429919,-0.29807306116927035,-0.1738065280826627,-0.28700348497086325,0.4768811343379084,0.25452308330190465,0.2767942091355439,-0.7383712087651223,0.305261017214645,-0.776204062431712,-0.30323131064154574,-0.643650227699759,0.4702335323321729,-0.03125629073185069,-0.14769003956308113,0.08208551407118359,0.05769100030420805,0.20198181039785754,0.74545388687026,-0.09784115537172529,-0.25413737564603933,-0.20815624148252682,0.5086633242122988,1.4089162769961632,-0.7972157132936915,-1.5782611911567672,0.1152542214446349,0.8796513085374202,0.05816569109521871,0.8104421703032457,-1.7466116221521502,0.3976520204547158,-0.611837580706135,1.0414416230977004,0.3078728258448087,-0.22456165538949635,-0.5932749283848642,-1.7778619623808356,-0.2238156548046736,1.06802749959366,-1.5047310534573346,-0.04135082927675047,-0.6992373415453191,0.08797037115693487,-0.12883023782697947,-1.2572973397896012,-0.720836558812558,-0.5193570153488638,-0.5030757418961316,0.7193739344182996,0.4585584119030313,0.5752660714348514,-0.6903316300132661,0.476135103772884,-0.703817176606012
0,1,0.6124420528251141,-0.5782365358707401,-0.3955297876216965,-0.2605653070715167,2.139987431810486,0.42587005594622646,1.306541490994457,1.5058368224512326,0.28045022781548373,-0.8678413558144207,-1.0080005239179164,0.37911947716347266,1.3114380473815155,0.17976293708750843,0.22524853138323114,1.0812801701046442,-0.12034954639328643,-0.5701392655600338,0.016013616969410137,0.8863145774010809,2.0994990794443895,-0.8877776712920734,0.21591053504579774,-0.8701815442555993,-0.27282473727380063,1.0695177410047385,1.2048543774169604,0.08614631688457755,0.3798521503076209,-0.414039312835151,-1.1380854407989447,1.046464766895799,1.436075208937308,0.21649479583391185,-0.6774651235883501,-0.7679771385065519,-0.4242562897677798,-1.1932589017492854,0.036999408097097036,1.6176053388120066,-0.9419186133563799,0.3445225296700013,0.9724665196717859,-0.14514750024714038,-0.500805426905438,1.6823747961717004,0.9018190766119407,-0.9142611801569238,-0.30054866419708115,0.12175400870822257,-0.5771721648832895,0.4108774971428975,-0.6772717564558088,-0.1047938057193635,0.8053165366536954,-0.7668337775813787,0.691232162110463,-0.8456742439315835,-0.9302601707417807,0.8288040484604604
1,1,-0.2685223855610076,-1.004196989520963,0.7061427721794996,0.9637465461794625,-1.357581221089882,-0.11347564307138978,0.7102415207404569,-0.5089712542633501,0.46866801722077156,-1.742695561430324,-0.6169073155327209,-0.6118228219891348,0.02631420254799637,1.2792740145785941,-0.19822601847921492,-1.6598337307962379,-0.7260587408130393,-0.09487243615037298,-0.39663787188706795,-0.5526828664634338,-0.4314744103739256,0.35992520069832135,0.19297564557287925,0.12100577622183421,-1.7910156234243606,0.4421617210811917,-0.0829521063978897,1.0469370619994915,-0.17078966704627013,0.2771294079928073,1.3165597731277043,-0.53793198183478,1.773876950868352,-0.6194153135072265,0.8838874020760361,-0.2665859294556256,-0.27863104357250373,0.26709249605292973,0.3130190294511616,-0.034976137844160614,0.6840129520380013,-0.41296741894356626,-0.43579149724532773,-0.5202857840176633,0.25785313279126726,-0.4226671763461276,1.2743758954570534,0.10793210359864192,-1.1468247638863138,-0.07194729878649168,0.45088433776323544,1.0418125969082566,0.3525395817127745,1.8617974857467525,-0.16951470958461426,0.571694725833346,1.2237568649601236,1.4689973556608324,0.6601848038669222,-0.5263707494663562
0,1,-0.6361029111847005,0.6768653250176305,-0.40084785941605916,0.3593989513813071,1.2966125762180543,0.6670828280625135,0.7933598573726569,1.6827578042766724,-1.476650474520482,-1.9685449706280478,0.9198397077059759,-0.7894525510614987,-1.989770533466249,-0.7764252197788238,-1.7293894605732498,-0.9068801609592216,-1.6790127412447795,-0.3744127420469681,0.6690227254168348,-1.822735015523312,0.3585017467660856,0.746108424347428,2.501846704003616,-0.08705584515260313,-0.4594391573638896,1.2578596211960411,-0.2351237711760915,1.1329810550293213,-2.8370156986660877,-0.0695799359373996,-0.641609369396762,-0.61635938664129,-0.586570013695129,-0.9254883295772023,-0.7500527656859555,0.07423538962630863,0.6007044771770018,-1.145180903827505,-1.7206449372888357,-1.8269892925351663,0.8054384476098968,-0.3777488121914886,-0.1135627517314053,-0.45843829277598414,-0.20951578977929064,0.8317982240038755,-1.7839606753238473,0.3793240498312314,-0.0782194806110751,-0.4535036071617773,1.2280532487131524,-1.8528846499267166,-1.237609118987277,1.14932827005925,0.9360947247642001,0.5692712821542721,-1.401113789444748,-1.5206996885528883,-1.8679078771045285,-0.2436173346348695
0,1,-0.08937687699781655,0.37228919948214984,-0.5688532188385085,0.37012504311741545,2.022869254882128,1.6288519154471979,-2.18312156423781,-1.160962310346494,1.2479746120727746,2.0786214884051137,3.8432502007353957,-3.272595947701139,0.749304414001702,-2.1045391957813604,-0.6509181804071427,-1.9557021322374761,1.0690787274723517,-2.2451332185940442,-0.3125307125348557,0.553587089747509,0.37394531064432884,2.1240665575543995,0.31384029755467197,-1.122962641394281,-2.3007083786545577,-1.7851919447339626,1.2544825315685884,0.4018654531120289,2.6998990961839553,-1.7936199303539175,1.5128764999149764,-0.7997351910959087,3.623935282963983,-1.0355745693669811,-0.8313748591572986,-0.9964409167558026,-2.995197001607631,1.6803299766567104,0.29461766083121366,-1.4852603521036445,0.1951205322879644,-4.815473590432891,-0.13107944165412028,-0.14266269974953458,-2.5235441106601515,-1.358012285649663,-0.35368828345905073,0.7740023733154712,-2.9088579734400404,-0.24089523867675722,2.4920404365904605,-0.7430251508768339,-2.2610239217786217,2.6109942414812024,0.01553355228075351,-0.7295958661316859,2.9728867851512075,4.883869822732571,-1.21094802460201,2.321531265693031
0,1,-0.6663602770450242,0.7955075829610435,1.772685269605238,-0.5141058252172875,0.5799028913591147,0.17739821844105252,-0.9370879281274913,0.45787749077376094,0.20223425281959936,0.5023737392254972,0.24048752679994637,0.41536992914331106,-0.04947324327968649,-0.17529663591376599,-0.7092506585010893,-0.3658525305081889,0.05763122140408517,0.3563053575970127,-0.7072344776194198,0.5812743115315969,0.5288750395873388,1.04273289190236,-1.036705141532504,0.5407467238689713,-0.64906160425126,-1.8180437362405084,0.04224883415186939,0.14549362647338798,-1.0108469359605923,-1.2823811382808032,-1.8008126059973553,-1.1534579016706201,1.7448844164204198,-3.839213732473749,0.48750169755818573,-1.2097339257359234,0.2143880127322954,1.9865974602258532,-1.5773848744699475,0.3913911167380306,0.5119812091494661,-0.06329141110521055,-1.0813724842491605,1.0428807349283578,2.4129988244266913,-0.7171643052501139,0.8524006896957845,1.338931480594845,-0.739794027619904,-2.4183853780798006,-2.4067234050502795,-0.5058579778912213,0.5273412149342608,0.399188217917317,1.6240655598874136,0.9469507600922074,-0.9615683544090888,-0.42715206217487106,-2.9739519289375487,2.908123998939603
0,1,-0.4831946187513375,0.09615341976170111,0.8121112827503615,-0.16065779643819852,0.8436550034677869,-0.5394796838160888,0.18670523204443912,-0.17928375276671044,-0.49532854828032447,2.4215433522457372,-0.01374912746877707,0.36731251720131747,-0.22798672652511964,-0.27792606903155276,0.29980804721092774,0.22210133959292389,-0.19641584181326294,1.3710384605509958,0.06601892818376141,0.6040461684414363,-1.1942347461514522,0.0727184645581913,0.9004808376866383,-1.741744854990977,-1.2941864442724287,-1.5236872109428916,-0.08318991039678221,0.39329135143949556,0.43525590331193603,-0.6126524689763642,0.33801334958616575,1.611446941294807,-1.2067724091038599,1.4028976529705626,-0.3469875220976248,-1.0795764700834314,0.40810807058683746,0.3860713849916969,-0.36769743695945756,-0.44838969614566415,-0.1322600607458603,-0.8062898200767151,-1.172547648852773,0.13459689483328585,0.16594570691035515,1.2321680500595702,-0.610572200617015,-1.051543837829688,0.45463841679413475,-0.40523049237941317,0.5934647992228225,-0.8618992541863754,0.6580007757581126,0.6713195254259579,-0.5012388339392948,0.5171897492515808,1.142383017145885,-0.9558687999279114,1.1996603947272313,1.6996144776097506
